ISO-10303-21;
HEADER;
FILE_DESCRIPTION(('Open CASCADE Model'),'2;1');
FILE_NAME('Open CASCADE Shape Model','2026-09-26T01:34:58',('Author'),(
    'Open CASCADE'),'Open CASCADE STEP processor 8.0','build123d',
  'Unknown');
FILE_SCHEMA(('AUTOMOTIVE_DESIGN { 1 0 10303 214 1 1 1 1 }'));
ENDSEC;
DATA;
#1 = APPLICATION_PROTOCOL_DEFINITION('international standard',
  'automotive_design',2000,#2);
#2 = APPLICATION_CONTEXT(
  'core data for automotive mechanical design processes');
#3 = SHAPE_DEFINITION_REPRESENTATION(#4,#10);
#4 = PRODUCT_DEFINITION_SHAPE('','',#5);
#5 = PRODUCT_DEFINITION('design','',#6,#9);
#6 = PRODUCT_DEFINITION_FORMATION('','',#7);
#7 = PRODUCT('COMPOUND','COMPOUND','',(#8));
#8 = PRODUCT_CONTEXT('',#2,'mechanical');
#9 = PRODUCT_DEFINITION_CONTEXT('part definition',#2,'design');
#10 = SHAPE_REPRESENTATION('',(#11,#15,#19,#23,#27),#31);
#11 = AXIS2_PLACEMENT_3D('',#12,#13,#14);
#12 = CARTESIAN_POINT('',(0.,0.,0.));
#13 = DIRECTION('',(0.,0.,1.));
#14 = DIRECTION('',(1.,0.,-0.));
#15 = AXIS2_PLACEMENT_3D('',#16,#17,#18);
#16 = CARTESIAN_POINT('',(0.,0.,0.));
#17 = DIRECTION('',(0.,0.,1.));
#18 = DIRECTION('',(1.,0.,-0.));
#19 = AXIS2_PLACEMENT_3D('',#20,#21,#22);
#20 = CARTESIAN_POINT('',(300.,0.,0.));
#21 = DIRECTION('',(0.,0.,1.));
#22 = DIRECTION('',(1.,0.,-0.));
#23 = AXIS2_PLACEMENT_3D('',#24,#25,#26);
#24 = CARTESIAN_POINT('',(600.,0.,0.));
#25 = DIRECTION('',(0.,0.,1.));
#26 = DIRECTION('',(1.,0.,-0.));
#27 = AXIS2_PLACEMENT_3D('',#28,#29,#30);
#28 = CARTESIAN_POINT('',(900.,0.,0.));
#29 = DIRECTION('',(0.,0.,1.));
#30 = DIRECTION('',(1.,0.,-0.));
#31 = ( GEOMETRIC_REPRESENTATION_CONTEXT(3) 
GLOBAL_UNCERTAINTY_ASSIGNED_CONTEXT((#35)) GLOBAL_UNIT_ASSIGNED_CONTEXT(
(#32,#33,#34)) REPRESENTATION_CONTEXT('Context #1',
  '3D Context with UNIT and UNCERTAINTY') );
#32 = ( LENGTH_UNIT() NAMED_UNIT(*) SI_UNIT(.MILLI.,.METRE.) );
#33 = ( NAMED_UNIT(*) PLANE_ANGLE_UNIT() SI_UNIT($,.RADIAN.) );
#34 = ( NAMED_UNIT(*) SI_UNIT($,.STERADIAN.) SOLID_ANGLE_UNIT() );
#35 = UNCERTAINTY_MEASURE_WITH_UNIT(LENGTH_MEASURE(1.E-07),#32,
  'distance_accuracy_value','confusion accuracy');
#36 = PRODUCT_RELATED_PRODUCT_CATEGORY('part',$,(#7));
#37 = SHAPE_DEFINITION_REPRESENTATION(#38,#44);
#38 = PRODUCT_DEFINITION_SHAPE('','',#39);
#39 = PRODUCT_DEFINITION('design','',#40,#43);
#40 = PRODUCT_DEFINITION_FORMATION('','',#41);
#41 = PRODUCT('S foot x6','S foot x6','',(#42));
#42 = PRODUCT_CONTEXT('',#2,'mechanical');
#43 = PRODUCT_DEFINITION_CONTEXT('part definition',#2,'design');
#44 = ADVANCED_BREP_SHAPE_REPRESENTATION('',(#11,#45),#2422);
#45 = MANIFOLD_SOLID_BREP('',#46);
#46 = CLOSED_SHELL('',(#47,#136,#902,#1163,#1666,#1670,#1697,#1724,#1731
    ,#1786,#2016,#2091,#2254,#2281,#2307,#2334,#2361,#2388,#2415));
#47 = ADVANCED_FACE('',(#48),#63,.T.);
#48 = FACE_BOUND('',#49,.T.);
#49 = EDGE_LOOP('',(#50,#81,#108,#109));
#50 = ORIENTED_EDGE('',*,*,#51,.T.);
#51 = EDGE_CURVE('',#52,#54,#56,.T.);
#52 = VERTEX_POINT('',#53);
#53 = CARTESIAN_POINT('',(29.999999999999,-7.347880794884E-15,
    -29.3938769134));
#54 = VERTEX_POINT('',#55);
#55 = CARTESIAN_POINT('',(17.009999999999,-4.166248410699E-15,
    38.40130075922));
#56 = SEAM_CURVE('',#57,(#62,#74),.PCURVE_S1.);
#57 = CIRCLE('',#58,42.);
#58 = AXIS2_PLACEMENT_3D('',#59,#60,#61);
#59 = CARTESIAN_POINT('',(0.,0.,0.));
#60 = DIRECTION('',(-2.449293598295E-16,-1.,0.));
#61 = DIRECTION('',(1.,-2.449293598295E-16,0.));
#62 = PCURVE('',#63,#68);
#63 = SPHERICAL_SURFACE('',#64,42.);
#64 = AXIS2_PLACEMENT_3D('',#65,#66,#67);
#65 = CARTESIAN_POINT('',(0.,0.,0.));
#66 = DIRECTION('',(0.,0.,1.));
#67 = DIRECTION('',(1.,0.,-0.));
#68 = DEFINITIONAL_REPRESENTATION('',(#69),#73);
#69 = LINE('',#70,#71);
#70 = CARTESIAN_POINT('',(6.28318530718,-6.28318530718));
#71 = VECTOR('',#72,1.);
#72 = DIRECTION('',(0.,1.));
#73 = ( GEOMETRIC_REPRESENTATION_CONTEXT(2) 
PARAMETRIC_REPRESENTATION_CONTEXT() REPRESENTATION_CONTEXT('2D SPACE',''
  ) );
#74 = PCURVE('',#63,#75);
#75 = DEFINITIONAL_REPRESENTATION('',(#76),#80);
#76 = LINE('',#77,#78);
#77 = CARTESIAN_POINT('',(0.,-6.28318530718));
#78 = VECTOR('',#79,1.);
#79 = DIRECTION('',(0.,1.));
#80 = ( GEOMETRIC_REPRESENTATION_CONTEXT(2) 
PARAMETRIC_REPRESENTATION_CONTEXT() REPRESENTATION_CONTEXT('2D SPACE',''
  ) );
#81 = ORIENTED_EDGE('',*,*,#82,.F.);
#82 = EDGE_CURVE('',#54,#54,#83,.T.);
#83 = SURFACE_CURVE('',#84,(#89,#96),.PCURVE_S1.);
#84 = CIRCLE('',#85,17.01);
#85 = AXIS2_PLACEMENT_3D('',#86,#87,#88);
#86 = CARTESIAN_POINT('',(0.,0.,38.401300759219));
#87 = DIRECTION('',(0.,0.,1.));
#88 = DIRECTION('',(0.,-1.,0.));
#89 = PCURVE('',#63,#90);
#90 = DEFINITIONAL_REPRESENTATION('',(#91),#95);
#91 = LINE('',#92,#93);
#92 = CARTESIAN_POINT('',(-1.570796326795,1.153817496175));
#93 = VECTOR('',#94,1.);
#94 = DIRECTION('',(1.,0.));
#95 = ( GEOMETRIC_REPRESENTATION_CONTEXT(2) 
PARAMETRIC_REPRESENTATION_CONTEXT() REPRESENTATION_CONTEXT('2D SPACE',''
  ) );
#96 = PCURVE('',#97,#102);
#97 = CYLINDRICAL_SURFACE('',#98,17.01);
#98 = AXIS2_PLACEMENT_3D('',#99,#100,#101);
#99 = CARTESIAN_POINT('',(0.,0.,0.));
#100 = DIRECTION('',(0.,0.,1.));
#101 = DIRECTION('',(1.,0.,-0.));
#102 = DEFINITIONAL_REPRESENTATION('',(#103),#107);
#103 = LINE('',#104,#105);
#104 = CARTESIAN_POINT('',(-1.570796326795,38.401300759219));
#105 = VECTOR('',#106,1.);
#106 = DIRECTION('',(1.,0.));
#107 = ( GEOMETRIC_REPRESENTATION_CONTEXT(2) 
PARAMETRIC_REPRESENTATION_CONTEXT() REPRESENTATION_CONTEXT('2D SPACE',''
  ) );
#108 = ORIENTED_EDGE('',*,*,#51,.F.);
#109 = ORIENTED_EDGE('',*,*,#110,.T.);
#110 = EDGE_CURVE('',#52,#52,#111,.T.);
#111 = SURFACE_CURVE('',#112,(#117,#124),.PCURVE_S1.);
#112 = CIRCLE('',#113,30.);
#113 = AXIS2_PLACEMENT_3D('',#114,#115,#116);
#114 = CARTESIAN_POINT('',(0.,0.,-29.39387691339));
#115 = DIRECTION('',(0.,0.,1.));
#116 = DIRECTION('',(0.,-1.,0.));
#117 = PCURVE('',#63,#118);
#118 = DEFINITIONAL_REPRESENTATION('',(#119),#123);
#119 = LINE('',#120,#121);
#120 = CARTESIAN_POINT('',(-1.570796326795,-0.77519337331));
#121 = VECTOR('',#122,1.);
#122 = DIRECTION('',(1.,0.));
#123 = ( GEOMETRIC_REPRESENTATION_CONTEXT(2) 
PARAMETRIC_REPRESENTATION_CONTEXT() REPRESENTATION_CONTEXT('2D SPACE',''
  ) );
#124 = PCURVE('',#125,#130);
#125 = CYLINDRICAL_SURFACE('',#126,30.);
#126 = AXIS2_PLACEMENT_3D('',#127,#128,#129);
#127 = CARTESIAN_POINT('',(0.,0.,-48.));
#128 = DIRECTION('',(0.,0.,1.));
#129 = DIRECTION('',(1.,0.,-0.));
#130 = DEFINITIONAL_REPRESENTATION('',(#131),#135);
#131 = LINE('',#132,#133);
#132 = CARTESIAN_POINT('',(-1.570796326795,18.606123086602));
#133 = VECTOR('',#134,1.);
#134 = DIRECTION('',(1.,0.));
#135 = ( GEOMETRIC_REPRESENTATION_CONTEXT(2) 
PARAMETRIC_REPRESENTATION_CONTEXT() REPRESENTATION_CONTEXT('2D SPACE',''
  ) );
#136 = ADVANCED_FACE('',(#137,#191,#386,#644),#97,.T.);
#137 = FACE_BOUND('',#138,.T.);
#138 = EDGE_LOOP('',(#139,#162,#163,#164));
#139 = ORIENTED_EDGE('',*,*,#140,.F.);
#140 = EDGE_CURVE('',#54,#141,#143,.T.);
#141 = VERTEX_POINT('',#142);
#142 = CARTESIAN_POINT('',(17.01,-4.166248410699E-15,110.));
#143 = SEAM_CURVE('',#144,(#148,#155),.PCURVE_S1.);
#144 = LINE('',#145,#146);
#145 = CARTESIAN_POINT('',(17.01,-4.166248410699E-15,0.));
#146 = VECTOR('',#147,1.);
#147 = DIRECTION('',(0.,0.,1.));
#148 = PCURVE('',#97,#149);
#149 = DEFINITIONAL_REPRESENTATION('',(#150),#154);
#150 = LINE('',#151,#152);
#151 = CARTESIAN_POINT('',(0.,-0.));
#152 = VECTOR('',#153,1.);
#153 = DIRECTION('',(0.,1.));
#154 = ( GEOMETRIC_REPRESENTATION_CONTEXT(2) 
PARAMETRIC_REPRESENTATION_CONTEXT() REPRESENTATION_CONTEXT('2D SPACE',''
  ) );
#155 = PCURVE('',#97,#156);
#156 = DEFINITIONAL_REPRESENTATION('',(#157),#161);
#157 = LINE('',#158,#159);
#158 = CARTESIAN_POINT('',(6.28318530718,-0.));
#159 = VECTOR('',#160,1.);
#160 = DIRECTION('',(0.,1.));
#161 = ( GEOMETRIC_REPRESENTATION_CONTEXT(2) 
PARAMETRIC_REPRESENTATION_CONTEXT() REPRESENTATION_CONTEXT('2D SPACE',''
  ) );
#162 = ORIENTED_EDGE('',*,*,#82,.T.);
#163 = ORIENTED_EDGE('',*,*,#140,.T.);
#164 = ORIENTED_EDGE('',*,*,#165,.F.);
#165 = EDGE_CURVE('',#141,#141,#166,.T.);
#166 = SURFACE_CURVE('',#167,(#172,#179),.PCURVE_S1.);
#167 = CIRCLE('',#168,17.01);
#168 = AXIS2_PLACEMENT_3D('',#169,#170,#171);
#169 = CARTESIAN_POINT('',(0.,0.,110.));
#170 = DIRECTION('',(0.,0.,1.));
#171 = DIRECTION('',(1.,0.,-0.));
#172 = PCURVE('',#97,#173);
#173 = DEFINITIONAL_REPRESENTATION('',(#174),#178);
#174 = LINE('',#175,#176);
#175 = CARTESIAN_POINT('',(0.,110.));
#176 = VECTOR('',#177,1.);
#177 = DIRECTION('',(1.,0.));
#178 = ( GEOMETRIC_REPRESENTATION_CONTEXT(2) 
PARAMETRIC_REPRESENTATION_CONTEXT() REPRESENTATION_CONTEXT('2D SPACE',''
  ) );
#179 = PCURVE('',#180,#185);
#180 = PLANE('',#181);
#181 = AXIS2_PLACEMENT_3D('',#182,#183,#184);
#182 = CARTESIAN_POINT('',(0.,0.,110.));
#183 = DIRECTION('',(0.,0.,1.));
#184 = DIRECTION('',(1.,0.,-0.));
#185 = DEFINITIONAL_REPRESENTATION('',(#186),#190);
#186 = CIRCLE('',#187,17.01);
#187 = AXIS2_PLACEMENT_2D('',#188,#189);
#188 = CARTESIAN_POINT('',(0.,0.));
#189 = DIRECTION('',(1.,0.));
#190 = ( GEOMETRIC_REPRESENTATION_CONTEXT(2) 
PARAMETRIC_REPRESENTATION_CONTEXT() REPRESENTATION_CONTEXT('2D SPACE',''
  ) );
#191 = FACE_BOUND('',#192,.T.);
#192 = EDGE_LOOP('',(#193));
#193 = ORIENTED_EDGE('',*,*,#194,.F.);
#194 = EDGE_CURVE('',#195,#195,#197,.T.);
#195 = VERTEX_POINT('',#196);
#196 = CARTESIAN_POINT('',(-7.347880794884E-16,17.01,73.));
#197 = SURFACE_CURVE('',#198,(#257,#319),.PCURVE_S1.);
#198 = B_SPLINE_CURVE_WITH_KNOTS('',8,(#199,#200,#201,#202,#203,#204,
    #205,#206,#207,#208,#209,#210,#211,#212,#213,#214,#215,#216,#217,
    #218,#219,#220,#221,#222,#223,#224,#225,#226,#227,#228,#229,#230,
    #231,#232,#233,#234,#235,#236,#237,#238,#239,#240,#241,#242,#243,
    #244,#245,#246,#247,#248,#249,#250,#251,#252,#253,#254,#255,#256),
  .UNSPECIFIED.,.T.,.F.,(9,7,7,7,7,7,7,7,9),(0.,7.945549772246E-02,
    0.178400300253,0.378474839895,0.478106229885,0.578613223876,
    0.749943340834,0.879842278062,1.),.UNSPECIFIED.);
#199 = CARTESIAN_POINT('',(0.,17.01,73.));
#200 = CARTESIAN_POINT('',(0.227339116563,17.01,73.));
#201 = CARTESIAN_POINT('',(0.452781003452,17.006527519625,72.98031126079
    ));
#202 = CARTESIAN_POINT('',(0.673761504899,16.999684176956,
    72.941508581728));
#203 = CARTESIAN_POINT('',(0.887818779278,16.989785031814,
    72.884680945462));
#204 = CARTESIAN_POINT('',(1.092680873456,16.977339652953,
    72.811412229823));
#205 = CARTESIAN_POINT('',(1.286348597202,16.962991125121,
    72.723769687784));
#206 = CARTESIAN_POINT('',(1.467171794053,16.947435494986,
    72.624297374924));
#207 = CARTESIAN_POINT('',(1.841562671959,16.911305837837,
    72.381165095989));
#208 = CARTESIAN_POINT('',(2.029655088227,16.890216952727,
    72.231172036345));
#209 = CARTESIAN_POINT('',(2.19844756034,16.869007528552,72.069074276232
    ));
#210 = CARTESIAN_POINT('',(2.348419808082,16.848445176934,
    71.897320779074));
#211 = CARTESIAN_POINT('',(2.480155345659,16.829129722498,
    71.717890341858));
#212 = CARTESIAN_POINT('',(2.594253107048,16.811516241829,
    71.532383939821));
#213 = CARTESIAN_POINT('',(2.691263453055,16.795947052353,
    71.342093060973));
#214 = CARTESIAN_POINT('',(2.934163759228,16.75583235452,70.755679847505
    ));
#215 = CARTESIAN_POINT('',(3.028424195419,16.738417798338,
    70.348562446865));
#216 = CARTESIAN_POINT('',(3.058667943691,16.732430451104,
    69.934930244601));
#217 = CARTESIAN_POINT('',(3.026297808036,16.738524783091,
    69.520313501137));
#218 = CARTESIAN_POINT('',(2.930561018466,16.756555425751,
    69.110306957679));
#219 = CARTESIAN_POINT('',(2.768801824896,16.785444989859,
    68.711720211584));
#220 = CARTESIAN_POINT('',(2.536745287267,16.822636950183,
    68.333911413379));
#221 = CARTESIAN_POINT('',(2.076402494965,16.883497291537,
    67.822648947137));
#222 = CARTESIAN_POINT('',(1.903082503334,16.904796364626,
    67.659935529193));
#223 = CARTESIAN_POINT('',(1.709384346127,16.926433460334,67.50810348215
    ));
#224 = CARTESIAN_POINT('',(1.495766074688,16.947468955843,
    67.370755549703));
#225 = CARTESIAN_POINT('',(1.263195805828,16.96681101408,67.251449100435
    ));
#226 = CARTESIAN_POINT('',(1.013149266155,16.983303338034,
    67.153702389288));
#227 = CARTESIAN_POINT('',(0.747643022027,16.995842487998,
    67.081019644242));
#228 = CARTESIAN_POINT('',(0.188517598479,17.011274550659,
    66.992462876962));
#229 = CARTESIAN_POINT('',(-9.845247160017E-02,17.013891484733,
    66.978182713185));
#230 = CARTESIAN_POINT('',(-0.385826905887,17.01081935854,
    66.995543188459));
#231 = CARTESIAN_POINT('',(-0.667611956183,17.002077911265,
    67.044172473462));
#232 = CARTESIAN_POINT('',(-0.938014746576,16.988388814078,
    67.121967036842));
#233 = CARTESIAN_POINT('',(-1.191835016263,16.971026969717,
    67.225132936567));
#234 = CARTESIAN_POINT('',(-1.4248135691,16.951523169754,67.348194872156
    ));
#235 = CARTESIAN_POINT('',(-1.990367256894,16.896945822802,
    67.715469731371));
#236 = CARTESIAN_POINT('',(-2.28913595808,16.859457465838,
    67.991544136837));
#237 = CARTESIAN_POINT('',(-2.531732976774,16.823568078167,
    68.296925850263));
#238 = CARTESIAN_POINT('',(-2.721346579378,16.79254653363,
    68.621558620549));
#239 = CARTESIAN_POINT('',(-2.861118403366,16.768242676952,
    68.958415844586));
#240 = CARTESIAN_POINT('',(-2.953547376844,16.75168333018,
    69.302627663533));
#241 = CARTESIAN_POINT('',(-3.,16.743359877874,69.650804957525));
#242 = CARTESIAN_POINT('',(-3.,16.743359877874,70.264752430617));
#243 = CARTESIAN_POINT('',(-2.973298304569,16.748144135377,
    70.52922772003));
#244 = CARTESIAN_POINT('',(-2.919988394584,16.75769609561,
    70.791931359668));
#245 = CARTESIAN_POINT('',(-2.839692519209,16.771836826857,
    71.051248128562));
#246 = CARTESIAN_POINT('',(-2.731644458359,16.790216291356,
    71.305273106722));
#247 = CARTESIAN_POINT('',(-2.594772957178,16.812251670459,
    71.551604840859));
#248 = CARTESIAN_POINT('',(-2.427808298143,16.837039135804,
    71.787075370071));
#249 = CARTESIAN_POINT('',(-2.045936851142,16.887525049794,
    72.211186578165));
#250 = CARTESIAN_POINT('',(-1.831121536542,16.913603017881,
    72.40694926864));
#251 = CARTESIAN_POINT('',(-1.585151145413,16.940105240028,
    72.586300935041));
#252 = CARTESIAN_POINT('',(-1.309885271723,16.965107260066,
    72.741636435011));
#253 = CARTESIAN_POINT('',(-1.008643696143,16.986398640595,
    72.866174539731));
#254 = CARTESIAN_POINT('',(-0.685985089851,17.001884269633,
    72.953985622172));
#255 = CARTESIAN_POINT('',(-0.347547887465,17.01,73.));
#256 = CARTESIAN_POINT('',(0.,17.01,73.));
#257 = PCURVE('',#97,#258);
#258 = DEFINITIONAL_REPRESENTATION('',(#259),#318);
#259 = B_SPLINE_CURVE_WITH_KNOTS('',8,(#260,#261,#262,#263,#264,#265,
    #266,#267,#268,#269,#270,#271,#272,#273,#274,#275,#276,#277,#278,
    #279,#280,#281,#282,#283,#284,#285,#286,#287,#288,#289,#290,#291,
    #292,#293,#294,#295,#296,#297,#298,#299,#300,#301,#302,#303,#304,
    #305,#306,#307,#308,#309,#310,#311,#312,#313,#314,#315,#316,#317),
  .UNSPECIFIED.,.T.,.F.,(9,7,7,7,7,7,7,7,9),(0.,7.945549772246E-02,
    0.178400300253,0.378474839895,0.478106229885,0.578613223876,
    0.749943340834,0.879842278062,1.),.UNSPECIFIED.);
#260 = CARTESIAN_POINT('',(1.570796326795,73.));
#261 = CARTESIAN_POINT('',(1.557431299366,73.));
#262 = CARTESIAN_POINT('',(1.54417780637,72.98031126079));
#263 = CARTESIAN_POINT('',(1.531182964533,72.941508581728));
#264 = CARTESIAN_POINT('',(1.518588091512,72.884680945462));
#265 = CARTESIAN_POINT('',(1.506524502692,72.811412229823));
#266 = CARTESIAN_POINT('',(1.495109139577,72.723769687784));
#267 = CARTESIAN_POINT('',(1.48444004838,72.624297374924));
#268 = CARTESIAN_POINT('',(1.462327753309,72.381165095989));
#269 = CARTESIAN_POINT('',(1.451202041107,72.231172036345));
#270 = CARTESIAN_POINT('',(1.441202209662,72.069074276232));
#271 = CARTESIAN_POINT('',(1.432303918722,71.897320779074));
#272 = CARTESIAN_POINT('',(1.424477003278,71.717890341858));
#273 = CARTESIAN_POINT('',(1.417690072719,71.532383939821));
#274 = CARTESIAN_POINT('',(1.411914014268,71.342093060973));
#275 = CARTESIAN_POINT('',(1.397440735584,70.755679847505));
#276 = CARTESIAN_POINT('',(1.391806501924,70.348562446865));
#277 = CARTESIAN_POINT('',(1.389993545473,69.934930244601));
#278 = CARTESIAN_POINT('',(1.391930144564,69.520313501137));
#279 = CARTESIAN_POINT('',(1.397657654084,69.110306957679));
#280 = CARTESIAN_POINT('',(1.407317110241,68.711720211584));
#281 = CARTESIAN_POINT('',(1.421128356476,68.333911413379));
#282 = CARTESIAN_POINT('',(1.44842691223,67.822648947137));
#283 = CARTESIAN_POINT('',(1.458692405041,67.659935529193));
#284 = CARTESIAN_POINT('',(1.470149405777,67.50810348215));
#285 = CARTESIAN_POINT('',(1.48276618546,67.370755549703));
#286 = CARTESIAN_POINT('',(1.496482366837,67.251449100435));
#287 = CARTESIAN_POINT('',(1.511210243135,67.153702389288));
#288 = CARTESIAN_POINT('',(1.526833447432,67.081019644242));
#289 = CARTESIAN_POINT('',(1.559716360321,66.992462876962));
#290 = CARTESIAN_POINT('',(1.576584863802,66.978182713185));
#291 = CARTESIAN_POINT('',(1.593474701107,66.995543188459));
#292 = CARTESIAN_POINT('',(1.61004197096,67.044172473462));
#293 = CARTESIAN_POINT('',(1.625953692109,67.121967036842));
#294 = CARTESIAN_POINT('',(1.640907485037,67.225132936567));
#295 = CARTESIAN_POINT('',(1.654650841347,67.348194872156));
#296 = CARTESIAN_POINT('',(1.688053605039,67.715469731371));
#297 = CARTESIAN_POINT('',(1.705748376005,67.991544136837));
#298 = CARTESIAN_POINT('',(1.720161377374,68.296925850263));
#299 = CARTESIAN_POINT('',(1.731455664975,68.621558620549));
#300 = CARTESIAN_POINT('',(1.739795792291,68.958415844586));
#301 = CARTESIAN_POINT('',(1.745316145146,69.302627663533));
#302 = CARTESIAN_POINT('',(1.748090532883,69.650804957525));
#303 = CARTESIAN_POINT('',(1.748090532883,70.264752430617));
#304 = CARTESIAN_POINT('',(1.746495771036,70.52922772003));
#305 = CARTESIAN_POINT('',(1.743311821477,70.791931359668));
#306 = CARTESIAN_POINT('',(1.738518700523,71.051248128562));
#307 = CARTESIAN_POINT('',(1.732075661075,71.305273106722));
#308 = CARTESIAN_POINT('',(1.723926276824,71.551604840859));
#309 = CARTESIAN_POINT('',(1.714004279664,71.787075370071));
#310 = CARTESIAN_POINT('',(1.691359113581,72.211186578165));
#311 = CARTESIAN_POINT('',(1.67863836197,72.40694926864));
#312 = CARTESIAN_POINT('',(1.66409654782,72.586300935041));
#313 = CARTESIAN_POINT('',(1.647852301137,72.741636435011));
#314 = CARTESIAN_POINT('',(1.630106379648,72.866174539731));
#315 = CARTESIAN_POINT('',(1.611124682234,72.953985622172));
#316 = CARTESIAN_POINT('',(1.591228301367,73.));
#317 = CARTESIAN_POINT('',(1.570796326795,73.));
#318 = ( GEOMETRIC_REPRESENTATION_CONTEXT(2) 
PARAMETRIC_REPRESENTATION_CONTEXT() REPRESENTATION_CONTEXT('2D SPACE',''
  ) );
#319 = PCURVE('',#320,#325);
#320 = CYLINDRICAL_SURFACE('',#321,3.);
#321 = AXIS2_PLACEMENT_3D('',#322,#323,#324);
#322 = CARTESIAN_POINT('',(0.,0.,70.));
#323 = DIRECTION('',(0.,1.,0.));
#324 = DIRECTION('',(0.,-0.,1.));
#325 = DEFINITIONAL_REPRESENTATION('',(#326),#385);
#326 = B_SPLINE_CURVE_WITH_KNOTS('',8,(#327,#328,#329,#330,#331,#332,
    #333,#334,#335,#336,#337,#338,#339,#340,#341,#342,#343,#344,#345,
    #346,#347,#348,#349,#350,#351,#352,#353,#354,#355,#356,#357,#358,
    #359,#360,#361,#362,#363,#364,#365,#366,#367,#368,#369,#370,#371,
    #372,#373,#374,#375,#376,#377,#378,#379,#380,#381,#382,#383,#384),
  .UNSPECIFIED.,.F.,.F.,(9,7,7,7,7,7,7,7,9),(0.,7.945549772246E-02,
    0.178400300253,0.378474839895,0.478106229885,0.578613223876,
    0.749943340834,0.879842278062,1.),.UNSPECIFIED.);
#327 = CARTESIAN_POINT('',(0.,17.01));
#328 = CARTESIAN_POINT('',(7.57797055211E-02,17.01));
#329 = CARTESIAN_POINT('',(0.150926971379,17.006527519625));
#330 = CARTESIAN_POINT('',(0.225250371518,16.999684176956));
#331 = CARTESIAN_POINT('',(0.298545475459,16.989785031814));
#332 = CARTESIAN_POINT('',(0.370580002759,16.977339652953));
#333 = CARTESIAN_POINT('',(0.441075764055,16.962991125121));
#334 = CARTESIAN_POINT('',(0.509684990465,16.947435494986));
#335 = CARTESIAN_POINT('',(0.658488303794,16.911305837837));
#336 = CARTESIAN_POINT('',(0.738301570945,16.890216952727));
#337 = CARTESIAN_POINT('',(0.815773241972,16.869007528552));
#338 = CARTESIAN_POINT('',(0.891213685304,16.848445176934));
#339 = CARTESIAN_POINT('',(0.964904398926,16.829129722498));
#340 = CARTESIAN_POINT('',(1.03711047956,16.811516241829));
#341 = CARTESIAN_POINT('',(1.108087120381,16.795947052353));
#342 = CARTESIAN_POINT('',(1.319663483183,16.75583235452));
#343 = CARTESIAN_POINT('',(1.457064259707,16.738417798338));
#344 = CARTESIAN_POINT('',(1.592621419295,16.732430451104));
#345 = CARTESIAN_POINT('',(1.728098103216,16.738524783091));
#346 = CARTESIAN_POINT('',(1.86512129027,16.756555425751));
#347 = CARTESIAN_POINT('',(2.005396199936,16.785444989859));
#348 = CARTESIAN_POINT('',(2.150745012528,16.822636950183));
#349 = CARTESIAN_POINT('',(2.380068848527,16.883497291537));
#350 = CARTESIAN_POINT('',(2.459033789727,16.904796364626));
#351 = CARTESIAN_POINT('',(2.540521903249,16.926433460334));
#352 = CARTESIAN_POINT('',(2.624420237907,16.947468955843));
#353 = CARTESIAN_POINT('',(2.710692477914,16.96681101408));
#354 = CARTESIAN_POINT('',(2.799373528341,16.983303338034));
#355 = CARTESIAN_POINT('',(2.890576632455,16.995842487998));
#356 = CARTESIAN_POINT('',(3.079274963216,17.011274550659));
#357 = CARTESIAN_POINT('',(3.174498361075,17.013891484733));
#358 = CARTESIAN_POINT('',(3.26950280657,17.01081935854));
#359 = CARTESIAN_POINT('',(3.363680787824,17.002077911265));
#360 = CARTESIAN_POINT('',(3.456409505735,16.988388814078));
#361 = CARTESIAN_POINT('',(3.546969751723,16.971026969717));
#362 = CARTESIAN_POINT('',(3.63444217986,16.951523169754));
#363 = CARTESIAN_POINT('',(3.859223999011,16.896945822802));
#364 = CARTESIAN_POINT('',(3.992867611964,16.859457465838));
#365 = CARTESIAN_POINT('',(4.120458063427,16.823568078167));
#366 = CARTESIAN_POINT('',(4.24334952681,16.79254653363));
#367 = CARTESIAN_POINT('',(4.362793443654,16.768242676952));
#368 = CARTESIAN_POINT('',(4.479931039755,16.75168333018));
#369 = CARTESIAN_POINT('',(4.595990632893,16.743359877874));
#370 = CARTESIAN_POINT('',(4.80063979059,16.743359877874));
#371 = CARTESIAN_POINT('',(4.888798047355,16.748144135377));
#372 = CARTESIAN_POINT('',(4.977413870048,16.75769609561));
#373 = CARTESIAN_POINT('',(5.066984968733,16.771836826857));
#374 = CARTESIAN_POINT('',(5.158017216334,16.790216291356));
#375 = CARTESIAN_POINT('',(5.251035518176,16.812251670459));
#376 = CARTESIAN_POINT('',(5.346605591338,16.837039135804));
#377 = CARTESIAN_POINT('',(5.536838232206,16.887525049794));
#378 = CARTESIAN_POINT('',(5.633244757993,16.913603017881));
#379 = CARTESIAN_POINT('',(5.733698655077,16.940105240028));
#380 = CARTESIAN_POINT('',(5.837601040855,16.965107260066));
#381 = CARTESIAN_POINT('',(5.944601475273,16.986398640595));
#382 = CARTESIAN_POINT('',(6.054523663967,17.001884269633));
#383 = CARTESIAN_POINT('',(6.167336011358,17.01));
#384 = CARTESIAN_POINT('',(6.28318530718,17.01));
#385 = ( GEOMETRIC_REPRESENTATION_CONTEXT(2) 
PARAMETRIC_REPRESENTATION_CONTEXT() REPRESENTATION_CONTEXT('2D SPACE',''
  ) );
#386 = FACE_BOUND('',#387,.T.);
#387 = EDGE_LOOP('',(#388));
#388 = ORIENTED_EDGE('',*,*,#389,.F.);
#389 = EDGE_CURVE('',#390,#390,#392,.T.);
#390 = VERTEX_POINT('',#391);
#391 = CARTESIAN_POINT('',(-9.797174393179E-16,17.01,99.));
#392 = SURFACE_CURVE('',#393,(#473,#556),.PCURVE_S1.);
#393 = B_SPLINE_CURVE_WITH_KNOTS('',8,(#394,#395,#396,#397,#398,#399,
    #400,#401,#402,#403,#404,#405,#406,#407,#408,#409,#410,#411,#412,
    #413,#414,#415,#416,#417,#418,#419,#420,#421,#422,#423,#424,#425,
    #426,#427,#428,#429,#430,#431,#432,#433,#434,#435,#436,#437,#438,
    #439,#440,#441,#442,#443,#444,#445,#446,#447,#448,#449,#450,#451,
    #452,#453,#454,#455,#456,#457,#458,#459,#460,#461,#462,#463,#464,
    #465,#466,#467,#468,#469,#470,#471,#472),.UNSPECIFIED.,.T.,.F.,(9,7,
    7,7,7,7,7,7,7,7,7,9),(0.,7.243610855331E-02,0.144403661253,
    0.249748701561,0.42447697605,0.499947306428,0.575417636418,
    0.75014590905,0.828251309696,0.888016274602,0.955433545927,1.),
  .UNSPECIFIED.);
#394 = CARTESIAN_POINT('',(0.,17.01,99.));
#395 = CARTESIAN_POINT('',(0.277998667971,17.01,99.));
#396 = CARTESIAN_POINT('',(0.553960952078,17.004808069528,
    98.977919015575));
#397 = CARTESIAN_POINT('',(0.825115863806,16.994554942648,
    98.934323330878));
#398 = CARTESIAN_POINT('',(1.088781272085,16.979657212048,
    98.870323137877));
#399 = CARTESIAN_POINT('',(1.342449630978,16.960782957707,
    98.787558656155));
#400 = CARTESIAN_POINT('',(1.583867046048,16.938791870434,
    98.688193286259));
#401 = CARTESIAN_POINT('',(1.811105679421,16.914649870287,
    98.574913796601));
#402 = CARTESIAN_POINT('',(2.232785057385,16.864150428239,
    98.327763236551));
#403 = CARTESIAN_POINT('',(2.429079290799,16.837611109028,
    98.193062694754));
#404 = CARTESIAN_POINT('',(2.611594130907,16.810372704657,
    98.048516842881));
#405 = CARTESIAN_POINT('',(2.780515208065,16.783029392668,
    97.895576194197));
#406 = CARTESIAN_POINT('',(2.936099972318,16.756093034079,
    97.735487798276));
#407 = CARTESIAN_POINT('',(3.0786479488,16.729994874808,97.56932077302)
  );
#408 = CARTESIAN_POINT('',(3.208473122047,16.705093000191,
    97.397990421279));
#409 = CARTESIAN_POINT('',(3.497734632427,16.647422051946,
    96.965079977926));
#410 = CARTESIAN_POINT('',(3.643177483966,16.61632068206,96.698200625819
    ));
#411 = CARTESIAN_POINT('',(3.763089925473,16.589320530225,
    96.424008954249));
#412 = CARTESIAN_POINT('',(3.858227903662,16.567100729921,
    96.144392708253));
#413 = CARTESIAN_POINT('',(3.929188618491,16.550132190634,
    95.860903183852));
#414 = CARTESIAN_POINT('',(3.976381223744,16.538714834914,95.57487422898
    ));
#415 = CARTESIAN_POINT('',(4.,16.533000332668,95.287518360885));
#416 = CARTESIAN_POINT('',(4.,16.533000332668,94.523113884295));
#417 = CARTESIAN_POINT('',(3.935022103576,16.548721739131,94.04823671053
    ));
#418 = CARTESIAN_POINT('',(3.806028618687,16.579926729845,
    93.579385007402));
#419 = CARTESIAN_POINT('',(3.611114532162,16.625581849638,
    93.121147883929));
#420 = CARTESIAN_POINT('',(3.346602366537,16.683609739338,
    92.680309879011));
#421 = CARTESIAN_POINT('',(3.007750070771,16.750330310012,92.26690107037
    ));
#422 = CARTESIAN_POINT('',(2.589625176476,16.819256786961,
    91.895613562676));
#423 = CARTESIAN_POINT('',(1.874188828806,16.907832565916,
    91.457193604959));
#424 = CARTESIAN_POINT('',(1.641244219659,16.933471348445,
    91.335911240554));
#425 = CARTESIAN_POINT('',(1.392746558824,16.956965067482,
    91.229202617295));
#426 = CARTESIAN_POINT('',(1.130737882286,16.977233349172,
    91.140095425171));
#427 = CARTESIAN_POINT('',(0.857642314777,16.993294727869,91.07103990799
    ));
#428 = CARTESIAN_POINT('',(0.576182267362,17.004377230371,
    91.023910586271));
#429 = CARTESIAN_POINT('',(0.289287512918,17.01,91.));
#430 = CARTESIAN_POINT('',(-0.289287511427,17.01,91.));
#431 = CARTESIAN_POINT('',(-0.57618227002,17.004377230408,
    91.023910586076));
#432 = CARTESIAN_POINT('',(-0.857642314436,16.993294727726,
    91.071039908705));
#433 = CARTESIAN_POINT('',(-1.130737880156,16.977233349294,
    91.140095424586));
#434 = CARTESIAN_POINT('',(-1.392746559169,16.956965067628,
    91.229202616579));
#435 = CARTESIAN_POINT('',(-1.641244221569,16.93347134815,
    91.335911242001));
#436 = CARTESIAN_POINT('',(-1.874188827624,16.907832566062,
    91.457193604235));
#437 = CARTESIAN_POINT('',(-2.589625176477,16.819256786961,
    91.895613562676));
#438 = CARTESIAN_POINT('',(-3.007750070768,16.750330310012,
    92.266901070369));
#439 = CARTESIAN_POINT('',(-3.34660236654,16.683609739338,
    92.680309879012));
#440 = CARTESIAN_POINT('',(-3.611114532159,16.625581849638,
    93.121147883929));
#441 = CARTESIAN_POINT('',(-3.806028618688,16.579926729845,
    93.579385007402));
#442 = CARTESIAN_POINT('',(-3.935022103576,16.548721739131,
    94.04823671053));
#443 = CARTESIAN_POINT('',(-4.,16.533000332668,94.523113884295));
#444 = CARTESIAN_POINT('',(-4.,16.533000332668,95.213173177808));
#445 = CARTESIAN_POINT('',(-3.987016257916,16.53614163226,
    95.426312174098));
#446 = CARTESIAN_POINT('',(-3.961056413768,16.542422341721,
    95.638913426532));
#447 = CARTESIAN_POINT('',(-3.922063028883,16.551795995801,
    95.850467641547));
#448 = CARTESIAN_POINT('',(-3.869918406115,16.564170292832,
    96.060438706962));
#449 = CARTESIAN_POINT('',(-3.804448524657,16.579403568321,
    96.268242325332));
#450 = CARTESIAN_POINT('',(-3.725426089469,16.597299003023,
    96.473224368044));
#451 = CARTESIAN_POINT('',(-3.561522808892,16.633127925656,
    96.828758067796));
#452 = CARTESIAN_POINT('',(-3.482374404312,16.65006578923,
    96.980788933884));
#453 = CARTESIAN_POINT('',(-3.394989006203,16.668296802764,
    97.13042709234));
#454 = CARTESIAN_POINT('',(-3.299205150767,16.687686575843,
    97.277323855507));
#455 = CARTESIAN_POINT('',(-3.194845097196,16.70807587247,97.42107651893
    ));
#456 = CARTESIAN_POINT('',(-3.081721539119,16.729276802457,
    97.561218576144));
#457 = CARTESIAN_POINT('',(-2.959644316033,16.751069012815,
    97.697209933459));
#458 = CARTESIAN_POINT('',(-2.680408883601,16.798155869546,
    97.976445365892));
#459 = CARTESIAN_POINT('',(-2.520407718476,16.823601286569,
    98.118740761076));
#460 = CARTESIAN_POINT('',(-2.348330895928,16.849121717882,
    98.254096929263));
#461 = CARTESIAN_POINT('',(-2.164173600874,16.874243061589,
    98.381233561667));
#462 = CARTESIAN_POINT('',(-1.968032295281,16.898431499514,
    98.498798014629));
#463 = CARTESIAN_POINT('',(-1.760119937391,16.921104327731,
    98.605355256002));
#464 = CARTESIAN_POINT('',(-1.540783061496,16.941647644308,
    98.699376165052));
#465 = CARTESIAN_POINT('',(-1.158304884774,16.97120319263,
    98.832008036097));
#466 = CARTESIAN_POINT('',(-1.001350138629,16.981760992543,
    98.878586062481));
#467 = CARTESIAN_POINT('',(-0.840317251316,16.990896535997,
    98.918312201267));
#468 = CARTESIAN_POINT('',(-0.675916790368,16.998418984967,
    98.950661295855));
#469 = CARTESIAN_POINT('',(-0.5088985766,17.004174797734,98.975228469215
    ));
#470 = CARTESIAN_POINT('',(-0.340041033211,17.008055092745,
    98.991729185378));
#471 = CARTESIAN_POINT('',(-0.17014042676,17.01,99.));
#472 = CARTESIAN_POINT('',(0.,17.01,99.));
#473 = PCURVE('',#97,#474);
#474 = DEFINITIONAL_REPRESENTATION('',(#475),#555);
#475 = B_SPLINE_CURVE_WITH_KNOTS('',8,(#476,#477,#478,#479,#480,#481,
    #482,#483,#484,#485,#486,#487,#488,#489,#490,#491,#492,#493,#494,
    #495,#496,#497,#498,#499,#500,#501,#502,#503,#504,#505,#506,#507,
    #508,#509,#510,#511,#512,#513,#514,#515,#516,#517,#518,#519,#520,
    #521,#522,#523,#524,#525,#526,#527,#528,#529,#530,#531,#532,#533,
    #534,#535,#536,#537,#538,#539,#540,#541,#542,#543,#544,#545,#546,
    #547,#548,#549,#550,#551,#552,#553,#554),.UNSPECIFIED.,.T.,.F.,(9,7,
    7,7,7,7,7,7,7,7,7,9),(0.,7.243610855331E-02,0.144403661253,
    0.249748701561,0.42447697605,0.499947306428,0.575417636418,
    0.75014590905,0.828251309696,0.888016274602,0.955433545927,1.),
  .UNSPECIFIED.);
#476 = CARTESIAN_POINT('',(1.570796326795,99.));
#477 = CARTESIAN_POINT('',(1.554453077649,99.));
#478 = CARTESIAN_POINT('',(1.538229536969,98.977919015575));
#479 = CARTESIAN_POINT('',(1.522281998268,98.934323330878));
#480 = CARTESIAN_POINT('',(1.506761814578,98.870323137877));
#481 = CARTESIAN_POINT('',(1.491811975397,98.787558656155));
#482 = CARTESIAN_POINT('',(1.47756328992,98.688193286259));
#483 = CARTESIAN_POINT('',(1.464130176522,98.574913796601));
#484 = CARTESIAN_POINT('',(1.439162953306,98.327763236551));
#485 = CARTESIAN_POINT('',(1.427519373152,98.193062694754));
#486 = CARTESIAN_POINT('',(1.416672294424,98.048516842881));
#487 = CARTESIAN_POINT('',(1.406613695565,97.895576194197));
#488 = CARTESIAN_POINT('',(1.397331889836,97.735487798276));
#489 = CARTESIAN_POINT('',(1.388812869003,97.56932077302));
#490 = CARTESIAN_POINT('',(1.381041657994,97.397990421279));
#491 = CARTESIAN_POINT('',(1.363701593068,96.965079977926));
#492 = CARTESIAN_POINT('',(1.354958686193,96.698200625819));
#493 = CARTESIAN_POINT('',(1.347733221194,96.424008954249));
#494 = CARTESIAN_POINT('',(1.341989806301,96.144392708253));
#495 = CARTESIAN_POINT('',(1.337700496312,95.860903183852));
#496 = CARTESIAN_POINT('',(1.334846068719,95.57487422898));
#497 = CARTESIAN_POINT('',(1.333417476321,95.287518360885));
#498 = CARTESIAN_POINT('',(1.333417476321,94.523113884295));
#499 = CARTESIAN_POINT('',(1.337347661714,94.04823671053));
#500 = CARTESIAN_POINT('',(1.345149890864,93.579385007402));
#501 = CARTESIAN_POINT('',(1.356918233347,93.121147883929));
#502 = CARTESIAN_POINT('',(1.37283533687,92.680309879011));
#503 = CARTESIAN_POINT('',(1.393126728617,92.26690107037));
#504 = CARTESIAN_POINT('',(1.418019459052,91.895613562676));
#505 = CARTESIAN_POINT('',(1.460400330951,91.457193604959));
#506 = CARTESIAN_POINT('',(1.474176329391,91.335911240554));
#507 = CARTESIAN_POINT('',(1.488847449769,91.229202617295));
#508 = CARTESIAN_POINT('',(1.504291963768,91.140095425171));
#509 = CARTESIAN_POINT('',(1.520368950432,91.07103990799));
#510 = CARTESIAN_POINT('',(1.536923174962,91.023910586271));
#511 = CARTESIAN_POINT('',(1.553789418334,91.));
#512 = CARTESIAN_POINT('',(1.587803235168,91.));
#513 = CARTESIAN_POINT('',(1.604669478784,91.023910586076));
#514 = CARTESIAN_POINT('',(1.621223703138,91.071039908705));
#515 = CARTESIAN_POINT('',(1.637300689696,91.140095424586));
#516 = CARTESIAN_POINT('',(1.652745203841,91.229202616579));
#517 = CARTESIAN_POINT('',(1.667416324312,91.335911242001));
#518 = CARTESIAN_POINT('',(1.681192322569,91.457193604235));
#519 = CARTESIAN_POINT('',(1.723573194538,91.895613562676));
#520 = CARTESIAN_POINT('',(1.748465924972,92.266901070369));
#521 = CARTESIAN_POINT('',(1.76875731672,92.680309879012));
#522 = CARTESIAN_POINT('',(1.784674420243,93.121147883929));
#523 = CARTESIAN_POINT('',(1.796442762726,93.579385007402));
#524 = CARTESIAN_POINT('',(1.804244991876,94.04823671053));
#525 = CARTESIAN_POINT('',(1.808175177269,94.523113884295));
#526 = CARTESIAN_POINT('',(1.808175177269,95.213173177808));
#527 = CARTESIAN_POINT('',(1.807389853789,95.426312174098));
#528 = CARTESIAN_POINT('',(1.805819672005,95.638913426532));
#529 = CARTESIAN_POINT('',(1.803461988396,95.850467641547));
#530 = CARTESIAN_POINT('',(1.800311354642,96.060438706962));
#531 = CARTESIAN_POINT('',(1.796359726697,96.268242325332));
#532 = CARTESIAN_POINT('',(1.791596579053,96.473224368044));
#533 = CARTESIAN_POINT('',(1.781733342819,96.828758067796));
#534 = CARTESIAN_POINT('',(1.776974989678,96.980788933884));
#535 = CARTESIAN_POINT('',(1.771727195022,97.13042709234));
#536 = CARTESIAN_POINT('',(1.765982155937,97.277323855507));
#537 = CARTESIAN_POINT('',(1.759731270076,97.42107651893));
#538 = CARTESIAN_POINT('',(1.752965469395,97.561218576144));
#539 = CARTESIAN_POINT('',(1.745675553876,97.697209933459));
#540 = CARTESIAN_POINT('',(1.729027836026,97.976445365892));
#541 = CARTESIAN_POINT('',(1.719503748574,98.118740761076));
#542 = CARTESIAN_POINT('',(1.709277836693,98.254096929263));
#543 = CARTESIAN_POINT('',(1.698352735928,98.381233561667));
#544 = CARTESIAN_POINT('',(1.686736557476,98.498798014629));
#545 = CARTESIAN_POINT('',(1.674443423159,98.605355256002));
#546 = CARTESIAN_POINT('',(1.661494121483,98.699376165052));
#547 = CARTESIAN_POINT('',(1.638941598726,98.832008036097));
#548 = CARTESIAN_POINT('',(1.629693999731,98.878586062481));
#549 = CARTESIAN_POINT('',(1.620212707045,98.918312201267));
#550 = CARTESIAN_POINT('',(1.610538845348,98.950661295855));
#551 = CARTESIAN_POINT('',(1.600715461941,98.975228469215));
#552 = CARTESIAN_POINT('',(1.590786982219,98.991729185378));
#553 = CARTESIAN_POINT('',(1.580798703442,99.));
#554 = CARTESIAN_POINT('',(1.570796326795,99.));
#555 = ( GEOMETRIC_REPRESENTATION_CONTEXT(2) 
PARAMETRIC_REPRESENTATION_CONTEXT() REPRESENTATION_CONTEXT('2D SPACE',''
  ) );
#556 = PCURVE('',#557,#562);
#557 = CYLINDRICAL_SURFACE('',#558,4.);
#558 = AXIS2_PLACEMENT_3D('',#559,#560,#561);
#559 = CARTESIAN_POINT('',(0.,-19.01,95.));
#560 = DIRECTION('',(0.,1.,0.));
#561 = DIRECTION('',(0.,-0.,1.));
#562 = DEFINITIONAL_REPRESENTATION('',(#563),#643);
#563 = B_SPLINE_CURVE_WITH_KNOTS('',8,(#564,#565,#566,#567,#568,#569,
    #570,#571,#572,#573,#574,#575,#576,#577,#578,#579,#580,#581,#582,
    #583,#584,#585,#586,#587,#588,#589,#590,#591,#592,#593,#594,#595,
    #596,#597,#598,#599,#600,#601,#602,#603,#604,#605,#606,#607,#608,
    #609,#610,#611,#612,#613,#614,#615,#616,#617,#618,#619,#620,#621,
    #622,#623,#624,#625,#626,#627,#628,#629,#630,#631,#632,#633,#634,
    #635,#636,#637,#638,#639,#640,#641,#642),.UNSPECIFIED.,.F.,.F.,(9,7,
    7,7,7,7,7,7,7,7,7,9),(0.,7.243610855331E-02,0.144403661253,
    0.249748701561,0.42447697605,0.499947306428,0.575417636418,
    0.75014590905,0.828251309696,0.888016274602,0.955433545927,1.),
  .UNSPECIFIED.);
#564 = CARTESIAN_POINT('',(0.,36.02));
#565 = CARTESIAN_POINT('',(6.94996669928E-02,36.02));
#566 = CARTESIAN_POINT('',(0.138490183803,36.014808069528));
#567 = CARTESIAN_POINT('',(0.20679062047,36.004554942648));
#568 = CARTESIAN_POINT('',(0.274209931176,35.989657212048));
#569 = CARTESIAN_POINT('',(0.340535461524,35.970782957707));
#570 = CARTESIAN_POINT('',(0.405517399018,35.948791870434));
#571 = CARTESIAN_POINT('',(0.468849166752,35.924649870287));
#572 = CARTESIAN_POINT('',(0.591041867315,35.874150428239));
#573 = CARTESIAN_POINT('',(0.650407476455,35.847611109028));
#574 = CARTESIAN_POINT('',(0.708389507799,35.820372704657));
#575 = CARTESIAN_POINT('',(0.765116827599,35.793029392668));
#576 = CARTESIAN_POINT('',(0.820706821422,35.766093034079));
#577 = CARTESIAN_POINT('',(0.875270866428,35.739994874808));
#578 = CARTESIAN_POINT('',(0.928916702789,35.715093000191));
#579 = CARTESIAN_POINT('',(1.059080943594,35.657422051946));
#580 = CARTESIAN_POINT('',(1.134757833327,35.62632068206));
#581 = CARTESIAN_POINT('',(1.209111829006,35.599320530225));
#582 = CARTESIAN_POINT('',(1.282437232286,35.577100729921));
#583 = CARTESIAN_POINT('',(1.355005219649,35.560132190634));
#584 = CARTESIAN_POINT('',(1.427077376493,35.548714834914));
#585 = CARTESIAN_POINT('',(1.498916736574,35.543000332668));
#586 = CARTESIAN_POINT('',(1.690017855721,35.543000332668));
#587 = CARTESIAN_POINT('',(1.808737808877,35.558721739131));
#588 = CARTESIAN_POINT('',(1.928529281254,35.589926729845));
#589 = CARTESIAN_POINT('',(2.050754078001,35.635581849638));
#590 = CARTESIAN_POINT('',(2.17667359183,35.693609739338));
#591 = CARTESIAN_POINT('',(2.307691243328,35.760330310012));
#592 = CARTESIAN_POINT('',(2.445318694646,35.829256786961));
#593 = CARTESIAN_POINT('',(2.655089585574,35.917832565916));
#594 = CARTESIAN_POINT('',(2.720586557218,35.943471348445));
#595 = CARTESIAN_POINT('',(2.787881044031,35.966965067482));
#596 = CARTESIAN_POINT('',(2.856642633035,35.987233349172));
#597 = CARTESIAN_POINT('',(2.926605577043,36.003294727869));
#598 = CARTESIAN_POINT('',(2.997547112866,36.014377230371));
#599 = CARTESIAN_POINT('',(3.06927077536,36.02));
#600 = CARTESIAN_POINT('',(3.213914531446,36.02));
#601 = CARTESIAN_POINT('',(3.28563819496,36.014377230408));
#602 = CARTESIAN_POINT('',(3.356579730102,36.003294727726));
#603 = CARTESIAN_POINT('',(3.426542673576,35.987233349294));
#604 = CARTESIAN_POINT('',(3.495304263185,35.966965067628));
#605 = CARTESIAN_POINT('',(3.562598750537,35.94347134815));
#606 = CARTESIAN_POINT('',(3.628095721259,35.917832566062));
#607 = CARTESIAN_POINT('',(3.837866612533,35.829256786961));
#608 = CARTESIAN_POINT('',(3.97549406385,35.760330310012));
#609 = CARTESIAN_POINT('',(4.106511715352,35.693609739338));
#610 = CARTESIAN_POINT('',(4.232431229177,35.635581849638));
#611 = CARTESIAN_POINT('',(4.354656025927,35.589926729845));
#612 = CARTESIAN_POINT('',(4.474447498302,35.558721739131));
#613 = CARTESIAN_POINT('',(4.593167451458,35.543000332668));
#614 = CARTESIAN_POINT('',(4.765682274837,35.543000332668));
#615 = CARTESIAN_POINT('',(4.818967071443,35.54614163226));
#616 = CARTESIAN_POINT('',(4.872347914018,35.552422341721));
#617 = CARTESIAN_POINT('',(4.925928156381,35.561795995801));
#618 = CARTESIAN_POINT('',(4.979811081058,35.574170292832));
#619 = CARTESIAN_POINT('',(5.034101974155,35.589403568321));
#620 = CARTESIAN_POINT('',(5.088911156383,35.607299003023));
#621 = CARTESIAN_POINT('',(5.186784958114,35.643127925656));
#622 = CARTESIAN_POINT('',(5.229585310461,35.66006578923));
#623 = CARTESIAN_POINT('',(5.272821258928,35.678296802764));
#624 = CARTESIAN_POINT('',(5.316555198482,35.697686575843));
#625 = CARTESIAN_POINT('',(5.360850806351,35.71807587247));
#626 = CARTESIAN_POINT('',(5.405774160968,35.739276802457));
#627 = CARTESIAN_POINT('',(5.451394860899,35.761069012815));
#628 = CARTESIAN_POINT('',(5.550119494809,35.808155869546));
#629 = CARTESIAN_POINT('',(5.603558547851,35.833601286569));
#630 = CARTESIAN_POINT('',(5.658123776017,35.859121717882));
#631 = CARTESIAN_POINT('',(5.713847311402,35.884243061589));
#632 = CARTESIAN_POINT('',(5.770772293401,35.908431499514));
#633 = CARTESIAN_POINT('',(5.828953836683,35.931104327731));
#634 = CARTESIAN_POINT('',(5.888462618842,35.951647644308));
#635 = CARTESIAN_POINT('',(5.989668093276,35.98120319263));
#636 = CARTESIAN_POINT('',(6.030556129691,35.991760992543));
#637 = CARTESIAN_POINT('',(6.071945783333,36.000896535997));
#638 = CARTESIAN_POINT('',(6.113738436591,36.008418984967));
#639 = CARTESIAN_POINT('',(6.155843389877,36.014174797734));
#640 = CARTESIAN_POINT('',(6.198175052223,36.018055092745));
#641 = CARTESIAN_POINT('',(6.24065020049,36.02));
#642 = CARTESIAN_POINT('',(6.28318530718,36.02));
#643 = ( GEOMETRIC_REPRESENTATION_CONTEXT(2) 
PARAMETRIC_REPRESENTATION_CONTEXT() REPRESENTATION_CONTEXT('2D SPACE',''
  ) );
#644 = FACE_BOUND('',#645,.T.);
#645 = EDGE_LOOP('',(#646));
#646 = ORIENTED_EDGE('',*,*,#647,.T.);
#647 = EDGE_CURVE('',#648,#648,#650,.T.);
#648 = VERTEX_POINT('',#649);
#649 = CARTESIAN_POINT('',(-9.797174393179E-16,-17.01,99.));
#650 = SURFACE_CURVE('',#651,(#731,#814),.PCURVE_S1.);
#651 = B_SPLINE_CURVE_WITH_KNOTS('',8,(#652,#653,#654,#655,#656,#657,
    #658,#659,#660,#661,#662,#663,#664,#665,#666,#667,#668,#669,#670,
    #671,#672,#673,#674,#675,#676,#677,#678,#679,#680,#681,#682,#683,
    #684,#685,#686,#687,#688,#689,#690,#691,#692,#693,#694,#695,#696,
    #697,#698,#699,#700,#701,#702,#703,#704,#705,#706,#707,#708,#709,
    #710,#711,#712,#713,#714,#715,#716,#717,#718,#719,#720,#721,#722,
    #723,#724,#725,#726,#727,#728,#729,#730),.UNSPECIFIED.,.T.,.F.,(9,7,
    7,7,7,7,7,7,7,7,7,9),(0.,7.24361082011E-02,0.144403660551,
    0.249748700347,0.424476973986,0.499947303998,0.575417634009,
    0.750145907648,0.828251308757,0.888016274007,0.95543354572,1.),
  .UNSPECIFIED.);
#652 = CARTESIAN_POINT('',(-1.7763568394E-15,-17.01,99.));
#653 = CARTESIAN_POINT('',(0.277998667971,-17.01,99.));
#654 = CARTESIAN_POINT('',(0.553960952078,-17.00480806952,
    98.977919015575));
#655 = CARTESIAN_POINT('',(0.825115863806,-16.99455494264,
    98.934323330878));
#656 = CARTESIAN_POINT('',(1.088781272085,-16.97965721204,
    98.870323137877));
#657 = CARTESIAN_POINT('',(1.342449630978,-16.9607829577,98.787558656155
    ));
#658 = CARTESIAN_POINT('',(1.583867046049,-16.93879187043,
    98.688193286259));
#659 = CARTESIAN_POINT('',(1.811105679421,-16.91464987028,
    98.574913796601));
#660 = CARTESIAN_POINT('',(2.232785057385,-16.86415042823,
    98.327763236551));
#661 = CARTESIAN_POINT('',(2.429079290799,-16.83761110902,
    98.193062694754));
#662 = CARTESIAN_POINT('',(2.611594130907,-16.81037270465,
    98.048516842881));
#663 = CARTESIAN_POINT('',(2.780515208065,-16.78302939266,
    97.895576194197));
#664 = CARTESIAN_POINT('',(2.936099972318,-16.75609303407,
    97.735487798276));
#665 = CARTESIAN_POINT('',(3.0786479488,-16.7299948748,97.56932077302));
#666 = CARTESIAN_POINT('',(3.208473122047,-16.70509300019,
    97.397990421279));
#667 = CARTESIAN_POINT('',(3.497734632428,-16.64742205194,
    96.965079977926));
#668 = CARTESIAN_POINT('',(3.643177483966,-16.61632068206,
    96.698200625819));
#669 = CARTESIAN_POINT('',(3.763089925473,-16.58932053022,
    96.424008954249));
#670 = CARTESIAN_POINT('',(3.858227903662,-16.56710072992,
    96.144392708252));
#671 = CARTESIAN_POINT('',(3.929188618491,-16.55013219063,
    95.860903183852));
#672 = CARTESIAN_POINT('',(3.976381223744,-16.53871483491,
    95.574874228981));
#673 = CARTESIAN_POINT('',(4.,-16.53300033266,95.287518360885));
#674 = CARTESIAN_POINT('',(4.,-16.53300033266,94.523113884295));
#675 = CARTESIAN_POINT('',(3.935022103576,-16.54872173913,94.04823671053
    ));
#676 = CARTESIAN_POINT('',(3.806028618689,-16.57992672984,
    93.579385007402));
#677 = CARTESIAN_POINT('',(3.611114532157,-16.62558184963,
    93.121147883929));
#678 = CARTESIAN_POINT('',(3.346602366542,-16.68360973933,
    92.680309879013));
#679 = CARTESIAN_POINT('',(3.007750070768,-16.75033031001,
    92.266901070369));
#680 = CARTESIAN_POINT('',(2.589625176477,-16.81925678696,
    91.895613562676));
#681 = CARTESIAN_POINT('',(1.874188828806,-16.90783256591,
    91.457193604959));
#682 = CARTESIAN_POINT('',(1.641244219659,-16.93347134844,
    91.335911240554));
#683 = CARTESIAN_POINT('',(1.392746558824,-16.95696506748,
    91.229202617295));
#684 = CARTESIAN_POINT('',(1.130737882286,-16.97723334917,
    91.140095425171));
#685 = CARTESIAN_POINT('',(0.857642314778,-16.99329472786,
    91.071039907991));
#686 = CARTESIAN_POINT('',(0.576182267362,-17.00437723037,
    91.023910586271));
#687 = CARTESIAN_POINT('',(0.289287512918,-17.01,91.));
#688 = CARTESIAN_POINT('',(-0.289287512918,-17.01,91.));
#689 = CARTESIAN_POINT('',(-0.576182267362,-17.00437723037,
    91.023910586271));
#690 = CARTESIAN_POINT('',(-0.857642314778,-16.99329472786,
    91.071039907991));
#691 = CARTESIAN_POINT('',(-1.130737882286,-16.97723334917,
    91.140095425171));
#692 = CARTESIAN_POINT('',(-1.392746558824,-16.95696506748,
    91.229202617295));
#693 = CARTESIAN_POINT('',(-1.64124421966,-16.93347134844,
    91.335911240554));
#694 = CARTESIAN_POINT('',(-1.874188828806,-16.90783256591,
    91.457193604959));
#695 = CARTESIAN_POINT('',(-2.589625176476,-16.81925678696,
    91.895613562676));
#696 = CARTESIAN_POINT('',(-3.007750070771,-16.75033031001,
    92.266901070372));
#697 = CARTESIAN_POINT('',(-3.346602366535,-16.68360973933,
    92.680309879005));
#698 = CARTESIAN_POINT('',(-3.611114532164,-16.62558184963,
    93.121147883939));
#699 = CARTESIAN_POINT('',(-3.806028618686,-16.57992672984,
    93.579385007394));
#700 = CARTESIAN_POINT('',(-3.935022103577,-16.54872173913,
    94.048236710534));
#701 = CARTESIAN_POINT('',(-4.,-16.53300033266,94.523113884294));
#702 = CARTESIAN_POINT('',(-4.,-16.53300033266,95.21317317784));
#703 = CARTESIAN_POINT('',(-3.987016257912,-16.53614163226,
    95.426312174079));
#704 = CARTESIAN_POINT('',(-3.961056413774,-16.54242234172,
    95.638913426501));
#705 = CARTESIAN_POINT('',(-3.92206302889,-16.5517959958,95.850467641547
    ));
#706 = CARTESIAN_POINT('',(-3.869918406107,-16.56417029283,
    96.060438706992));
#707 = CARTESIAN_POINT('',(-3.804448524645,-16.57940356832,
    96.268242325349));
#708 = CARTESIAN_POINT('',(-3.725426089483,-16.59729900302,
    96.473224368014));
#709 = CARTESIAN_POINT('',(-3.561522808892,-16.63312792565,
    96.828758067796));
#710 = CARTESIAN_POINT('',(-3.482374404312,-16.65006578923,
    96.980788933884));
#711 = CARTESIAN_POINT('',(-3.394989006203,-16.66829680276,
    97.13042709234));
#712 = CARTESIAN_POINT('',(-3.299205150767,-16.68768657584,
    97.277323855507));
#713 = CARTESIAN_POINT('',(-3.194845097196,-16.70807587247,
    97.42107651893));
#714 = CARTESIAN_POINT('',(-3.081721539119,-16.72927680245,
    97.561218576144));
#715 = CARTESIAN_POINT('',(-2.959644316033,-16.75106901281,
    97.697209933459));
#716 = CARTESIAN_POINT('',(-2.680408883601,-16.79815586954,
    97.976445365892));
#717 = CARTESIAN_POINT('',(-2.520407718476,-16.82360128656,
    98.118740761076));
#718 = CARTESIAN_POINT('',(-2.348330895928,-16.84912171788,
    98.254096929263));
#719 = CARTESIAN_POINT('',(-2.164173600874,-16.87424306158,
    98.381233561667));
#720 = CARTESIAN_POINT('',(-1.968032295281,-16.89843149951,
    98.498798014629));
#721 = CARTESIAN_POINT('',(-1.760119937391,-16.92110432773,
    98.605355256002));
#722 = CARTESIAN_POINT('',(-1.540783061496,-16.9416476443,
    98.699376165052));
#723 = CARTESIAN_POINT('',(-1.158304884943,-16.97120319261,
    98.832008036039));
#724 = CARTESIAN_POINT('',(-1.001350138693,-16.98176099254,
    98.878586062476));
#725 = CARTESIAN_POINT('',(-0.840317251224,-16.990896536,98.918312201301
    ));
#726 = CARTESIAN_POINT('',(-0.675916790209,-16.99841898497,
    98.950661295882));
#727 = CARTESIAN_POINT('',(-0.508898576509,-17.00417479773,
    98.975228469211));
#728 = CARTESIAN_POINT('',(-0.340041033279,-17.00805509274,
    98.991729185361));
#729 = CARTESIAN_POINT('',(-0.170140426937,-17.01,99.));
#730 = CARTESIAN_POINT('',(-1.7763568394E-15,-17.01,99.));
#731 = PCURVE('',#97,#732);
#732 = DEFINITIONAL_REPRESENTATION('',(#733),#813);
#733 = B_SPLINE_CURVE_WITH_KNOTS('',8,(#734,#735,#736,#737,#738,#739,
    #740,#741,#742,#743,#744,#745,#746,#747,#748,#749,#750,#751,#752,
    #753,#754,#755,#756,#757,#758,#759,#760,#761,#762,#763,#764,#765,
    #766,#767,#768,#769,#770,#771,#772,#773,#774,#775,#776,#777,#778,
    #779,#780,#781,#782,#783,#784,#785,#786,#787,#788,#789,#790,#791,
    #792,#793,#794,#795,#796,#797,#798,#799,#800,#801,#802,#803,#804,
    #805,#806,#807,#808,#809,#810,#811,#812),.UNSPECIFIED.,.T.,.F.,(9,7,
    7,7,7,7,7,7,7,7,7,9),(0.,7.24361082011E-02,0.144403660551,
    0.249748700347,0.424476973986,0.499947303998,0.575417634009,
    0.750145907648,0.828251308757,0.888016274007,0.95543354572,1.),
  .UNSPECIFIED.);
#734 = CARTESIAN_POINT('',(4.712388980385,99.));
#735 = CARTESIAN_POINT('',(4.728732229531,99.));
#736 = CARTESIAN_POINT('',(4.74495577021,98.977919015575));
#737 = CARTESIAN_POINT('',(4.760903308911,98.934323330878));
#738 = CARTESIAN_POINT('',(4.776423492602,98.870323137877));
#739 = CARTESIAN_POINT('',(4.791373331782,98.787558656155));
#740 = CARTESIAN_POINT('',(4.80562201726,98.688193286259));
#741 = CARTESIAN_POINT('',(4.819055130657,98.574913796601));
#742 = CARTESIAN_POINT('',(4.844022353873,98.327763236551));
#743 = CARTESIAN_POINT('',(4.855665934028,98.193062694754));
#744 = CARTESIAN_POINT('',(4.866513012756,98.048516842881));
#745 = CARTESIAN_POINT('',(4.876571611615,97.895576194197));
#746 = CARTESIAN_POINT('',(4.885853417344,97.735487798276));
#747 = CARTESIAN_POINT('',(4.894372438177,97.56932077302));
#748 = CARTESIAN_POINT('',(4.902143649185,97.397990421279));
#749 = CARTESIAN_POINT('',(4.919483714111,96.965079977926));
#750 = CARTESIAN_POINT('',(4.928226620986,96.698200625819));
#751 = CARTESIAN_POINT('',(4.935452085985,96.424008954249));
#752 = CARTESIAN_POINT('',(4.941195500879,96.144392708252));
#753 = CARTESIAN_POINT('',(4.945484810868,95.860903183852));
#754 = CARTESIAN_POINT('',(4.948339238461,95.574874228981));
#755 = CARTESIAN_POINT('',(4.949767830858,95.287518360885));
#756 = CARTESIAN_POINT('',(4.949767830858,94.523113884295));
#757 = CARTESIAN_POINT('',(4.945837645465,94.04823671053));
#758 = CARTESIAN_POINT('',(4.938035416316,93.579385007402));
#759 = CARTESIAN_POINT('',(4.926267073833,93.121147883929));
#760 = CARTESIAN_POINT('',(4.91034997031,92.680309879013));
#761 = CARTESIAN_POINT('',(4.890058578562,92.266901070369));
#762 = CARTESIAN_POINT('',(4.865165848128,91.895613562676));
#763 = CARTESIAN_POINT('',(4.822784976229,91.457193604959));
#764 = CARTESIAN_POINT('',(4.809008977789,91.335911240554));
#765 = CARTESIAN_POINT('',(4.794337857411,91.229202617295));
#766 = CARTESIAN_POINT('',(4.778893343411,91.140095425171));
#767 = CARTESIAN_POINT('',(4.762816356748,91.071039907991));
#768 = CARTESIAN_POINT('',(4.746262132218,91.023910586271));
#769 = CARTESIAN_POINT('',(4.729395888845,91.));
#770 = CARTESIAN_POINT('',(4.695382071924,91.));
#771 = CARTESIAN_POINT('',(4.678515828551,91.023910586271));
#772 = CARTESIAN_POINT('',(4.661961604022,91.071039907991));
#773 = CARTESIAN_POINT('',(4.645884617358,91.140095425171));
#774 = CARTESIAN_POINT('',(4.630440103359,91.229202617295));
#775 = CARTESIAN_POINT('',(4.615768982981,91.335911240554));
#776 = CARTESIAN_POINT('',(4.601992984541,91.457193604959));
#777 = CARTESIAN_POINT('',(4.559612112642,91.895613562676));
#778 = CARTESIAN_POINT('',(4.534719382207,92.266901070372));
#779 = CARTESIAN_POINT('',(4.51442799046,92.680309879005));
#780 = CARTESIAN_POINT('',(4.498510886936,93.121147883939));
#781 = CARTESIAN_POINT('',(4.486742544454,93.579385007394));
#782 = CARTESIAN_POINT('',(4.478940315304,94.048236710534));
#783 = CARTESIAN_POINT('',(4.475010129911,94.523113884294));
#784 = CARTESIAN_POINT('',(4.475010129911,95.21317317784));
#785 = CARTESIAN_POINT('',(4.47579545339,95.426312174079));
#786 = CARTESIAN_POINT('',(4.477365635175,95.638913426501));
#787 = CARTESIAN_POINT('',(4.479723318783,95.850467641547));
#788 = CARTESIAN_POINT('',(4.482873952538,96.060438706992));
#789 = CARTESIAN_POINT('',(4.486825580484,96.268242325349));
#790 = CARTESIAN_POINT('',(4.491588728126,96.473224368014));
#791 = CARTESIAN_POINT('',(4.501451964361,96.828758067796));
#792 = CARTESIAN_POINT('',(4.506210317501,96.980788933884));
#793 = CARTESIAN_POINT('',(4.511458112157,97.13042709234));
#794 = CARTESIAN_POINT('',(4.517203151243,97.277323855507));
#795 = CARTESIAN_POINT('',(4.523454037103,97.42107651893));
#796 = CARTESIAN_POINT('',(4.530219837785,97.561218576144));
#797 = CARTESIAN_POINT('',(4.537509753304,97.697209933459));
#798 = CARTESIAN_POINT('',(4.554157471153,97.976445365892));
#799 = CARTESIAN_POINT('',(4.563681558605,98.118740761076));
#800 = CARTESIAN_POINT('',(4.573907470487,98.254096929263));
#801 = CARTESIAN_POINT('',(4.584832571252,98.381233561667));
#802 = CARTESIAN_POINT('',(4.596448749703,98.498798014629));
#803 = CARTESIAN_POINT('',(4.60874188402,98.605355256002));
#804 = CARTESIAN_POINT('',(4.621691185696,98.699376165052));
#805 = CARTESIAN_POINT('',(4.644243708444,98.832008036039));
#806 = CARTESIAN_POINT('',(4.653491307445,98.878586062476));
#807 = CARTESIAN_POINT('',(4.66297260014,98.918312201301));
#808 = CARTESIAN_POINT('',(4.672646461841,98.950661295882));
#809 = CARTESIAN_POINT('',(4.682469845244,98.975228469211));
#810 = CARTESIAN_POINT('',(4.692398324957,98.991729185361));
#811 = CARTESIAN_POINT('',(4.702386603728,99.));
#812 = CARTESIAN_POINT('',(4.712388980385,99.));
#813 = ( GEOMETRIC_REPRESENTATION_CONTEXT(2) 
PARAMETRIC_REPRESENTATION_CONTEXT() REPRESENTATION_CONTEXT('2D SPACE',''
  ) );
#814 = PCURVE('',#815,#820);
#815 = CYLINDRICAL_SURFACE('',#816,4.);
#816 = AXIS2_PLACEMENT_3D('',#817,#818,#819);
#817 = CARTESIAN_POINT('',(0.,-19.01,95.));
#818 = DIRECTION('',(0.,1.,0.));
#819 = DIRECTION('',(0.,-0.,1.));
#820 = DEFINITIONAL_REPRESENTATION('',(#821),#901);
#821 = B_SPLINE_CURVE_WITH_KNOTS('',8,(#822,#823,#824,#825,#826,#827,
    #828,#829,#830,#831,#832,#833,#834,#835,#836,#837,#838,#839,#840,
    #841,#842,#843,#844,#845,#846,#847,#848,#849,#850,#851,#852,#853,
    #854,#855,#856,#857,#858,#859,#860,#861,#862,#863,#864,#865,#866,
    #867,#868,#869,#870,#871,#872,#873,#874,#875,#876,#877,#878,#879,
    #880,#881,#882,#883,#884,#885,#886,#887,#888,#889,#890,#891,#892,
    #893,#894,#895,#896,#897,#898,#899,#900),.UNSPECIFIED.,.F.,.F.,(9,7,
    7,7,7,7,7,7,7,7,7,9),(0.,7.24361082011E-02,0.144403660551,
    0.249748700347,0.424476973986,0.499947303998,0.575417634009,
    0.750145907648,0.828251308757,0.888016274007,0.95543354572,1.),
  .UNSPECIFIED.);
#822 = CARTESIAN_POINT('',(0.,2.));
#823 = CARTESIAN_POINT('',(6.949966699281E-02,2.));
#824 = CARTESIAN_POINT('',(0.138490183803,2.005191930472));
#825 = CARTESIAN_POINT('',(0.20679062047,2.015445057352));
#826 = CARTESIAN_POINT('',(0.274209931176,2.030342787952));
#827 = CARTESIAN_POINT('',(0.340535461524,2.049217042293));
#828 = CARTESIAN_POINT('',(0.405517399018,2.071208129566));
#829 = CARTESIAN_POINT('',(0.468849166752,2.095350129713));
#830 = CARTESIAN_POINT('',(0.591041867315,2.145849571761));
#831 = CARTESIAN_POINT('',(0.650407476455,2.172388890972));
#832 = CARTESIAN_POINT('',(0.708389507799,2.199627295343));
#833 = CARTESIAN_POINT('',(0.765116827599,2.226970607332));
#834 = CARTESIAN_POINT('',(0.820706821422,2.253906965921));
#835 = CARTESIAN_POINT('',(0.875270866428,2.280005125192));
#836 = CARTESIAN_POINT('',(0.928916702789,2.304906999809));
#837 = CARTESIAN_POINT('',(1.059080943594,2.362577948054));
#838 = CARTESIAN_POINT('',(1.134757833327,2.39367931794));
#839 = CARTESIAN_POINT('',(1.209111829006,2.420679469775));
#840 = CARTESIAN_POINT('',(1.282437232286,2.442899270079));
#841 = CARTESIAN_POINT('',(1.355005219649,2.459867809366));
#842 = CARTESIAN_POINT('',(1.427077376493,2.471285165086));
#843 = CARTESIAN_POINT('',(1.498916736574,2.476999667332));
#844 = CARTESIAN_POINT('',(1.690017855721,2.476999667332));
#845 = CARTESIAN_POINT('',(1.808737808877,2.461278260869));
#846 = CARTESIAN_POINT('',(1.928529281254,2.430073270155));
#847 = CARTESIAN_POINT('',(2.050754078001,2.384418150362));
#848 = CARTESIAN_POINT('',(2.176673591829,2.326390260662));
#849 = CARTESIAN_POINT('',(2.307691243329,2.259669689988));
#850 = CARTESIAN_POINT('',(2.445318694646,2.190743213039));
#851 = CARTESIAN_POINT('',(2.655089585574,2.102167434084));
#852 = CARTESIAN_POINT('',(2.720586557218,2.076528651555));
#853 = CARTESIAN_POINT('',(2.787881044031,2.053034932518));
#854 = CARTESIAN_POINT('',(2.856642633035,2.032766650828));
#855 = CARTESIAN_POINT('',(2.926605577043,2.016705272131));
#856 = CARTESIAN_POINT('',(2.997547112866,2.005622769629));
#857 = CARTESIAN_POINT('',(3.06927077536,2.));
#858 = CARTESIAN_POINT('',(3.213914531819,2.));
#859 = CARTESIAN_POINT('',(3.285638194313,2.005622769629));
#860 = CARTESIAN_POINT('',(3.356579730137,2.016705272131));
#861 = CARTESIAN_POINT('',(3.426542674145,2.032766650828));
#862 = CARTESIAN_POINT('',(3.495304263148,2.053034932518));
#863 = CARTESIAN_POINT('',(3.562598749962,2.076528651555));
#864 = CARTESIAN_POINT('',(3.628095721605,2.102167434084));
#865 = CARTESIAN_POINT('',(3.837866612533,2.190743213039));
#866 = CARTESIAN_POINT('',(3.975494063852,2.259669689988));
#867 = CARTESIAN_POINT('',(4.106511715347,2.326390260661));
#868 = CARTESIAN_POINT('',(4.232431229183,2.384418150362));
#869 = CARTESIAN_POINT('',(4.354656025922,2.430073270155));
#870 = CARTESIAN_POINT('',(4.474447498304,2.461278260869));
#871 = CARTESIAN_POINT('',(4.593167451458,2.476999667332));
#872 = CARTESIAN_POINT('',(4.765682274845,2.476999667332));
#873 = CARTESIAN_POINT('',(4.818967071438,2.473858367739));
#874 = CARTESIAN_POINT('',(4.87234791401,2.46757765828));
#875 = CARTESIAN_POINT('',(4.92592815638,2.4582040042));
#876 = CARTESIAN_POINT('',(4.979811081066,2.445829707166));
#877 = CARTESIAN_POINT('',(5.03410197416,2.430596431676));
#878 = CARTESIAN_POINT('',(5.088911156375,2.41270099698));
#879 = CARTESIAN_POINT('',(5.186784958114,2.376872074344));
#880 = CARTESIAN_POINT('',(5.229585310461,2.35993421077));
#881 = CARTESIAN_POINT('',(5.272821258928,2.341703197236));
#882 = CARTESIAN_POINT('',(5.316555198482,2.322313424157));
#883 = CARTESIAN_POINT('',(5.360850806351,2.30192412753));
#884 = CARTESIAN_POINT('',(5.405774160968,2.280723197543));
#885 = CARTESIAN_POINT('',(5.451394860899,2.258930987185));
#886 = CARTESIAN_POINT('',(5.550119494809,2.211844130454));
#887 = CARTESIAN_POINT('',(5.603558547851,2.186398713431));
#888 = CARTESIAN_POINT('',(5.658123776017,2.160878282118));
#889 = CARTESIAN_POINT('',(5.713847311402,2.135756938411));
#890 = CARTESIAN_POINT('',(5.770772293401,2.111568500486));
#891 = CARTESIAN_POINT('',(5.828953836683,2.088895672269));
#892 = CARTESIAN_POINT('',(5.888462618842,2.068352355692));
#893 = CARTESIAN_POINT('',(5.989668093232,2.038796807383));
#894 = CARTESIAN_POINT('',(6.030556129676,2.028239007459));
#895 = CARTESIAN_POINT('',(6.071945783357,2.019103463995));
#896 = CARTESIAN_POINT('',(6.113738436631,2.011581015027));
#897 = CARTESIAN_POINT('',(6.155843389899,2.005825202266));
#898 = CARTESIAN_POINT('',(6.198175052206,2.00194490726));
#899 = CARTESIAN_POINT('',(6.240650200445,2.));
#900 = CARTESIAN_POINT('',(6.28318530718,2.));
#901 = ( GEOMETRIC_REPRESENTATION_CONTEXT(2) 
PARAMETRIC_REPRESENTATION_CONTEXT() REPRESENTATION_CONTEXT('2D SPACE',''
  ) );
#902 = ADVANCED_FACE('',(#903),#815,.F.);
#903 = FACE_BOUND('',#904,.F.);
#904 = EDGE_LOOP('',(#905,#1140,#1161,#1162));
#905 = ORIENTED_EDGE('',*,*,#906,.F.);
#906 = EDGE_CURVE('',#907,#907,#909,.T.);
#907 = VERTEX_POINT('',#908);
#908 = CARTESIAN_POINT('',(-9.797174393179E-16,-12.01,99.));
#909 = SURFACE_CURVE('',#910,(#983,#1059),.PCURVE_S1.);
#910 = B_SPLINE_CURVE_WITH_KNOTS('',8,(#911,#912,#913,#914,#915,#916,
    #917,#918,#919,#920,#921,#922,#923,#924,#925,#926,#927,#928,#929,
    #930,#931,#932,#933,#934,#935,#936,#937,#938,#939,#940,#941,#942,
    #943,#944,#945,#946,#947,#948,#949,#950,#951,#952,#953,#954,#955,
    #956,#957,#958,#959,#960,#961,#962,#963,#964,#965,#966,#967,#968,
    #969,#970,#971,#972,#973,#974,#975,#976,#977,#978,#979,#980,#981,
    #982),.UNSPECIFIED.,.T.,.F.,(9,7,7,7,7,7,7,7,7,7,9),(0.,
    6.658589270551E-02,0.154651016299,0.245914832354,0.430185516113,
    0.500000001988,0.569814487862,0.754085171622,0.845348987677,
    0.933414109711,1.),.UNSPECIFIED.);
#911 = CARTESIAN_POINT('',(-1.7763568394E-15,-12.01,99.));
#912 = CARTESIAN_POINT('',(0.256657189924,-12.01,99.));
#913 = CARTESIAN_POINT('',(0.511601633187,-12.0037318343,98.981178972144
    ));
#914 = CARTESIAN_POINT('',(0.762563567919,-11.99134092202,
    98.943977358307));
#915 = CARTESIAN_POINT('',(1.007335602344,-11.9732659744,98.889265521101
    ));
#916 = CARTESIAN_POINT('',(1.24382727541,-11.95021409084,98.818338279566
    ));
#917 = CARTESIAN_POINT('',(1.47011860661,-11.9231103502,98.732917324939)
  );
#918 = CARTESIAN_POINT('',(1.684512634982,-11.89302189717,
    98.635161516483));
#919 = CARTESIAN_POINT('',(2.151523671233,-11.81877978287,
    98.385538916995));
#920 = CARTESIAN_POINT('',(2.39661463211,-11.77283033482,98.225077515103
    ));
#921 = CARTESIAN_POINT('',(2.621022289879,-11.72499978395,
    98.049546789596));
#922 = CARTESIAN_POINT('',(2.825177761236,-11.67684204335,
    97.861589878448));
#923 = CARTESIAN_POINT('',(3.009651518094,-11.62965174314,
    97.663355264658));
#924 = CARTESIAN_POINT('',(3.175058160353,-11.58448703978,97.45657834298
    ));
#925 = CARTESIAN_POINT('',(3.3219854188,-11.54221114006,97.242642961791)
  );
#926 = CARTESIAN_POINT('',(3.584573454995,-11.4634374801,96.794624718415
    ));
#927 = CARTESIAN_POINT('',(3.698984374093,-11.42718150853,
    96.559956980151));
#928 = CARTESIAN_POINT('',(3.79457327871,-11.39558483956,96.320011271626
    ));
#929 = CARTESIAN_POINT('',(3.871677924662,-11.36929437647,
    96.075977971208));
#930 = CARTESIAN_POINT('',(3.930562741701,-11.348792575,95.828899216836)
  );
#931 = CARTESIAN_POINT('',(3.971409176561,-11.33440857669,
    95.579714312649));
#932 = CARTESIAN_POINT('',(3.994304483443,-11.32632592539,95.32930416814
    ));
#933 = CARTESIAN_POINT('',(4.00917197173,-11.32107553609,94.572206517447
    ));
#934 = CARTESIAN_POINT('',(3.945771526467,-11.34345542982,
    94.068642000782));
#935 = CARTESIAN_POINT('',(3.811051914842,-11.39128953462,
    93.572601176486));
#936 = CARTESIAN_POINT('',(3.603371141672,-11.46248844266,
    93.089362191249));
#937 = CARTESIAN_POINT('',(3.318798809546,-11.55303081201,
    92.626545846508));
#938 = CARTESIAN_POINT('',(2.952194224102,-11.65607403297,
    92.195826573332));
#939 = CARTESIAN_POINT('',(2.497980618317,-11.76025578489,
    91.814388161652));
#940 = CARTESIAN_POINT('',(1.748571204947,-11.88386101769,
    91.394698724701));
#941 = CARTESIAN_POINT('',(1.528013638554,-11.91603819128,
    91.289419620336));
#942 = CARTESIAN_POINT('',(1.29430317596,-11.94518819874,91.19714493119)
  );
#943 = CARTESIAN_POINT('',(1.04925573304,-11.97009672361,91.120332205202
    ));
#944 = CARTESIAN_POINT('',(0.794952229176,-11.98969910944,
    91.060951868004));
#945 = CARTESIAN_POINT('',(0.533677529378,-12.00317282649,
    91.020499673115));
#946 = CARTESIAN_POINT('',(0.267858331701,-12.01,91.));
#947 = CARTESIAN_POINT('',(-0.267858331701,-12.01,91.));
#948 = CARTESIAN_POINT('',(-0.533677529377,-12.00317282649,
    91.020499673115));
#949 = CARTESIAN_POINT('',(-0.794952229176,-11.98969910944,
    91.060951868004));
#950 = CARTESIAN_POINT('',(-1.04925573304,-11.97009672361,
    91.120332205202));
#951 = CARTESIAN_POINT('',(-1.29430317596,-11.94518819874,91.19714493119
    ));
#952 = CARTESIAN_POINT('',(-1.528013638554,-11.91603819128,
    91.289419620336));
#953 = CARTESIAN_POINT('',(-1.748571204947,-11.88386101769,
    91.394698724701));
#954 = CARTESIAN_POINT('',(-2.497980618317,-11.76025578489,
    91.814388161652));
#955 = CARTESIAN_POINT('',(-2.952194224104,-11.65607403297,
    92.195826573332));
#956 = CARTESIAN_POINT('',(-3.318798809544,-11.55303081201,
    92.626545846509));
#957 = CARTESIAN_POINT('',(-3.603371141675,-11.46248844266,
    93.089362191248));
#958 = CARTESIAN_POINT('',(-3.81105191484,-11.39128953462,
    93.572601176487));
#959 = CARTESIAN_POINT('',(-3.945771526467,-11.34345542982,
    94.068642000782));
#960 = CARTESIAN_POINT('',(-4.00917197173,-11.32107553609,
    94.572206517447));
#961 = CARTESIAN_POINT('',(-3.994304483443,-11.32632592539,
    95.32930416814));
#962 = CARTESIAN_POINT('',(-3.971409176561,-11.33440857669,
    95.579714312649));
#963 = CARTESIAN_POINT('',(-3.930562741701,-11.348792575,95.828899216836
    ));
#964 = CARTESIAN_POINT('',(-3.871677924662,-11.36929437647,
    96.075977971208));
#965 = CARTESIAN_POINT('',(-3.79457327871,-11.39558483956,
    96.320011271626));
#966 = CARTESIAN_POINT('',(-3.698984374093,-11.42718150853,
    96.559956980151));
#967 = CARTESIAN_POINT('',(-3.584573454995,-11.4634374801,
    96.794624718415));
#968 = CARTESIAN_POINT('',(-3.321985421084,-11.54221113938,
    97.242642957895));
#969 = CARTESIAN_POINT('',(-3.175058157151,-11.58448704097,
    97.456578350102));
#970 = CARTESIAN_POINT('',(-3.009651515725,-11.62965174318,
    97.663355263221));
#971 = CARTESIAN_POINT('',(-2.825177766718,-11.67684204218,
    97.861589873316));
#972 = CARTESIAN_POINT('',(-2.621022292239,-11.7249997839,
    98.049546791014));
#973 = CARTESIAN_POINT('',(-2.396614623558,-11.77283033612,
    98.225077518955));
#974 = CARTESIAN_POINT('',(-2.15152367583,-11.81877978214,
    98.385538914538));
#975 = CARTESIAN_POINT('',(-1.684512635242,-11.89302189713,
    98.635161516344));
#976 = CARTESIAN_POINT('',(-1.470118606707,-11.92311035019,
    98.73291732493));
#977 = CARTESIAN_POINT('',(-1.243827275263,-11.95021409087,
    98.81833827965));
#978 = CARTESIAN_POINT('',(-1.007335602089,-11.97326597442,
    98.889265521165));
#979 = CARTESIAN_POINT('',(-0.762563567775,-11.99134092202,
    98.943977358298));
#980 = CARTESIAN_POINT('',(-0.511601633301,-12.00373183428,
    98.981178972102));
#981 = CARTESIAN_POINT('',(-0.256657190216,-12.01,99.));
#982 = CARTESIAN_POINT('',(-1.7763568394E-15,-12.01,99.));
#983 = PCURVE('',#815,#984);
#984 = DEFINITIONAL_REPRESENTATION('',(#985),#1058);
#985 = B_SPLINE_CURVE_WITH_KNOTS('',8,(#986,#987,#988,#989,#990,#991,
    #992,#993,#994,#995,#996,#997,#998,#999,#1000,#1001,#1002,#1003,
    #1004,#1005,#1006,#1007,#1008,#1009,#1010,#1011,#1012,#1013,#1014,
    #1015,#1016,#1017,#1018,#1019,#1020,#1021,#1022,#1023,#1024,#1025,
    #1026,#1027,#1028,#1029,#1030,#1031,#1032,#1033,#1034,#1035,#1036,
    #1037,#1038,#1039,#1040,#1041,#1042,#1043,#1044,#1045,#1046,#1047,
    #1048,#1049,#1050,#1051,#1052,#1053,#1054,#1055,#1056,#1057),
  .UNSPECIFIED.,.F.,.F.,(9,7,7,7,7,7,7,7,7,7,9),(0.,6.658589270551E-02,
    0.154651016299,0.245914832354,0.430185516113,0.500000001988,
    0.569814487862,0.754085171622,0.845348987677,0.933414109711,1.),
  .UNSPECIFIED.);
#986 = CARTESIAN_POINT('',(0.,7.));
#987 = CARTESIAN_POINT('',(6.416429748111E-02,7.));
#988 = CARTESIAN_POINT('',(0.127900365086,7.0062681657));
#989 = CARTESIAN_POINT('',(0.191043528892,7.018659077974));
#990 = CARTESIAN_POINT('',(0.253421438426,7.036734025595));
#991 = CARTESIAN_POINT('',(0.314843019665,7.059785909152));
#992 = CARTESIAN_POINT('',(0.375084843713,7.086889649798));
#993 = CARTESIAN_POINT('',(0.433874911161,7.116978102822));
#994 = CARTESIAN_POINT('',(0.566259471758,7.191220217125));
#995 = CARTESIAN_POINT('',(0.639207481774,7.237169665171));
#996 = CARTESIAN_POINT('',(0.710023778728,7.285000216041));
#997 = CARTESIAN_POINT('',(0.778968113391,7.33315795665));
#998 = CARTESIAN_POINT('',(0.846278662122,7.380348256859));
#999 = CARTESIAN_POINT('',(0.912181842621,7.425512960215));
#1000 = CARTESIAN_POINT('',(0.976897872167,7.467788859933));
#1001 = CARTESIAN_POINT('',(1.106722952359,7.546562519892));
#1002 = CARTESIAN_POINT('',(1.17180023906,7.582818491468));
#1003 = CARTESIAN_POINT('',(1.236075545105,7.614415160433));
#1004 = CARTESIAN_POINT('',(1.299719947554,7.640705623526));
#1005 = CARTESIAN_POINT('',(1.362893891142,7.661207424998));
#1006 = CARTESIAN_POINT('',(1.425753949182,7.67559142331));
#1007 = CARTESIAN_POINT('',(1.488456936259,7.683674074601));
#1008 = CARTESIAN_POINT('',(1.677767840411,7.688924463904));
#1009 = CARTESIAN_POINT('',(1.803324329659,7.666544570176));
#1010 = CARTESIAN_POINT('',(1.929737043461,7.618710465375));
#1011 = CARTESIAN_POINT('',(2.058579857388,7.547511557332));
#1012 = CARTESIAN_POINT('',(2.191355361276,7.45696918799));
#1013 = CARTESIAN_POINT('',(2.329682955419,7.353925967023));
#1014 = CARTESIAN_POINT('',(2.47535372142,7.24974421511));
#1015 = CARTESIAN_POINT('',(2.690085195059,7.126138982306));
#1016 = CARTESIAN_POINT('',(2.751054452969,7.093961808715));
#1017 = CARTESIAN_POINT('',(2.813617208546,7.064811801254));
#1018 = CARTESIAN_POINT('',(2.877477745234,7.039903276381));
#1019 = CARTESIAN_POINT('',(2.942396903031,7.020300890551));
#1020 = CARTESIAN_POINT('',(3.008173322271,7.006827173505));
#1021 = CARTESIAN_POINT('',(3.074628070665,7.));
#1022 = CARTESIAN_POINT('',(3.208557236515,7.));
#1023 = CARTESIAN_POINT('',(3.275011984909,7.006827173505));
#1024 = CARTESIAN_POINT('',(3.340788404148,7.020300890551));
#1025 = CARTESIAN_POINT('',(3.405707561945,7.039903276381));
#1026 = CARTESIAN_POINT('',(3.469568098634,7.064811801254));
#1027 = CARTESIAN_POINT('',(3.532130854211,7.093961808715));
#1028 = CARTESIAN_POINT('',(3.593100112121,7.126138982307));
#1029 = CARTESIAN_POINT('',(3.80783158576,7.24974421511));
#1030 = CARTESIAN_POINT('',(3.953502351761,7.353925967023));
#1031 = CARTESIAN_POINT('',(4.091829945903,7.456969187989));
#1032 = CARTESIAN_POINT('',(4.224605449792,7.547511557332));
#1033 = CARTESIAN_POINT('',(4.353448263718,7.618710465374));
#1034 = CARTESIAN_POINT('',(4.479860977521,7.666544570176));
#1035 = CARTESIAN_POINT('',(4.605417466769,7.688924463904));
#1036 = CARTESIAN_POINT('',(4.794728370921,7.683674074601));
#1037 = CARTESIAN_POINT('',(4.857431357998,7.67559142331));
#1038 = CARTESIAN_POINT('',(4.920291416037,7.661207424998));
#1039 = CARTESIAN_POINT('',(4.983465359625,7.640705623526));
#1040 = CARTESIAN_POINT('',(5.047109762075,7.614415160433));
#1041 = CARTESIAN_POINT('',(5.11138506812,7.582818491468));
#1042 = CARTESIAN_POINT('',(5.17646235482,7.546562519892));
#1043 = CARTESIAN_POINT('',(5.306287433883,7.467788860618));
#1044 = CARTESIAN_POINT('',(5.371003466425,7.425512959024));
#1045 = CARTESIAN_POINT('',(5.436906645248,7.38034825682));
#1046 = CARTESIAN_POINT('',(5.504217191855,7.333157957819));
#1047 = CARTESIAN_POINT('',(5.573161528265,7.285000216095));
#1048 = CARTESIAN_POINT('',(5.643977827688,7.237169663873));
#1049 = CARTESIAN_POINT('',(5.716925834118,7.191220217856));
#1050 = CARTESIAN_POINT('',(5.849310395945,7.116978102864));
#1051 = CARTESIAN_POINT('',(5.908100463445,7.086889649803));
#1052 = CARTESIAN_POINT('',(5.968342287556,7.059785909127));
#1053 = CARTESIAN_POINT('',(6.029763868817,7.036734025573));
#1054 = CARTESIAN_POINT('',(6.092141778322,7.018659077976));
#1055 = CARTESIAN_POINT('',(6.155284942066,7.006268165714));
#1056 = CARTESIAN_POINT('',(6.219021009626,7.));
#1057 = CARTESIAN_POINT('',(6.28318530718,7.));
#1058 = ( GEOMETRIC_REPRESENTATION_CONTEXT(2) 
PARAMETRIC_REPRESENTATION_CONTEXT() REPRESENTATION_CONTEXT('2D SPACE',''
  ) );
#1059 = PCURVE('',#1060,#1065);
#1060 = CYLINDRICAL_SURFACE('',#1061,12.01);
#1061 = AXIS2_PLACEMENT_3D('',#1062,#1063,#1064);
#1062 = CARTESIAN_POINT('',(0.,0.,45.));
#1063 = DIRECTION('',(0.,0.,1.));
#1064 = DIRECTION('',(1.,0.,-0.));
#1065 = DEFINITIONAL_REPRESENTATION('',(#1066),#1139);
#1066 = B_SPLINE_CURVE_WITH_KNOTS('',8,(#1067,#1068,#1069,#1070,#1071,
    #1072,#1073,#1074,#1075,#1076,#1077,#1078,#1079,#1080,#1081,#1082,
    #1083,#1084,#1085,#1086,#1087,#1088,#1089,#1090,#1091,#1092,#1093,
    #1094,#1095,#1096,#1097,#1098,#1099,#1100,#1101,#1102,#1103,#1104,
    #1105,#1106,#1107,#1108,#1109,#1110,#1111,#1112,#1113,#1114,#1115,
    #1116,#1117,#1118,#1119,#1120,#1121,#1122,#1123,#1124,#1125,#1126,
    #1127,#1128,#1129,#1130,#1131,#1132,#1133,#1134,#1135,#1136,#1137,
    #1138),.UNSPECIFIED.,.T.,.F.,(9,7,7,7,7,7,7,7,7,7,9),(0.,
    6.658589270551E-02,0.154651016299,0.245914832354,0.430185516113,
    0.500000001988,0.569814487862,0.754085171622,0.845348987677,
    0.933414109711,1.),.UNSPECIFIED.);
#1067 = CARTESIAN_POINT('',(4.712388980385,54.));
#1068 = CARTESIAN_POINT('',(4.73375927097,54.));
#1069 = CARTESIAN_POINT('',(4.754986969878,53.981178972144));
#1070 = CARTESIAN_POINT('',(4.775897871248,53.943977358307));
#1071 = CARTESIAN_POINT('',(4.796322381169,53.889265521101));
#1072 = CARTESIAN_POINT('',(4.816096977596,53.818338279566));
#1073 = CARTESIAN_POINT('',(4.835066914922,53.732917324939));
#1074 = CARTESIAN_POINT('',(4.853090173247,53.635161516483));
#1075 = CARTESIAN_POINT('',(4.892463650248,53.385538916995));
#1076 = CARTESIAN_POINT('',(4.913218481795,53.225077515103));
#1077 = CARTESIAN_POINT('',(4.932314280025,53.049546789596));
#1078 = CARTESIAN_POINT('',(4.949772578886,52.861589878448));
#1079 = CARTESIAN_POINT('',(4.965622774696,52.663355264659));
#1080 = CARTESIAN_POINT('',(4.979897086592,52.45657834298));
#1081 = CARTESIAN_POINT('',(4.992626373312,52.242642961791));
#1082 = CARTESIAN_POINT('',(5.015453115019,51.794624718415));
#1083 = CARTESIAN_POINT('',(5.025445111898,51.559956980151));
#1084 = CARTESIAN_POINT('',(5.033826907168,51.320011271626));
#1085 = CARTESIAN_POINT('',(5.040609570217,51.075977971208));
#1086 = CARTESIAN_POINT('',(5.045801181649,50.828899216836));
#1087 = CARTESIAN_POINT('',(5.049406926791,50.579714312649));
#1088 = CARTESIAN_POINT('',(5.051428588111,50.32930416814));
#1089 = CARTESIAN_POINT('',(5.052741438501,49.572206517447));
#1090 = CARTESIAN_POINT('',(5.047143293879,49.068642000782));
#1091 = CARTESIAN_POINT('',(5.035239556068,48.572601176487));
#1092 = CARTESIAN_POINT('',(5.016961040673,48.089362191247));
#1093 = CARTESIAN_POINT('',(4.992107896829,47.626545846509));
#1094 = CARTESIAN_POINT('',(4.960446217616,47.195826573331));
#1095 = CARTESIAN_POINT('',(4.921719134347,46.814388161652));
#1096 = CARTESIAN_POINT('',(4.85847729061,46.394698724701));
#1097 = CARTESIAN_POINT('',(4.839921581105,46.289419620336));
#1098 = CARTESIAN_POINT('',(4.820318398306,46.19714493119));
#1099 = CARTESIAN_POINT('',(4.7998207059,46.120332205202));
#1100 = CARTESIAN_POINT('',(4.778596706396,46.060951868004));
#1101 = CARTESIAN_POINT('',(4.756825099046,46.020499673115));
#1102 = CARTESIAN_POINT('',(4.734691922242,46.));
#1103 = CARTESIAN_POINT('',(4.690086038528,46.));
#1104 = CARTESIAN_POINT('',(4.667952861724,46.020499673115));
#1105 = CARTESIAN_POINT('',(4.646181254373,46.060951868004));
#1106 = CARTESIAN_POINT('',(4.624957254869,46.120332205202));
#1107 = CARTESIAN_POINT('',(4.604459562463,46.19714493119));
#1108 = CARTESIAN_POINT('',(4.584856379664,46.289419620336));
#1109 = CARTESIAN_POINT('',(4.566300670159,46.394698724701));
#1110 = CARTESIAN_POINT('',(4.503058826423,46.814388161652));
#1111 = CARTESIAN_POINT('',(4.464331743153,47.195826573332));
#1112 = CARTESIAN_POINT('',(4.43267006394,47.626545846509));
#1113 = CARTESIAN_POINT('',(4.407816920096,48.089362191248));
#1114 = CARTESIAN_POINT('',(4.389538404701,48.572601176487));
#1115 = CARTESIAN_POINT('',(4.377634666891,49.068642000782));
#1116 = CARTESIAN_POINT('',(4.372036522268,49.572206517447));
#1117 = CARTESIAN_POINT('',(4.373349372658,50.32930416814));
#1118 = CARTESIAN_POINT('',(4.375371033978,50.579714312649));
#1119 = CARTESIAN_POINT('',(4.378976779121,50.828899216836));
#1120 = CARTESIAN_POINT('',(4.384168390552,51.075977971208));
#1121 = CARTESIAN_POINT('',(4.390951053602,51.320011271626));
#1122 = CARTESIAN_POINT('',(4.399332848872,51.559956980151));
#1123 = CARTESIAN_POINT('',(4.409324845751,51.794624718415));
#1124 = CARTESIAN_POINT('',(4.432151587258,52.242642957895));
#1125 = CARTESIAN_POINT('',(4.444880874459,52.456578350102));
#1126 = CARTESIAN_POINT('',(4.459155186267,52.663355263221));
#1127 = CARTESIAN_POINT('',(4.475005381416,52.861589873316));
#1128 = CARTESIAN_POINT('',(4.492463680551,53.049546791014));
#1129 = CARTESIAN_POINT('',(4.511559479694,53.225077518955));
#1130 = CARTESIAN_POINT('',(4.532314310134,53.385538914538));
#1131 = CARTESIAN_POINT('',(4.571687787501,53.635161516344));
#1132 = CARTESIAN_POINT('',(4.589711045839,53.73291732493));
#1133 = CARTESIAN_POINT('',(4.608680983186,53.81833827965));
#1134 = CARTESIAN_POINT('',(4.628455579621,53.889265521165));
#1135 = CARTESIAN_POINT('',(4.648880089534,53.943977358298));
#1136 = CARTESIAN_POINT('',(4.669790990881,53.981178972102));
#1137 = CARTESIAN_POINT('',(4.691018689776,54.));
#1138 = CARTESIAN_POINT('',(4.712388980385,54.));
#1139 = ( GEOMETRIC_REPRESENTATION_CONTEXT(2) 
PARAMETRIC_REPRESENTATION_CONTEXT() REPRESENTATION_CONTEXT('2D SPACE',''
  ) );
#1140 = ORIENTED_EDGE('',*,*,#1141,.F.);
#1141 = EDGE_CURVE('',#648,#907,#1142,.T.);
#1142 = SEAM_CURVE('',#1143,(#1147,#1154),.PCURVE_S1.);
#1143 = LINE('',#1144,#1145);
#1144 = CARTESIAN_POINT('',(-9.797174393179E-16,-19.01,99.));
#1145 = VECTOR('',#1146,1.);
#1146 = DIRECTION('',(0.,1.,0.));
#1147 = PCURVE('',#815,#1148);
#1148 = DEFINITIONAL_REPRESENTATION('',(#1149),#1153);
#1149 = LINE('',#1150,#1151);
#1150 = CARTESIAN_POINT('',(6.28318530718,-0.));
#1151 = VECTOR('',#1152,1.);
#1152 = DIRECTION('',(0.,1.));
#1153 = ( GEOMETRIC_REPRESENTATION_CONTEXT(2) 
PARAMETRIC_REPRESENTATION_CONTEXT() REPRESENTATION_CONTEXT('2D SPACE',''
  ) );
#1154 = PCURVE('',#815,#1155);
#1155 = DEFINITIONAL_REPRESENTATION('',(#1156),#1160);
#1156 = LINE('',#1157,#1158);
#1157 = CARTESIAN_POINT('',(0.,-0.));
#1158 = VECTOR('',#1159,1.);
#1159 = DIRECTION('',(0.,1.));
#1160 = ( GEOMETRIC_REPRESENTATION_CONTEXT(2) 
PARAMETRIC_REPRESENTATION_CONTEXT() REPRESENTATION_CONTEXT('2D SPACE',''
  ) );
#1161 = ORIENTED_EDGE('',*,*,#647,.T.);
#1162 = ORIENTED_EDGE('',*,*,#1141,.T.);
#1163 = ADVANCED_FACE('',(#1164,#1241,#1431,#1663),#1060,.F.);
#1164 = FACE_BOUND('',#1165,.F.);
#1165 = EDGE_LOOP('',(#1166,#1195,#1218,#1240));
#1166 = ORIENTED_EDGE('',*,*,#1167,.T.);
#1167 = EDGE_CURVE('',#1168,#1168,#1170,.T.);
#1168 = VERTEX_POINT('',#1169);
#1169 = CARTESIAN_POINT('',(12.01,-2.941601611552E-15,45.));
#1170 = SURFACE_CURVE('',#1171,(#1176,#1183),.PCURVE_S1.);
#1171 = CIRCLE('',#1172,12.01);
#1172 = AXIS2_PLACEMENT_3D('',#1173,#1174,#1175);
#1173 = CARTESIAN_POINT('',(0.,0.,45.));
#1174 = DIRECTION('',(0.,0.,1.));
#1175 = DIRECTION('',(1.,0.,-0.));
#1176 = PCURVE('',#1060,#1177);
#1177 = DEFINITIONAL_REPRESENTATION('',(#1178),#1182);
#1178 = LINE('',#1179,#1180);
#1179 = CARTESIAN_POINT('',(0.,0.));
#1180 = VECTOR('',#1181,1.);
#1181 = DIRECTION('',(1.,0.));
#1182 = ( GEOMETRIC_REPRESENTATION_CONTEXT(2) 
PARAMETRIC_REPRESENTATION_CONTEXT() REPRESENTATION_CONTEXT('2D SPACE',''
  ) );
#1183 = PCURVE('',#1184,#1189);
#1184 = PLANE('',#1185);
#1185 = AXIS2_PLACEMENT_3D('',#1186,#1187,#1188);
#1186 = CARTESIAN_POINT('',(0.,0.,45.));
#1187 = DIRECTION('',(0.,0.,1.));
#1188 = DIRECTION('',(1.,0.,-0.));
#1189 = DEFINITIONAL_REPRESENTATION('',(#1190),#1194);
#1190 = CIRCLE('',#1191,12.01);
#1191 = AXIS2_PLACEMENT_2D('',#1192,#1193);
#1192 = CARTESIAN_POINT('',(0.,0.));
#1193 = DIRECTION('',(1.,0.));
#1194 = ( GEOMETRIC_REPRESENTATION_CONTEXT(2) 
PARAMETRIC_REPRESENTATION_CONTEXT() REPRESENTATION_CONTEXT('2D SPACE',''
  ) );
#1195 = ORIENTED_EDGE('',*,*,#1196,.T.);
#1196 = EDGE_CURVE('',#1168,#1197,#1199,.T.);
#1197 = VERTEX_POINT('',#1198);
#1198 = CARTESIAN_POINT('',(12.01,-2.941601611552E-15,110.));
#1199 = SEAM_CURVE('',#1200,(#1204,#1211),.PCURVE_S1.);
#1200 = LINE('',#1201,#1202);
#1201 = CARTESIAN_POINT('',(12.01,-2.941601611552E-15,45.));
#1202 = VECTOR('',#1203,1.);
#1203 = DIRECTION('',(0.,0.,1.));
#1204 = PCURVE('',#1060,#1205);
#1205 = DEFINITIONAL_REPRESENTATION('',(#1206),#1210);
#1206 = LINE('',#1207,#1208);
#1207 = CARTESIAN_POINT('',(0.,-0.));
#1208 = VECTOR('',#1209,1.);
#1209 = DIRECTION('',(0.,1.));
#1210 = ( GEOMETRIC_REPRESENTATION_CONTEXT(2) 
PARAMETRIC_REPRESENTATION_CONTEXT() REPRESENTATION_CONTEXT('2D SPACE',''
  ) );
#1211 = PCURVE('',#1060,#1212);
#1212 = DEFINITIONAL_REPRESENTATION('',(#1213),#1217);
#1213 = LINE('',#1214,#1215);
#1214 = CARTESIAN_POINT('',(6.28318530718,-0.));
#1215 = VECTOR('',#1216,1.);
#1216 = DIRECTION('',(0.,1.));
#1217 = ( GEOMETRIC_REPRESENTATION_CONTEXT(2) 
PARAMETRIC_REPRESENTATION_CONTEXT() REPRESENTATION_CONTEXT('2D SPACE',''
  ) );
#1218 = ORIENTED_EDGE('',*,*,#1219,.F.);
#1219 = EDGE_CURVE('',#1197,#1197,#1220,.T.);
#1220 = SURFACE_CURVE('',#1221,(#1226,#1233),.PCURVE_S1.);
#1221 = CIRCLE('',#1222,12.01);
#1222 = AXIS2_PLACEMENT_3D('',#1223,#1224,#1225);
#1223 = CARTESIAN_POINT('',(0.,0.,110.));
#1224 = DIRECTION('',(0.,0.,1.));
#1225 = DIRECTION('',(1.,0.,-0.));
#1226 = PCURVE('',#1060,#1227);
#1227 = DEFINITIONAL_REPRESENTATION('',(#1228),#1232);
#1228 = LINE('',#1229,#1230);
#1229 = CARTESIAN_POINT('',(0.,65.));
#1230 = VECTOR('',#1231,1.);
#1231 = DIRECTION('',(1.,0.));
#1232 = ( GEOMETRIC_REPRESENTATION_CONTEXT(2) 
PARAMETRIC_REPRESENTATION_CONTEXT() REPRESENTATION_CONTEXT('2D SPACE',''
  ) );
#1233 = PCURVE('',#180,#1234);
#1234 = DEFINITIONAL_REPRESENTATION('',(#1235),#1239);
#1235 = CIRCLE('',#1236,12.01);
#1236 = AXIS2_PLACEMENT_2D('',#1237,#1238);
#1237 = CARTESIAN_POINT('',(0.,0.));
#1238 = DIRECTION('',(1.,0.));
#1239 = ( GEOMETRIC_REPRESENTATION_CONTEXT(2) 
PARAMETRIC_REPRESENTATION_CONTEXT() REPRESENTATION_CONTEXT('2D SPACE',''
  ) );
#1240 = ORIENTED_EDGE('',*,*,#1196,.F.);
#1241 = FACE_BOUND('',#1242,.F.);
#1242 = EDGE_LOOP('',(#1243));
#1243 = ORIENTED_EDGE('',*,*,#1244,.F.);
#1244 = EDGE_CURVE('',#1245,#1245,#1247,.T.);
#1245 = VERTEX_POINT('',#1246);
#1246 = CARTESIAN_POINT('',(-7.347880794884E-16,12.01,73.));
#1247 = SURFACE_CURVE('',#1248,(#1307,#1369),.PCURVE_S1.);
#1248 = B_SPLINE_CURVE_WITH_KNOTS('',8,(#1249,#1250,#1251,#1252,#1253,
    #1254,#1255,#1256,#1257,#1258,#1259,#1260,#1261,#1262,#1263,#1264,
    #1265,#1266,#1267,#1268,#1269,#1270,#1271,#1272,#1273,#1274,#1275,
    #1276,#1277,#1278,#1279,#1280,#1281,#1282,#1283,#1284,#1285,#1286,
    #1287,#1288,#1289,#1290,#1291,#1292,#1293,#1294,#1295,#1296,#1297,
    #1298,#1299,#1300,#1301,#1302,#1303,#1304,#1305,#1306),
  .UNSPECIFIED.,.T.,.F.,(9,7,7,7,7,7,7,7,9),(0.,6.748807872881E-02,
    0.17188069989,0.345315892587,0.435756802603,0.536364986144,
    0.730389554775,0.84704770584,1.),.UNSPECIFIED.);
#1249 = CARTESIAN_POINT('',(0.,12.01,73.));
#1250 = CARTESIAN_POINT('',(0.216548386017,12.01,73.));
#1251 = CARTESIAN_POINT('',(0.431387694743,12.005538123553,
    72.982135694561));
#1252 = CARTESIAN_POINT('',(0.642258770715,11.996735725947,
    72.946901544756));
#1253 = CARTESIAN_POINT('',(0.846985770745,11.983969170323,
    72.895231999101));
#1254 = CARTESIAN_POINT('',(1.043541560489,11.967837952962,
    72.828492243145));
#1255 = CARTESIAN_POINT('',(1.230112447051,11.949109263265,
    72.748474310747));
#1256 = CARTESIAN_POINT('',(1.40516224762,11.928638978431,
    72.657398557036));
#1257 = CARTESIAN_POINT('',(1.818598026654,11.874213501154,
    72.404044785799));
#1258 = CARTESIAN_POINT('',(2.042480739733,11.838584360058,
    72.228099757874));
#1259 = CARTESIAN_POINT('',(2.239522570624,11.802600307622,
    72.035226095564));
#1260 = CARTESIAN_POINT('',(2.410555607604,11.768053105424,
    71.829360021675));
#1261 = CARTESIAN_POINT('',(2.556572002671,11.736288264149,
    71.613530715548));
#1262 = CARTESIAN_POINT('',(2.678530298685,11.70828220768,
    71.390074611033));
#1263 = CARTESIAN_POINT('',(2.777223316656,11.684744048254,
    71.160789451769));
#1264 = CARTESIAN_POINT('',(2.979344648954,11.635311678568,
    70.538723954843));
#1265 = CARTESIAN_POINT('',(3.042312928011,11.618259112556,
    70.139399499851));
#1266 = CARTESIAN_POINT('',(3.045035615379,11.617165931099,
    69.735945381475));
#1267 = CARTESIAN_POINT('',(2.988070573945,11.632609810111,
    69.333629689437));
#1268 = CARTESIAN_POINT('',(2.870296825248,11.663953066049,
    68.938129718679));
#1269 = CARTESIAN_POINT('',(2.689132138259,11.709092474368,
    68.55645501396));
#1270 = CARTESIAN_POINT('',(2.440783446572,11.763843731339,
    68.198142759453));
#1271 = CARTESIAN_POINT('',(1.954730545355,11.851066380235,
    67.712089858235));
#1272 = CARTESIAN_POINT('',(1.773152553743,11.880881210802,
    67.560414730576));
#1273 = CARTESIAN_POINT('',(1.578181039004,11.909486281348,
    67.425271806961));
#1274 = CARTESIAN_POINT('',(1.371600450933,11.935772145259,
    67.308035396228));
#1275 = CARTESIAN_POINT('',(1.155342155028,11.958743347524,
    67.209834501085));
#1276 = CARTESIAN_POINT('',(0.931448180258,11.97758834361,
    67.131547998953));
#1277 = CARTESIAN_POINT('',(0.702041578428,11.991725794078,
    67.07379708512));
#1278 = CARTESIAN_POINT('',(0.21040102606,12.010951850406,
    66.995928871392));
#1279 = CARTESIAN_POINT('',(-5.433178325189E-02,12.014911008344,
    66.98050133399));
#1280 = CARTESIAN_POINT('',(-0.320107025844,12.012036927671,
    66.992033875697));
#1281 = CARTESIAN_POINT('',(-0.581949736183,12.002278909145,
    67.030434461473));
#1282 = CARTESIAN_POINT('',(-0.834993294133,11.986324937752,
    67.094209529553));
#1283 = CARTESIAN_POINT('',(-1.07476077728,11.965491003091,
    67.180480952965));
#1284 = CARTESIAN_POINT('',(-1.297420015297,11.941460976771,
    67.284964179946));
#1285 = CARTESIAN_POINT('',(-1.890678896705,11.866780604343,
    67.627482354826));
#1286 = CARTESIAN_POINT('',(-2.21880031288,11.810604846733,
    67.906441463141));
#1287 = CARTESIAN_POINT('',(-2.485285454738,11.755410395398,
    68.22026419661));
#1288 = CARTESIAN_POINT('',(-2.693575608472,11.706986887015,
    68.556953467745));
#1289 = CARTESIAN_POINT('',(-2.847149021608,11.668705748755,
    68.908201303526));
#1290 = CARTESIAN_POINT('',(-2.948796258411,11.642487299409,
    69.268314400738));
#1291 = CARTESIAN_POINT('',(-3.,11.629277707579,69.633381900644));
#1292 = CARTESIAN_POINT('',(-3.,11.629277707579,70.220430793481));
#1293 = CARTESIAN_POINT('',(-2.981489901095,11.634052907531,
    70.440732043616));
#1294 = CARTESIAN_POINT('',(-2.94450622962,11.643593156488,
    70.659936462113));
#1295 = CARTESIAN_POINT('',(-2.888906064368,11.657760611303,
    70.877037978616));
#1296 = CARTESIAN_POINT('',(-2.814386781111,11.676282407406,
    71.090934604637));
#1297 = CARTESIAN_POINT('',(-2.720508350512,11.698732518743,
    71.300352800531));
#1298 = CARTESIAN_POINT('',(-2.606718189471,11.724502806871,
    71.503753345521));
#1299 = CARTESIAN_POINT('',(-2.296243821408,11.789815972457,
    71.955496354223));
#1300 = CARTESIAN_POINT('',(-2.079622309345,11.832235633133,
    72.205643292056));
#1301 = CARTESIAN_POINT('',(-1.820968325723,11.877851080674,
    72.438818985331));
#1302 = CARTESIAN_POINT('',(-1.521141087006,11.923094372776,
    72.644605222582));
#1303 = CARTESIAN_POINT('',(-1.183161145288,11.963299606713,
    72.813039561565));
#1304 = CARTESIAN_POINT('',(-0.811970873476,11.993657440737,
    72.934575921805));
#1305 = CARTESIAN_POINT('',(-0.414413960049,12.01,73.));
#1306 = CARTESIAN_POINT('',(0.,12.01,73.));
#1307 = PCURVE('',#1060,#1308);
#1308 = DEFINITIONAL_REPRESENTATION('',(#1309),#1368);
#1309 = B_SPLINE_CURVE_WITH_KNOTS('',8,(#1310,#1311,#1312,#1313,#1314,
    #1315,#1316,#1317,#1318,#1319,#1320,#1321,#1322,#1323,#1324,#1325,
    #1326,#1327,#1328,#1329,#1330,#1331,#1332,#1333,#1334,#1335,#1336,
    #1337,#1338,#1339,#1340,#1341,#1342,#1343,#1344,#1345,#1346,#1347,
    #1348,#1349,#1350,#1351,#1352,#1353,#1354,#1355,#1356,#1357,#1358,
    #1359,#1360,#1361,#1362,#1363,#1364,#1365,#1366,#1367),
  .UNSPECIFIED.,.T.,.F.,(9,7,7,7,7,7,7,7,9),(0.,6.748807872881E-02,
    0.17188069989,0.345315892587,0.435756802603,0.536364986144,
    0.730389554775,0.84704770584,1.),.UNSPECIFIED.);
#1310 = CARTESIAN_POINT('',(1.570796326795,28.));
#1311 = CARTESIAN_POINT('',(1.552765653521,28.));
#1312 = CARTESIAN_POINT('',(1.534877273115,27.982135694561));
#1313 = CARTESIAN_POINT('',(1.517310417591,27.946901544756));
#1314 = CARTESIAN_POINT('',(1.500237799434,27.895231999101));
#1315 = CARTESIAN_POINT('',(1.483822419604,27.828492243145));
#1316 = CARTESIAN_POINT('',(1.468213304869,27.748474310747));
#1317 = CARTESIAN_POINT('',(1.45354017448,27.657398557036));
#1318 = CARTESIAN_POINT('',(1.418818881477,27.404044785799));
#1319 = CARTESIAN_POINT('',(1.399949792674,27.228099757874));
#1320 = CARTESIAN_POINT('',(1.383278279918,27.035226095564));
#1321 = CARTESIAN_POINT('',(1.368753600624,26.829360021675));
#1322 = CARTESIAN_POINT('',(1.356313082417,26.613530715548));
#1323 = CARTESIAN_POINT('',(1.345894694435,26.390074611033));
#1324 = CARTESIAN_POINT('',(1.337446774594,26.160789451769));
#1325 = CARTESIAN_POINT('',(1.320121351467,25.538723954843));
#1326 = CARTESIAN_POINT('',(1.314691145164,25.139399499851));
#1327 = CARTESIAN_POINT('',(1.314447426052,24.735945381475));
#1328 = CARTESIAN_POINT('',(1.319362389508,24.333629689437));
#1329 = CARTESIAN_POINT('',(1.329510733549,23.938129718678));
#1330 = CARTESIAN_POINT('',(1.345052028195,23.55645501396));
#1331 = CARTESIAN_POINT('',(1.366210614006,23.198142759453));
#1332 = CARTESIAN_POINT('',(1.407327765011,22.712089858235));
#1333 = CARTESIAN_POINT('',(1.422647451531,22.560414730576));
#1334 = CARTESIAN_POINT('',(1.439051235374,22.425271806961));
#1335 = CARTESIAN_POINT('',(1.456384014544,22.308035396228));
#1336 = CARTESIAN_POINT('',(1.474483641588,22.209834501085));
#1337 = CARTESIAN_POINT('',(1.49318408798,22.131547998953));
#1338 = CARTESIAN_POINT('',(1.512316810929,22.07379708512));
#1339 = CARTESIAN_POINT('',(1.553284032833,21.995928871392));
#1340 = CARTESIAN_POINT('',(1.575322794502,21.98050133399));
#1341 = CARTESIAN_POINT('',(1.597441270516,21.992033875697));
#1342 = CARTESIAN_POINT('',(1.61924370634,22.030434461473));
#1343 = CARTESIAN_POINT('',(1.640342443815,22.094209529553));
#1344 = CARTESIAN_POINT('',(1.660374329493,22.180480952965));
#1345 = CARTESIAN_POINT('',(1.67901852863,22.284964179946));
#1346 = CARTESIAN_POINT('',(1.728805443582,22.627482354826));
#1347 = CARTESIAN_POINT('',(1.756496367554,22.906441463141));
#1348 = CARTESIAN_POINT('',(1.779139082668,23.22026419661));
#1349 = CARTESIAN_POINT('',(1.796940358647,23.556953467745));
#1350 = CARTESIAN_POINT('',(1.810117905959,23.908201303526));
#1351 = CARTESIAN_POINT('',(1.818858611799,24.268314400738));
#1352 = CARTESIAN_POINT('',(1.823261601316,24.633381900644));
#1353 = CARTESIAN_POINT('',(1.823261601316,25.220430793481));
#1354 = CARTESIAN_POINT('',(1.821669909747,25.440732043616));
#1355 = CARTESIAN_POINT('',(1.818489715515,25.659936462113));
#1356 = CARTESIAN_POINT('',(1.813712312142,25.877037978616));
#1357 = CARTESIAN_POINT('',(1.807318988392,26.090934604637));
#1358 = CARTESIAN_POINT('',(1.799282660285,26.300352800531));
#1359 = CARTESIAN_POINT('',(1.789569244498,26.503753345521));
#1360 = CARTESIAN_POINT('',(1.763152106569,26.955496354223));
#1361 = CARTESIAN_POINT('',(1.74477456285,27.205643292055));
#1362 = CARTESIAN_POINT('',(1.722912282277,27.438818985334));
#1363 = CARTESIAN_POINT('',(1.697681540755,27.644605222579));
#1364 = CARTESIAN_POINT('',(1.669373602803,27.813039561567));
#1365 = CARTESIAN_POINT('',(1.638404225778,27.934575921805));
#1366 = CARTESIAN_POINT('',(1.605302068681,28.));
#1367 = CARTESIAN_POINT('',(1.570796326795,28.));
#1368 = ( GEOMETRIC_REPRESENTATION_CONTEXT(2) 
PARAMETRIC_REPRESENTATION_CONTEXT() REPRESENTATION_CONTEXT('2D SPACE',''
  ) );
#1369 = PCURVE('',#320,#1370);
#1370 = DEFINITIONAL_REPRESENTATION('',(#1371),#1430);
#1371 = B_SPLINE_CURVE_WITH_KNOTS('',8,(#1372,#1373,#1374,#1375,#1376,
    #1377,#1378,#1379,#1380,#1381,#1382,#1383,#1384,#1385,#1386,#1387,
    #1388,#1389,#1390,#1391,#1392,#1393,#1394,#1395,#1396,#1397,#1398,
    #1399,#1400,#1401,#1402,#1403,#1404,#1405,#1406,#1407,#1408,#1409,
    #1410,#1411,#1412,#1413,#1414,#1415,#1416,#1417,#1418,#1419,#1420,
    #1421,#1422,#1423,#1424,#1425,#1426,#1427,#1428,#1429),
  .UNSPECIFIED.,.F.,.F.,(9,7,7,7,7,7,7,7,9),(0.,6.748807872881E-02,
    0.17188069989,0.345315892587,0.435756802603,0.536364986144,
    0.730389554775,0.84704770584,1.),.UNSPECIFIED.);
#1372 = CARTESIAN_POINT('',(0.,12.01));
#1373 = CARTESIAN_POINT('',(7.218279533899E-02,12.01));
#1374 = CARTESIAN_POINT('',(0.143795835317,12.005538123553));
#1375 = CARTESIAN_POINT('',(0.214659503582,11.996735725947));
#1376 = CARTESIAN_POINT('',(0.284582892788,11.983969170323));
#1377 = CARTESIAN_POINT('',(0.353349964007,11.967837952962));
#1378 = CARTESIAN_POINT('',(0.420701901136,11.949109263265));
#1379 = CARTESIAN_POINT('',(0.48631566032,11.928638978431));
#1380 = CARTESIAN_POINT('',(0.647945304461,11.874213501154));
#1381 = CARTESIAN_POINT('',(0.742219610872,11.838584360058));
#1382 = CARTESIAN_POINT('',(0.833254312274,11.802600307622));
#1383 = CARTESIAN_POINT('',(0.921565589281,11.768053105424));
#1384 = CARTESIAN_POINT('',(1.007620512128,11.736288264149));
#1385 = CARTESIAN_POINT('',(1.091861208696,11.70828220768));
#1386 = CARTESIAN_POINT('',(1.174714671392,11.684744048254));
#1387 = CARTESIAN_POINT('',(1.392740795065,11.635311678568));
#1388 = CARTESIAN_POINT('',(1.525821038539,11.618259112556));
#1389 = CARTESIAN_POINT('',(1.657841155797,11.617165931099));
#1390 = CARTESIAN_POINT('',(1.79033846263,11.632609810111));
#1391 = CARTESIAN_POINT('',(1.92474493938,11.663953066049));
#1392 = CARTESIAN_POINT('',(2.062605815426,11.709092474368));
#1393 = CARTESIAN_POINT('',(2.205598139206,11.763843731339));
#1394 = CARTESIAN_POINT('',(2.434725674184,11.851066380235));
#1395 = CARTESIAN_POINT('',(2.513274063481,11.880881210802));
#1396 = CARTESIAN_POINT('',(2.591821108488,11.909486281348));
#1397 = CARTESIAN_POINT('',(2.670360661817,11.935772145259));
#1398 = CARTESIAN_POINT('',(2.748894431907,11.958743347524));
#1399 = CARTESIAN_POINT('',(2.827427884155,11.97758834361));
#1400 = CARTESIAN_POINT('',(2.905966589565,11.991725794078));
#1401 = CARTESIAN_POINT('',(3.071889560796,12.010951850406));
#1402 = CARTESIAN_POINT('',(3.159851706518,12.014911008344));
#1403 = CARTESIAN_POINT('',(3.247768493627,12.012036927671));
#1404 = CARTESIAN_POINT('',(3.335078386479,12.002278909145));
#1405 = CARTESIAN_POINT('',(3.421213006636,11.986324937752));
#1406 = CARTESIAN_POINT('',(3.505528145312,11.965491003091));
#1407 = CARTESIAN_POINT('',(3.587218356721,11.941460976771));
#1408 = CARTESIAN_POINT('',(3.815563806641,11.866780604343));
#1409 = CARTESIAN_POINT('',(3.956778215314,11.810604846733));
#1410 = CARTESIAN_POINT('',(4.091186052041,11.755410395398));
#1411 = CARTESIAN_POINT('',(4.2203400455,11.706986887015));
#1412 = CARTESIAN_POINT('',(4.345678381054,11.668705748755));
#1413 = CARTESIAN_POINT('',(4.468493053009,11.642487299409));
#1414 = CARTESIAN_POINT('',(4.590182947266,11.629277707579));
#1415 = CARTESIAN_POINT('',(4.785865911545,11.629277707579));
#1416 = CARTESIAN_POINT('',(4.859300088326,11.634052907531));
#1417 = CARTESIAN_POINT('',(4.932971632686,11.643593156488));
#1418 = CARTESIAN_POINT('',(5.007149882365,11.657760611303));
#1419 = CARTESIAN_POINT('',(5.082102586567,11.676282407406));
#1420 = CARTESIAN_POINT('',(5.158107722095,11.698732518743));
#1421 = CARTESIAN_POINT('',(5.23546792994,11.724502806871));
#1422 = CARTESIAN_POINT('',(5.418183884098,11.789815972457));
#1423 = CARTESIAN_POINT('',(5.527800246705,11.832235633133));
#1424 = CARTESIAN_POINT('',(5.642385915349,11.877851080674));
#1425 = CARTESIAN_POINT('',(5.761440041101,11.923094372776));
#1426 = CARTESIAN_POINT('',(5.884782786487,11.963299606713));
#1427 = CARTESIAN_POINT('',(6.012528119778,11.993657440737));
#1428 = CARTESIAN_POINT('',(6.145047320497,12.01));
#1429 = CARTESIAN_POINT('',(6.28318530718,12.01));
#1430 = ( GEOMETRIC_REPRESENTATION_CONTEXT(2) 
PARAMETRIC_REPRESENTATION_CONTEXT() REPRESENTATION_CONTEXT('2D SPACE',''
  ) );
#1431 = FACE_BOUND('',#1432,.F.);
#1432 = EDGE_LOOP('',(#1433));
#1433 = ORIENTED_EDGE('',*,*,#1434,.F.);
#1434 = EDGE_CURVE('',#1435,#1435,#1437,.T.);
#1435 = VERTEX_POINT('',#1436);
#1436 = CARTESIAN_POINT('',(-9.797174393179E-16,12.01,99.));
#1437 = SURFACE_CURVE('',#1438,(#1511,#1587),.PCURVE_S1.);
#1438 = B_SPLINE_CURVE_WITH_KNOTS('',8,(#1439,#1440,#1441,#1442,#1443,
    #1444,#1445,#1446,#1447,#1448,#1449,#1450,#1451,#1452,#1453,#1454,
    #1455,#1456,#1457,#1458,#1459,#1460,#1461,#1462,#1463,#1464,#1465,
    #1466,#1467,#1468,#1469,#1470,#1471,#1472,#1473,#1474,#1475,#1476,
    #1477,#1478,#1479,#1480,#1481,#1482,#1483,#1484,#1485,#1486,#1487,
    #1488,#1489,#1490,#1491,#1492,#1493,#1494,#1495,#1496,#1497,#1498,
    #1499,#1500,#1501,#1502,#1503,#1504,#1505,#1506,#1507,#1508,#1509,
    #1510),.UNSPECIFIED.,.T.,.F.,(9,7,7,7,7,7,7,7,7,7,9),(0.,
    6.65858923663E-02,0.154651015625,0.245914831333,0.430185514391,0.5,
    0.569814485609,0.754085168668,0.845348984376,0.933414107634,1.),
  .UNSPECIFIED.);
#1439 = CARTESIAN_POINT('',(0.,12.01,99.));
#1440 = CARTESIAN_POINT('',(0.256657190216,12.01,99.));
#1441 = CARTESIAN_POINT('',(0.511601633301,12.003731834286,
    98.981178972102));
#1442 = CARTESIAN_POINT('',(0.762563567775,11.991340922024,
    98.943977358298));
#1443 = CARTESIAN_POINT('',(1.007335602089,11.973265974427,
    98.889265521165));
#1444 = CARTESIAN_POINT('',(1.243827275263,11.950214090873,
    98.81833827965));
#1445 = CARTESIAN_POINT('',(1.470118606707,11.923110350197,
    98.73291732493));
#1446 = CARTESIAN_POINT('',(1.684512635242,11.893021897136,
    98.635161516344));
#1447 = CARTESIAN_POINT('',(2.151523671233,11.818779782875,
    98.385538916995));
#1448 = CARTESIAN_POINT('',(2.39661463211,11.772830334829,
    98.225077515103));
#1449 = CARTESIAN_POINT('',(2.621022289879,11.724999783959,
    98.049546789596));
#1450 = CARTESIAN_POINT('',(2.825177761236,11.67684204335,
    97.861589878448));
#1451 = CARTESIAN_POINT('',(3.009651518094,11.629651743141,
    97.663355264659));
#1452 = CARTESIAN_POINT('',(3.175058160353,11.584487039785,
    97.45657834298));
#1453 = CARTESIAN_POINT('',(3.3219854188,11.542211140067,97.242642961791
    ));
#1454 = CARTESIAN_POINT('',(3.584573454995,11.463437480108,
    96.794624718415));
#1455 = CARTESIAN_POINT('',(3.698984374093,11.427181508532,
    96.559956980151));
#1456 = CARTESIAN_POINT('',(3.79457327871,11.395584839567,
    96.320011271626));
#1457 = CARTESIAN_POINT('',(3.871677924662,11.369294376474,
    96.075977971208));
#1458 = CARTESIAN_POINT('',(3.930562741701,11.348792575002,
    95.828899216836));
#1459 = CARTESIAN_POINT('',(3.971409176561,11.33440857669,
    95.579714312649));
#1460 = CARTESIAN_POINT('',(3.994304483443,11.326325925399,
    95.32930416814));
#1461 = CARTESIAN_POINT('',(4.00917197173,11.321075536096,
    94.572206517447));
#1462 = CARTESIAN_POINT('',(3.945771526467,11.343455429824,
    94.068642000779));
#1463 = CARTESIAN_POINT('',(3.811051914842,11.391289534626,
    93.57260117649));
#1464 = CARTESIAN_POINT('',(3.603371141673,11.462488442668,
    93.089362191247));
#1465 = CARTESIAN_POINT('',(3.318798809545,11.553030812011,
    92.626545846509));
#1466 = CARTESIAN_POINT('',(2.952194224103,11.656074032977,
    92.195826573331));
#1467 = CARTESIAN_POINT('',(2.497980618317,11.76025578489,
    91.814388161652));
#1468 = CARTESIAN_POINT('',(1.748571204947,11.883861017694,
    91.394698724701));
#1469 = CARTESIAN_POINT('',(1.528013638554,11.916038191285,
    91.289419620336));
#1470 = CARTESIAN_POINT('',(1.29430317596,11.945188198746,91.19714493119
    ));
#1471 = CARTESIAN_POINT('',(1.04925573304,11.970096723619,
    91.120332205202));
#1472 = CARTESIAN_POINT('',(0.794952229176,11.989699109449,
    91.060951868004));
#1473 = CARTESIAN_POINT('',(0.533677529377,12.003172826495,
    91.020499673115));
#1474 = CARTESIAN_POINT('',(0.267858331701,12.01,91.));
#1475 = CARTESIAN_POINT('',(-0.267858331701,12.01,91.));
#1476 = CARTESIAN_POINT('',(-0.533677529377,12.003172826495,
    91.020499673115));
#1477 = CARTESIAN_POINT('',(-0.794952229176,11.989699109449,
    91.060951868004));
#1478 = CARTESIAN_POINT('',(-1.04925573304,11.970096723619,
    91.120332205202));
#1479 = CARTESIAN_POINT('',(-1.294303175961,11.945188198746,
    91.19714493119));
#1480 = CARTESIAN_POINT('',(-1.528013638554,11.916038191285,
    91.289419620336));
#1481 = CARTESIAN_POINT('',(-1.748571204947,11.883861017694,
    91.394698724701));
#1482 = CARTESIAN_POINT('',(-2.497980618318,11.76025578489,
    91.814388161652));
#1483 = CARTESIAN_POINT('',(-2.952194224101,11.656074032978,
    92.19582657333));
#1484 = CARTESIAN_POINT('',(-3.318798809547,11.55303081201,
    92.626545846511));
#1485 = CARTESIAN_POINT('',(-3.603371141672,11.462488442668,
    93.089362191246));
#1486 = CARTESIAN_POINT('',(-3.811051914841,11.391289534626,
    93.572601176488));
#1487 = CARTESIAN_POINT('',(-3.945771526467,11.343455429824,
    94.068642000782));
#1488 = CARTESIAN_POINT('',(-4.00917197173,11.321075536096,
    94.572206517447));
#1489 = CARTESIAN_POINT('',(-3.994304483443,11.326325925399,
    95.32930416814));
#1490 = CARTESIAN_POINT('',(-3.971409176561,11.33440857669,
    95.579714312649));
#1491 = CARTESIAN_POINT('',(-3.930562741701,11.348792575002,
    95.828899216836));
#1492 = CARTESIAN_POINT('',(-3.871677924662,11.369294376474,
    96.075977971208));
#1493 = CARTESIAN_POINT('',(-3.79457327871,11.395584839567,
    96.320011271626));
#1494 = CARTESIAN_POINT('',(-3.698984374093,11.427181508532,
    96.559956980151));
#1495 = CARTESIAN_POINT('',(-3.584573454995,11.463437480108,
    96.794624718415));
#1496 = CARTESIAN_POINT('',(-3.3219854188,11.542211140067,
    97.242642961791));
#1497 = CARTESIAN_POINT('',(-3.175058160353,11.584487039785,
    97.456578342979));
#1498 = CARTESIAN_POINT('',(-3.009651518093,11.629651743141,
    97.663355264659));
#1499 = CARTESIAN_POINT('',(-2.825177761237,11.67684204335,
    97.861589878448));
#1500 = CARTESIAN_POINT('',(-2.621022289879,11.724999783958,
    98.049546789595));
#1501 = CARTESIAN_POINT('',(-2.39661463211,11.772830334829,
    98.225077515103));
#1502 = CARTESIAN_POINT('',(-2.151523671233,11.818779782875,
    98.385538916995));
#1503 = CARTESIAN_POINT('',(-1.684512635242,11.893021897136,
    98.635161516344));
#1504 = CARTESIAN_POINT('',(-1.470118606707,11.923110350197,
    98.73291732493));
#1505 = CARTESIAN_POINT('',(-1.243827275263,11.950214090873,
    98.81833827965));
#1506 = CARTESIAN_POINT('',(-1.007335602089,11.973265974427,
    98.889265521165));
#1507 = CARTESIAN_POINT('',(-0.762563567775,11.991340922024,
    98.943977358298));
#1508 = CARTESIAN_POINT('',(-0.511601633301,12.003731834286,
    98.981178972102));
#1509 = CARTESIAN_POINT('',(-0.256657190216,12.01,99.));
#1510 = CARTESIAN_POINT('',(0.,12.01,99.));
#1511 = PCURVE('',#1060,#1512);
#1512 = DEFINITIONAL_REPRESENTATION('',(#1513),#1586);
#1513 = B_SPLINE_CURVE_WITH_KNOTS('',8,(#1514,#1515,#1516,#1517,#1518,
    #1519,#1520,#1521,#1522,#1523,#1524,#1525,#1526,#1527,#1528,#1529,
    #1530,#1531,#1532,#1533,#1534,#1535,#1536,#1537,#1538,#1539,#1540,
    #1541,#1542,#1543,#1544,#1545,#1546,#1547,#1548,#1549,#1550,#1551,
    #1552,#1553,#1554,#1555,#1556,#1557,#1558,#1559,#1560,#1561,#1562,
    #1563,#1564,#1565,#1566,#1567,#1568,#1569,#1570,#1571,#1572,#1573,
    #1574,#1575,#1576,#1577,#1578,#1579,#1580,#1581,#1582,#1583,#1584,
    #1585),.UNSPECIFIED.,.T.,.F.,(9,7,7,7,7,7,7,7,7,7,9),(0.,
    6.65858923663E-02,0.154651015625,0.245914831333,0.430185514391,0.5,
    0.569814485609,0.754085168668,0.845348984376,0.933414107634,1.),
  .UNSPECIFIED.);
#1514 = CARTESIAN_POINT('',(1.570796326795,54.));
#1515 = CARTESIAN_POINT('',(1.549426036186,54.));
#1516 = CARTESIAN_POINT('',(1.528198337292,53.981178972102));
#1517 = CARTESIAN_POINT('',(1.507287435944,53.943977358298));
#1518 = CARTESIAN_POINT('',(1.486862926031,53.889265521165));
#1519 = CARTESIAN_POINT('',(1.467088329596,53.81833827965));
#1520 = CARTESIAN_POINT('',(1.448118392249,53.73291732493));
#1521 = CARTESIAN_POINT('',(1.430095133911,53.635161516344));
#1522 = CARTESIAN_POINT('',(1.390721656932,53.385538916995));
#1523 = CARTESIAN_POINT('',(1.369966825385,53.225077515103));
#1524 = CARTESIAN_POINT('',(1.350871027154,53.049546789596));
#1525 = CARTESIAN_POINT('',(1.333412728294,52.861589878448));
#1526 = CARTESIAN_POINT('',(1.317562532483,52.663355264659));
#1527 = CARTESIAN_POINT('',(1.303288220587,52.45657834298));
#1528 = CARTESIAN_POINT('',(1.290558933867,52.242642961791));
#1529 = CARTESIAN_POINT('',(1.267732192161,51.794624718415));
#1530 = CARTESIAN_POINT('',(1.257740195282,51.559956980151));
#1531 = CARTESIAN_POINT('',(1.249358400012,51.320011271626));
#1532 = CARTESIAN_POINT('',(1.242575736962,51.075977971208));
#1533 = CARTESIAN_POINT('',(1.237384125531,50.828899216836));
#1534 = CARTESIAN_POINT('',(1.233778380388,50.579714312649));
#1535 = CARTESIAN_POINT('',(1.231756719068,50.32930416814));
#1536 = CARTESIAN_POINT('',(1.230443868678,49.572206517447));
#1537 = CARTESIAN_POINT('',(1.236042013301,49.068642000779));
#1538 = CARTESIAN_POINT('',(1.247945751111,48.57260117649));
#1539 = CARTESIAN_POINT('',(1.266224266506,48.089362191247));
#1540 = CARTESIAN_POINT('',(1.291077410351,47.626545846509));
#1541 = CARTESIAN_POINT('',(1.322739089564,47.195826573331));
#1542 = CARTESIAN_POINT('',(1.361466172833,46.814388161652));
#1543 = CARTESIAN_POINT('',(1.424708016569,46.394698724701));
#1544 = CARTESIAN_POINT('',(1.443263726074,46.289419620336));
#1545 = CARTESIAN_POINT('',(1.462866908873,46.19714493119));
#1546 = CARTESIAN_POINT('',(1.483364601279,46.120332205202));
#1547 = CARTESIAN_POINT('',(1.504588600784,46.060951868004));
#1548 = CARTESIAN_POINT('',(1.526360208134,46.020499673115));
#1549 = CARTESIAN_POINT('',(1.548493384938,46.));
#1550 = CARTESIAN_POINT('',(1.593099268652,46.));
#1551 = CARTESIAN_POINT('',(1.615232445456,46.020499673115));
#1552 = CARTESIAN_POINT('',(1.637004052806,46.060951868004));
#1553 = CARTESIAN_POINT('',(1.658228052311,46.120332205202));
#1554 = CARTESIAN_POINT('',(1.678725744717,46.19714493119));
#1555 = CARTESIAN_POINT('',(1.698328927515,46.289419620336));
#1556 = CARTESIAN_POINT('',(1.716884637021,46.394698724701));
#1557 = CARTESIAN_POINT('',(1.780126480757,46.814388161652));
#1558 = CARTESIAN_POINT('',(1.818853564026,47.19582657333));
#1559 = CARTESIAN_POINT('',(1.85051524324,47.62654584651));
#1560 = CARTESIAN_POINT('',(1.875368387083,48.089362191248));
#1561 = CARTESIAN_POINT('',(1.893646902479,48.572601176486));
#1562 = CARTESIAN_POINT('',(1.905550640289,49.068642000782));
#1563 = CARTESIAN_POINT('',(1.911148784911,49.572206517447));
#1564 = CARTESIAN_POINT('',(1.909835934521,50.32930416814));
#1565 = CARTESIAN_POINT('',(1.907814273201,50.579714312649));
#1566 = CARTESIAN_POINT('',(1.904208528059,50.828899216836));
#1567 = CARTESIAN_POINT('',(1.899016916627,51.075977971208));
#1568 = CARTESIAN_POINT('',(1.892234253578,51.320011271626));
#1569 = CARTESIAN_POINT('',(1.883852458308,51.559956980151));
#1570 = CARTESIAN_POINT('',(1.873860461429,51.794624718415));
#1571 = CARTESIAN_POINT('',(1.851033719723,52.242642961791));
#1572 = CARTESIAN_POINT('',(1.838304433003,52.456578342979));
#1573 = CARTESIAN_POINT('',(1.824030121106,52.66335526466));
#1574 = CARTESIAN_POINT('',(1.808179925296,52.861589878448));
#1575 = CARTESIAN_POINT('',(1.790721626436,53.049546789595));
#1576 = CARTESIAN_POINT('',(1.771625828205,53.225077515103));
#1577 = CARTESIAN_POINT('',(1.750870996658,53.385538916995));
#1578 = CARTESIAN_POINT('',(1.711497519679,53.635161516344));
#1579 = CARTESIAN_POINT('',(1.69347426134,53.73291732493));
#1580 = CARTESIAN_POINT('',(1.674504323993,53.81833827965));
#1581 = CARTESIAN_POINT('',(1.654729727558,53.889265521165));
#1582 = CARTESIAN_POINT('',(1.634305217646,53.943977358298));
#1583 = CARTESIAN_POINT('',(1.613394316298,53.981178972102));
#1584 = CARTESIAN_POINT('',(1.592166617404,54.));
#1585 = CARTESIAN_POINT('',(1.570796326795,54.));
#1586 = ( GEOMETRIC_REPRESENTATION_CONTEXT(2) 
PARAMETRIC_REPRESENTATION_CONTEXT() REPRESENTATION_CONTEXT('2D SPACE',''
  ) );
#1587 = PCURVE('',#557,#1588);
#1588 = DEFINITIONAL_REPRESENTATION('',(#1589),#1662);
#1589 = B_SPLINE_CURVE_WITH_KNOTS('',8,(#1590,#1591,#1592,#1593,#1594,
    #1595,#1596,#1597,#1598,#1599,#1600,#1601,#1602,#1603,#1604,#1605,
    #1606,#1607,#1608,#1609,#1610,#1611,#1612,#1613,#1614,#1615,#1616,
    #1617,#1618,#1619,#1620,#1621,#1622,#1623,#1624,#1625,#1626,#1627,
    #1628,#1629,#1630,#1631,#1632,#1633,#1634,#1635,#1636,#1637,#1638,
    #1639,#1640,#1641,#1642,#1643,#1644,#1645,#1646,#1647,#1648,#1649,
    #1650,#1651,#1652,#1653,#1654,#1655,#1656,#1657,#1658,#1659,#1660,
    #1661),.UNSPECIFIED.,.F.,.F.,(9,7,7,7,7,7,7,7,7,7,9),(0.,
    6.65858923663E-02,0.154651015625,0.245914831333,0.430185514391,0.5,
    0.569814485609,0.754085168668,0.845348984376,0.933414107634,1.),
  .UNSPECIFIED.);
#1590 = CARTESIAN_POINT('',(0.,31.02));
#1591 = CARTESIAN_POINT('',(6.416429755389E-02,31.02));
#1592 = CARTESIAN_POINT('',(0.127900365114,31.013731834286));
#1593 = CARTESIAN_POINT('',(0.191043528857,31.001340922024));
#1594 = CARTESIAN_POINT('',(0.253421438362,30.983265974427));
#1595 = CARTESIAN_POINT('',(0.314843019624,30.960214090873));
#1596 = CARTESIAN_POINT('',(0.375084843735,30.933110350197));
#1597 = CARTESIAN_POINT('',(0.433874911234,30.903021897136));
#1598 = CARTESIAN_POINT('',(0.566259471759,30.828779782875));
#1599 = CARTESIAN_POINT('',(0.639207481773,30.782830334829));
#1600 = CARTESIAN_POINT('',(0.710023778728,30.734999783959));
#1601 = CARTESIAN_POINT('',(0.778968113391,30.68684204335));
#1602 = CARTESIAN_POINT('',(0.846278662122,30.639651743141));
#1603 = CARTESIAN_POINT('',(0.912181842621,30.594487039785));
#1604 = CARTESIAN_POINT('',(0.976897872167,30.552211140067));
#1605 = CARTESIAN_POINT('',(1.106722952359,30.473437480108));
#1606 = CARTESIAN_POINT('',(1.17180023906,30.437181508532));
#1607 = CARTESIAN_POINT('',(1.236075545105,30.405584839567));
#1608 = CARTESIAN_POINT('',(1.299719947554,30.379294376474));
#1609 = CARTESIAN_POINT('',(1.362893891142,30.358792575002));
#1610 = CARTESIAN_POINT('',(1.425753949182,30.34440857669));
#1611 = CARTESIAN_POINT('',(1.488456936259,30.336325925399));
#1612 = CARTESIAN_POINT('',(1.67776784041,30.331075536096));
#1613 = CARTESIAN_POINT('',(1.80332432966,30.353455429824));
#1614 = CARTESIAN_POINT('',(1.929737043461,30.401289534626));
#1615 = CARTESIAN_POINT('',(2.058579857388,30.472488442668));
#1616 = CARTESIAN_POINT('',(2.191355361277,30.563030812011));
#1617 = CARTESIAN_POINT('',(2.329682955418,30.666074032977));
#1618 = CARTESIAN_POINT('',(2.47535372142,30.77025578489));
#1619 = CARTESIAN_POINT('',(2.690085195059,30.893861017693));
#1620 = CARTESIAN_POINT('',(2.751054452969,30.926038191285));
#1621 = CARTESIAN_POINT('',(2.813617208546,30.955188198746));
#1622 = CARTESIAN_POINT('',(2.877477745234,30.980096723619));
#1623 = CARTESIAN_POINT('',(2.942396903031,30.999699109449));
#1624 = CARTESIAN_POINT('',(3.008173322271,31.013172826495));
#1625 = CARTESIAN_POINT('',(3.074628070665,31.02));
#1626 = CARTESIAN_POINT('',(3.208557236515,31.02));
#1627 = CARTESIAN_POINT('',(3.275011984909,31.013172826495));
#1628 = CARTESIAN_POINT('',(3.340788404149,30.999699109449));
#1629 = CARTESIAN_POINT('',(3.405707561945,30.980096723619));
#1630 = CARTESIAN_POINT('',(3.469568098634,30.955188198746));
#1631 = CARTESIAN_POINT('',(3.532130854211,30.926038191285));
#1632 = CARTESIAN_POINT('',(3.593100112121,30.893861017693));
#1633 = CARTESIAN_POINT('',(3.80783158576,30.77025578489));
#1634 = CARTESIAN_POINT('',(3.95350235176,30.666074032978));
#1635 = CARTESIAN_POINT('',(4.091829945905,30.56303081201));
#1636 = CARTESIAN_POINT('',(4.224605449789,30.472488442668));
#1637 = CARTESIAN_POINT('',(4.35344826372,30.401289534626));
#1638 = CARTESIAN_POINT('',(4.47986097752,30.353455429824));
#1639 = CARTESIAN_POINT('',(4.605417466769,30.331075536096));
#1640 = CARTESIAN_POINT('',(4.794728370921,30.336325925399));
#1641 = CARTESIAN_POINT('',(4.857431357998,30.34440857669));
#1642 = CARTESIAN_POINT('',(4.920291416037,30.358792575002));
#1643 = CARTESIAN_POINT('',(4.983465359625,30.379294376474));
#1644 = CARTESIAN_POINT('',(5.047109762075,30.405584839567));
#1645 = CARTESIAN_POINT('',(5.11138506812,30.437181508532));
#1646 = CARTESIAN_POINT('',(5.17646235482,30.473437480108));
#1647 = CARTESIAN_POINT('',(5.306287435012,30.552211140067));
#1648 = CARTESIAN_POINT('',(5.371003464559,30.594487039785));
#1649 = CARTESIAN_POINT('',(5.436906645058,30.639651743141));
#1650 = CARTESIAN_POINT('',(5.504217193789,30.68684204335));
#1651 = CARTESIAN_POINT('',(5.573161528451,30.734999783958));
#1652 = CARTESIAN_POINT('',(5.643977825406,30.782830334829));
#1653 = CARTESIAN_POINT('',(5.716925835421,30.828779782875));
#1654 = CARTESIAN_POINT('',(5.849310395945,30.903021897136));
#1655 = CARTESIAN_POINT('',(5.908100463445,30.933110350197));
#1656 = CARTESIAN_POINT('',(5.968342287556,30.960214090873));
#1657 = CARTESIAN_POINT('',(6.029763868817,30.983265974427));
#1658 = CARTESIAN_POINT('',(6.092141778322,31.001340922024));
#1659 = CARTESIAN_POINT('',(6.155284942066,31.013731834286));
#1660 = CARTESIAN_POINT('',(6.219021009626,31.02));
#1661 = CARTESIAN_POINT('',(6.28318530718,31.02));
#1662 = ( GEOMETRIC_REPRESENTATION_CONTEXT(2) 
PARAMETRIC_REPRESENTATION_CONTEXT() REPRESENTATION_CONTEXT('2D SPACE',''
  ) );
#1663 = FACE_BOUND('',#1664,.F.);
#1664 = EDGE_LOOP('',(#1665));
#1665 = ORIENTED_EDGE('',*,*,#906,.T.);
#1666 = ADVANCED_FACE('',(#1667),#1184,.T.);
#1667 = FACE_BOUND('',#1668,.F.);
#1668 = EDGE_LOOP('',(#1669));
#1669 = ORIENTED_EDGE('',*,*,#1167,.F.);
#1670 = ADVANCED_FACE('',(#1671),#557,.F.);
#1671 = FACE_BOUND('',#1672,.F.);
#1672 = EDGE_LOOP('',(#1673,#1674,#1695,#1696));
#1673 = ORIENTED_EDGE('',*,*,#389,.F.);
#1674 = ORIENTED_EDGE('',*,*,#1675,.F.);
#1675 = EDGE_CURVE('',#1435,#390,#1676,.T.);
#1676 = SEAM_CURVE('',#1677,(#1681,#1688),.PCURVE_S1.);
#1677 = LINE('',#1678,#1679);
#1678 = CARTESIAN_POINT('',(-9.797174393179E-16,-19.01,99.));
#1679 = VECTOR('',#1680,1.);
#1680 = DIRECTION('',(0.,1.,0.));
#1681 = PCURVE('',#557,#1682);
#1682 = DEFINITIONAL_REPRESENTATION('',(#1683),#1687);
#1683 = LINE('',#1684,#1685);
#1684 = CARTESIAN_POINT('',(6.28318530718,-0.));
#1685 = VECTOR('',#1686,1.);
#1686 = DIRECTION('',(0.,1.));
#1687 = ( GEOMETRIC_REPRESENTATION_CONTEXT(2) 
PARAMETRIC_REPRESENTATION_CONTEXT() REPRESENTATION_CONTEXT('2D SPACE',''
  ) );
#1688 = PCURVE('',#557,#1689);
#1689 = DEFINITIONAL_REPRESENTATION('',(#1690),#1694);
#1690 = LINE('',#1691,#1692);
#1691 = CARTESIAN_POINT('',(0.,-0.));
#1692 = VECTOR('',#1693,1.);
#1693 = DIRECTION('',(0.,1.));
#1694 = ( GEOMETRIC_REPRESENTATION_CONTEXT(2) 
PARAMETRIC_REPRESENTATION_CONTEXT() REPRESENTATION_CONTEXT('2D SPACE',''
  ) );
#1695 = ORIENTED_EDGE('',*,*,#1434,.T.);
#1696 = ORIENTED_EDGE('',*,*,#1675,.T.);
#1697 = ADVANCED_FACE('',(#1698),#320,.F.);
#1698 = FACE_BOUND('',#1699,.F.);
#1699 = EDGE_LOOP('',(#1700,#1701,#1722,#1723));
#1700 = ORIENTED_EDGE('',*,*,#194,.F.);
#1701 = ORIENTED_EDGE('',*,*,#1702,.F.);
#1702 = EDGE_CURVE('',#1245,#195,#1703,.T.);
#1703 = SEAM_CURVE('',#1704,(#1708,#1715),.PCURVE_S1.);
#1704 = LINE('',#1705,#1706);
#1705 = CARTESIAN_POINT('',(-7.347880794884E-16,0.,73.));
#1706 = VECTOR('',#1707,1.);
#1707 = DIRECTION('',(0.,1.,0.));
#1708 = PCURVE('',#320,#1709);
#1709 = DEFINITIONAL_REPRESENTATION('',(#1710),#1714);
#1710 = LINE('',#1711,#1712);
#1711 = CARTESIAN_POINT('',(6.28318530718,-0.));
#1712 = VECTOR('',#1713,1.);
#1713 = DIRECTION('',(0.,1.));
#1714 = ( GEOMETRIC_REPRESENTATION_CONTEXT(2) 
PARAMETRIC_REPRESENTATION_CONTEXT() REPRESENTATION_CONTEXT('2D SPACE',''
  ) );
#1715 = PCURVE('',#320,#1716);
#1716 = DEFINITIONAL_REPRESENTATION('',(#1717),#1721);
#1717 = LINE('',#1718,#1719);
#1718 = CARTESIAN_POINT('',(0.,-0.));
#1719 = VECTOR('',#1720,1.);
#1720 = DIRECTION('',(0.,1.));
#1721 = ( GEOMETRIC_REPRESENTATION_CONTEXT(2) 
PARAMETRIC_REPRESENTATION_CONTEXT() REPRESENTATION_CONTEXT('2D SPACE',''
  ) );
#1722 = ORIENTED_EDGE('',*,*,#1244,.T.);
#1723 = ORIENTED_EDGE('',*,*,#1702,.T.);
#1724 = ADVANCED_FACE('',(#1725,#1728),#180,.T.);
#1725 = FACE_BOUND('',#1726,.T.);
#1726 = EDGE_LOOP('',(#1727));
#1727 = ORIENTED_EDGE('',*,*,#165,.T.);
#1728 = FACE_BOUND('',#1729,.T.);
#1729 = EDGE_LOOP('',(#1730));
#1730 = ORIENTED_EDGE('',*,*,#1219,.F.);
#1731 = ADVANCED_FACE('',(#1732),#125,.T.);
#1732 = FACE_BOUND('',#1733,.T.);
#1733 = EDGE_LOOP('',(#1734,#1735,#1758,#1785));
#1734 = ORIENTED_EDGE('',*,*,#110,.F.);
#1735 = ORIENTED_EDGE('',*,*,#1736,.F.);
#1736 = EDGE_CURVE('',#1737,#52,#1739,.T.);
#1737 = VERTEX_POINT('',#1738);
#1738 = CARTESIAN_POINT('',(30.,-7.347880794884E-15,-48.));
#1739 = SEAM_CURVE('',#1740,(#1744,#1751),.PCURVE_S1.);
#1740 = LINE('',#1741,#1742);
#1741 = CARTESIAN_POINT('',(30.,-7.347880794884E-15,-48.));
#1742 = VECTOR('',#1743,1.);
#1743 = DIRECTION('',(0.,0.,1.));
#1744 = PCURVE('',#125,#1745);
#1745 = DEFINITIONAL_REPRESENTATION('',(#1746),#1750);
#1746 = LINE('',#1747,#1748);
#1747 = CARTESIAN_POINT('',(6.28318530718,-0.));
#1748 = VECTOR('',#1749,1.);
#1749 = DIRECTION('',(0.,1.));
#1750 = ( GEOMETRIC_REPRESENTATION_CONTEXT(2) 
PARAMETRIC_REPRESENTATION_CONTEXT() REPRESENTATION_CONTEXT('2D SPACE',''
  ) );
#1751 = PCURVE('',#125,#1752);
#1752 = DEFINITIONAL_REPRESENTATION('',(#1753),#1757);
#1753 = LINE('',#1754,#1755);
#1754 = CARTESIAN_POINT('',(0.,-0.));
#1755 = VECTOR('',#1756,1.);
#1756 = DIRECTION('',(0.,1.));
#1757 = ( GEOMETRIC_REPRESENTATION_CONTEXT(2) 
PARAMETRIC_REPRESENTATION_CONTEXT() REPRESENTATION_CONTEXT('2D SPACE',''
  ) );
#1758 = ORIENTED_EDGE('',*,*,#1759,.T.);
#1759 = EDGE_CURVE('',#1737,#1737,#1760,.T.);
#1760 = SURFACE_CURVE('',#1761,(#1766,#1773),.PCURVE_S1.);
#1761 = CIRCLE('',#1762,30.);
#1762 = AXIS2_PLACEMENT_3D('',#1763,#1764,#1765);
#1763 = CARTESIAN_POINT('',(0.,0.,-48.));
#1764 = DIRECTION('',(0.,0.,1.));
#1765 = DIRECTION('',(1.,0.,-0.));
#1766 = PCURVE('',#125,#1767);
#1767 = DEFINITIONAL_REPRESENTATION('',(#1768),#1772);
#1768 = LINE('',#1769,#1770);
#1769 = CARTESIAN_POINT('',(0.,0.));
#1770 = VECTOR('',#1771,1.);
#1771 = DIRECTION('',(1.,0.));
#1772 = ( GEOMETRIC_REPRESENTATION_CONTEXT(2) 
PARAMETRIC_REPRESENTATION_CONTEXT() REPRESENTATION_CONTEXT('2D SPACE',''
  ) );
#1773 = PCURVE('',#1774,#1779);
#1774 = PLANE('',#1775);
#1775 = AXIS2_PLACEMENT_3D('',#1776,#1777,#1778);
#1776 = CARTESIAN_POINT('',(-85.,-85.,-48.));
#1777 = DIRECTION('',(0.,0.,1.));
#1778 = DIRECTION('',(1.,0.,-0.));
#1779 = DEFINITIONAL_REPRESENTATION('',(#1780),#1784);
#1780 = CIRCLE('',#1781,30.);
#1781 = AXIS2_PLACEMENT_2D('',#1782,#1783);
#1782 = CARTESIAN_POINT('',(85.,85.));
#1783 = DIRECTION('',(1.,0.));
#1784 = ( GEOMETRIC_REPRESENTATION_CONTEXT(2) 
PARAMETRIC_REPRESENTATION_CONTEXT() REPRESENTATION_CONTEXT('2D SPACE',''
  ) );
#1785 = ORIENTED_EDGE('',*,*,#1736,.T.);
#1786 = ADVANCED_FACE('',(#1787,#2013),#1774,.T.);
#1787 = FACE_BOUND('',#1788,.T.);
#1788 = EDGE_LOOP('',(#1789,#1819,#1847,#1875,#1903,#1931,#1959,#1987));
#1789 = ORIENTED_EDGE('',*,*,#1790,.F.);
#1790 = EDGE_CURVE('',#1791,#1793,#1795,.T.);
#1791 = VERTEX_POINT('',#1792);
#1792 = CARTESIAN_POINT('',(-85.,85.,-48.));
#1793 = VERTEX_POINT('',#1794);
#1794 = CARTESIAN_POINT('',(-9.,85.,-48.));
#1795 = SURFACE_CURVE('',#1796,(#1800,#1807),.PCURVE_S1.);
#1796 = LINE('',#1797,#1798);
#1797 = CARTESIAN_POINT('',(-85.,85.,-48.));
#1798 = VECTOR('',#1799,1.);
#1799 = DIRECTION('',(1.,0.,-0.));
#1800 = PCURVE('',#1774,#1801);
#1801 = DEFINITIONAL_REPRESENTATION('',(#1802),#1806);
#1802 = LINE('',#1803,#1804);
#1803 = CARTESIAN_POINT('',(0.,170.));
#1804 = VECTOR('',#1805,1.);
#1805 = DIRECTION('',(1.,0.));
#1806 = ( GEOMETRIC_REPRESENTATION_CONTEXT(2) 
PARAMETRIC_REPRESENTATION_CONTEXT() REPRESENTATION_CONTEXT('2D SPACE',''
  ) );
#1807 = PCURVE('',#1808,#1813);
#1808 = PLANE('',#1809);
#1809 = AXIS2_PLACEMENT_3D('',#1810,#1811,#1812);
#1810 = CARTESIAN_POINT('',(-85.,85.,-60.));
#1811 = DIRECTION('',(-0.,1.,0.));
#1812 = DIRECTION('',(0.,0.,1.));
#1813 = DEFINITIONAL_REPRESENTATION('',(#1814),#1818);
#1814 = LINE('',#1815,#1816);
#1815 = CARTESIAN_POINT('',(12.,0.));
#1816 = VECTOR('',#1817,1.);
#1817 = DIRECTION('',(0.,1.));
#1818 = ( GEOMETRIC_REPRESENTATION_CONTEXT(2) 
PARAMETRIC_REPRESENTATION_CONTEXT() REPRESENTATION_CONTEXT('2D SPACE',''
  ) );
#1819 = ORIENTED_EDGE('',*,*,#1820,.F.);
#1820 = EDGE_CURVE('',#1821,#1791,#1823,.T.);
#1821 = VERTEX_POINT('',#1822);
#1822 = CARTESIAN_POINT('',(-85.,-85.,-48.));
#1823 = SURFACE_CURVE('',#1824,(#1828,#1835),.PCURVE_S1.);
#1824 = LINE('',#1825,#1826);
#1825 = CARTESIAN_POINT('',(-85.,-85.,-48.));
#1826 = VECTOR('',#1827,1.);
#1827 = DIRECTION('',(-0.,1.,0.));
#1828 = PCURVE('',#1774,#1829);
#1829 = DEFINITIONAL_REPRESENTATION('',(#1830),#1834);
#1830 = LINE('',#1831,#1832);
#1831 = CARTESIAN_POINT('',(0.,0.));
#1832 = VECTOR('',#1833,1.);
#1833 = DIRECTION('',(0.,1.));
#1834 = ( GEOMETRIC_REPRESENTATION_CONTEXT(2) 
PARAMETRIC_REPRESENTATION_CONTEXT() REPRESENTATION_CONTEXT('2D SPACE',''
  ) );
#1835 = PCURVE('',#1836,#1841);
#1836 = PLANE('',#1837);
#1837 = AXIS2_PLACEMENT_3D('',#1838,#1839,#1840);
#1838 = CARTESIAN_POINT('',(-85.,-85.,-60.));
#1839 = DIRECTION('',(1.,0.,-0.));
#1840 = DIRECTION('',(0.,0.,1.));
#1841 = DEFINITIONAL_REPRESENTATION('',(#1842),#1846);
#1842 = LINE('',#1843,#1844);
#1843 = CARTESIAN_POINT('',(12.,0.));
#1844 = VECTOR('',#1845,1.);
#1845 = DIRECTION('',(0.,-1.));
#1846 = ( GEOMETRIC_REPRESENTATION_CONTEXT(2) 
PARAMETRIC_REPRESENTATION_CONTEXT() REPRESENTATION_CONTEXT('2D SPACE',''
  ) );
#1847 = ORIENTED_EDGE('',*,*,#1848,.T.);
#1848 = EDGE_CURVE('',#1821,#1849,#1851,.T.);
#1849 = VERTEX_POINT('',#1850);
#1850 = CARTESIAN_POINT('',(85.,-85.,-48.));
#1851 = SURFACE_CURVE('',#1852,(#1856,#1863),.PCURVE_S1.);
#1852 = LINE('',#1853,#1854);
#1853 = CARTESIAN_POINT('',(-85.,-85.,-48.));
#1854 = VECTOR('',#1855,1.);
#1855 = DIRECTION('',(1.,0.,-0.));
#1856 = PCURVE('',#1774,#1857);
#1857 = DEFINITIONAL_REPRESENTATION('',(#1858),#1862);
#1858 = LINE('',#1859,#1860);
#1859 = CARTESIAN_POINT('',(0.,0.));
#1860 = VECTOR('',#1861,1.);
#1861 = DIRECTION('',(1.,0.));
#1862 = ( GEOMETRIC_REPRESENTATION_CONTEXT(2) 
PARAMETRIC_REPRESENTATION_CONTEXT() REPRESENTATION_CONTEXT('2D SPACE',''
  ) );
#1863 = PCURVE('',#1864,#1869);
#1864 = PLANE('',#1865);
#1865 = AXIS2_PLACEMENT_3D('',#1866,#1867,#1868);
#1866 = CARTESIAN_POINT('',(-85.,-85.,-60.));
#1867 = DIRECTION('',(-0.,1.,0.));
#1868 = DIRECTION('',(0.,0.,1.));
#1869 = DEFINITIONAL_REPRESENTATION('',(#1870),#1874);
#1870 = LINE('',#1871,#1872);
#1871 = CARTESIAN_POINT('',(12.,0.));
#1872 = VECTOR('',#1873,1.);
#1873 = DIRECTION('',(0.,1.));
#1874 = ( GEOMETRIC_REPRESENTATION_CONTEXT(2) 
PARAMETRIC_REPRESENTATION_CONTEXT() REPRESENTATION_CONTEXT('2D SPACE',''
  ) );
#1875 = ORIENTED_EDGE('',*,*,#1876,.T.);
#1876 = EDGE_CURVE('',#1849,#1877,#1879,.T.);
#1877 = VERTEX_POINT('',#1878);
#1878 = CARTESIAN_POINT('',(85.,85.,-48.));
#1879 = SURFACE_CURVE('',#1880,(#1884,#1891),.PCURVE_S1.);
#1880 = LINE('',#1881,#1882);
#1881 = CARTESIAN_POINT('',(85.,-85.,-48.));
#1882 = VECTOR('',#1883,1.);
#1883 = DIRECTION('',(-0.,1.,0.));
#1884 = PCURVE('',#1774,#1885);
#1885 = DEFINITIONAL_REPRESENTATION('',(#1886),#1890);
#1886 = LINE('',#1887,#1888);
#1887 = CARTESIAN_POINT('',(170.,0.));
#1888 = VECTOR('',#1889,1.);
#1889 = DIRECTION('',(0.,1.));
#1890 = ( GEOMETRIC_REPRESENTATION_CONTEXT(2) 
PARAMETRIC_REPRESENTATION_CONTEXT() REPRESENTATION_CONTEXT('2D SPACE',''
  ) );
#1891 = PCURVE('',#1892,#1897);
#1892 = PLANE('',#1893);
#1893 = AXIS2_PLACEMENT_3D('',#1894,#1895,#1896);
#1894 = CARTESIAN_POINT('',(85.,-85.,-60.));
#1895 = DIRECTION('',(1.,0.,-0.));
#1896 = DIRECTION('',(0.,0.,1.));
#1897 = DEFINITIONAL_REPRESENTATION('',(#1898),#1902);
#1898 = LINE('',#1899,#1900);
#1899 = CARTESIAN_POINT('',(12.,0.));
#1900 = VECTOR('',#1901,1.);
#1901 = DIRECTION('',(0.,-1.));
#1902 = ( GEOMETRIC_REPRESENTATION_CONTEXT(2) 
PARAMETRIC_REPRESENTATION_CONTEXT() REPRESENTATION_CONTEXT('2D SPACE',''
  ) );
#1903 = ORIENTED_EDGE('',*,*,#1904,.F.);
#1904 = EDGE_CURVE('',#1905,#1877,#1907,.T.);
#1905 = VERTEX_POINT('',#1906);
#1906 = CARTESIAN_POINT('',(9.,85.,-48.));
#1907 = SURFACE_CURVE('',#1908,(#1912,#1919),.PCURVE_S1.);
#1908 = LINE('',#1909,#1910);
#1909 = CARTESIAN_POINT('',(-85.,85.,-48.));
#1910 = VECTOR('',#1911,1.);
#1911 = DIRECTION('',(1.,0.,-0.));
#1912 = PCURVE('',#1774,#1913);
#1913 = DEFINITIONAL_REPRESENTATION('',(#1914),#1918);
#1914 = LINE('',#1915,#1916);
#1915 = CARTESIAN_POINT('',(0.,170.));
#1916 = VECTOR('',#1917,1.);
#1917 = DIRECTION('',(1.,0.));
#1918 = ( GEOMETRIC_REPRESENTATION_CONTEXT(2) 
PARAMETRIC_REPRESENTATION_CONTEXT() REPRESENTATION_CONTEXT('2D SPACE',''
  ) );
#1919 = PCURVE('',#1920,#1925);
#1920 = PLANE('',#1921);
#1921 = AXIS2_PLACEMENT_3D('',#1922,#1923,#1924);
#1922 = CARTESIAN_POINT('',(-85.,85.,-60.));
#1923 = DIRECTION('',(-0.,1.,0.));
#1924 = DIRECTION('',(0.,0.,1.));
#1925 = DEFINITIONAL_REPRESENTATION('',(#1926),#1930);
#1926 = LINE('',#1927,#1928);
#1927 = CARTESIAN_POINT('',(12.,0.));
#1928 = VECTOR('',#1929,1.);
#1929 = DIRECTION('',(0.,1.));
#1930 = ( GEOMETRIC_REPRESENTATION_CONTEXT(2) 
PARAMETRIC_REPRESENTATION_CONTEXT() REPRESENTATION_CONTEXT('2D SPACE',''
  ) );
#1931 = ORIENTED_EDGE('',*,*,#1932,.T.);
#1932 = EDGE_CURVE('',#1905,#1933,#1935,.T.);
#1933 = VERTEX_POINT('',#1934);
#1934 = CARTESIAN_POINT('',(9.,53.,-48.));
#1935 = SURFACE_CURVE('',#1936,(#1940,#1947),.PCURVE_S1.);
#1936 = LINE('',#1937,#1938);
#1937 = CARTESIAN_POINT('',(9.,85.,-48.));
#1938 = VECTOR('',#1939,1.);
#1939 = DIRECTION('',(0.,-1.,0.));
#1940 = PCURVE('',#1774,#1941);
#1941 = DEFINITIONAL_REPRESENTATION('',(#1942),#1946);
#1942 = LINE('',#1943,#1944);
#1943 = CARTESIAN_POINT('',(94.,170.));
#1944 = VECTOR('',#1945,1.);
#1945 = DIRECTION('',(0.,-1.));
#1946 = ( GEOMETRIC_REPRESENTATION_CONTEXT(2) 
PARAMETRIC_REPRESENTATION_CONTEXT() REPRESENTATION_CONTEXT('2D SPACE',''
  ) );
#1947 = PCURVE('',#1948,#1953);
#1948 = PLANE('',#1949);
#1949 = AXIS2_PLACEMENT_3D('',#1950,#1951,#1952);
#1950 = CARTESIAN_POINT('',(9.,53.,-80.));
#1951 = DIRECTION('',(1.,0.,-0.));
#1952 = DIRECTION('',(0.,0.,1.));
#1953 = DEFINITIONAL_REPRESENTATION('',(#1954),#1958);
#1954 = LINE('',#1955,#1956);
#1955 = CARTESIAN_POINT('',(32.,-32.));
#1956 = VECTOR('',#1957,1.);
#1957 = DIRECTION('',(0.,1.));
#1958 = ( GEOMETRIC_REPRESENTATION_CONTEXT(2) 
PARAMETRIC_REPRESENTATION_CONTEXT() REPRESENTATION_CONTEXT('2D SPACE',''
  ) );
#1959 = ORIENTED_EDGE('',*,*,#1960,.T.);
#1960 = EDGE_CURVE('',#1933,#1961,#1963,.T.);
#1961 = VERTEX_POINT('',#1962);
#1962 = CARTESIAN_POINT('',(-9.,53.,-48.));
#1963 = SURFACE_CURVE('',#1964,(#1968,#1975),.PCURVE_S1.);
#1964 = LINE('',#1965,#1966);
#1965 = CARTESIAN_POINT('',(9.,53.,-48.));
#1966 = VECTOR('',#1967,1.);
#1967 = DIRECTION('',(-1.,0.,0.));
#1968 = PCURVE('',#1774,#1969);
#1969 = DEFINITIONAL_REPRESENTATION('',(#1970),#1974);
#1970 = LINE('',#1971,#1972);
#1971 = CARTESIAN_POINT('',(94.,138.));
#1972 = VECTOR('',#1973,1.);
#1973 = DIRECTION('',(-1.,0.));
#1974 = ( GEOMETRIC_REPRESENTATION_CONTEXT(2) 
PARAMETRIC_REPRESENTATION_CONTEXT() REPRESENTATION_CONTEXT('2D SPACE',''
  ) );
#1975 = PCURVE('',#1976,#1981);
#1976 = PLANE('',#1977);
#1977 = AXIS2_PLACEMENT_3D('',#1978,#1979,#1980);
#1978 = CARTESIAN_POINT('',(-9.,53.,-80.));
#1979 = DIRECTION('',(-0.,1.,0.));
#1980 = DIRECTION('',(0.,0.,1.));
#1981 = DEFINITIONAL_REPRESENTATION('',(#1982),#1986);
#1982 = LINE('',#1983,#1984);
#1983 = CARTESIAN_POINT('',(32.,18.));
#1984 = VECTOR('',#1985,1.);
#1985 = DIRECTION('',(0.,-1.));
#1986 = ( GEOMETRIC_REPRESENTATION_CONTEXT(2) 
PARAMETRIC_REPRESENTATION_CONTEXT() REPRESENTATION_CONTEXT('2D SPACE',''
  ) );
#1987 = ORIENTED_EDGE('',*,*,#1988,.T.);
#1988 = EDGE_CURVE('',#1961,#1793,#1989,.T.);
#1989 = SURFACE_CURVE('',#1990,(#1994,#2001),.PCURVE_S1.);
#1990 = LINE('',#1991,#1992);
#1991 = CARTESIAN_POINT('',(-9.,53.,-48.));
#1992 = VECTOR('',#1993,1.);
#1993 = DIRECTION('',(0.,1.,0.));
#1994 = PCURVE('',#1774,#1995);
#1995 = DEFINITIONAL_REPRESENTATION('',(#1996),#2000);
#1996 = LINE('',#1997,#1998);
#1997 = CARTESIAN_POINT('',(76.,138.));
#1998 = VECTOR('',#1999,1.);
#1999 = DIRECTION('',(0.,1.));
#2000 = ( GEOMETRIC_REPRESENTATION_CONTEXT(2) 
PARAMETRIC_REPRESENTATION_CONTEXT() REPRESENTATION_CONTEXT('2D SPACE',''
  ) );
#2001 = PCURVE('',#2002,#2007);
#2002 = PLANE('',#2003);
#2003 = AXIS2_PLACEMENT_3D('',#2004,#2005,#2006);
#2004 = CARTESIAN_POINT('',(-9.,53.,-80.));
#2005 = DIRECTION('',(1.,0.,-0.));
#2006 = DIRECTION('',(0.,0.,1.));
#2007 = DEFINITIONAL_REPRESENTATION('',(#2008),#2012);
#2008 = LINE('',#2009,#2010);
#2009 = CARTESIAN_POINT('',(32.,0.));
#2010 = VECTOR('',#2011,1.);
#2011 = DIRECTION('',(0.,-1.));
#2012 = ( GEOMETRIC_REPRESENTATION_CONTEXT(2) 
PARAMETRIC_REPRESENTATION_CONTEXT() REPRESENTATION_CONTEXT('2D SPACE',''
  ) );
#2013 = FACE_BOUND('',#2014,.T.);
#2014 = EDGE_LOOP('',(#2015));
#2015 = ORIENTED_EDGE('',*,*,#1759,.F.);
#2016 = ADVANCED_FACE('',(#2017),#2002,.T.);
#2017 = FACE_BOUND('',#2018,.T.);
#2018 = EDGE_LOOP('',(#2019,#2042,#2070,#2090));
#2019 = ORIENTED_EDGE('',*,*,#2020,.F.);
#2020 = EDGE_CURVE('',#2021,#1961,#2023,.T.);
#2021 = VERTEX_POINT('',#2022);
#2022 = CARTESIAN_POINT('',(-9.,53.,-60.));
#2023 = SURFACE_CURVE('',#2024,(#2028,#2035),.PCURVE_S1.);
#2024 = LINE('',#2025,#2026);
#2025 = CARTESIAN_POINT('',(-9.,53.,-80.));
#2026 = VECTOR('',#2027,1.);
#2027 = DIRECTION('',(0.,0.,1.));
#2028 = PCURVE('',#2002,#2029);
#2029 = DEFINITIONAL_REPRESENTATION('',(#2030),#2034);
#2030 = LINE('',#2031,#2032);
#2031 = CARTESIAN_POINT('',(0.,0.));
#2032 = VECTOR('',#2033,1.);
#2033 = DIRECTION('',(1.,0.));
#2034 = ( GEOMETRIC_REPRESENTATION_CONTEXT(2) 
PARAMETRIC_REPRESENTATION_CONTEXT() REPRESENTATION_CONTEXT('2D SPACE',''
  ) );
#2035 = PCURVE('',#1976,#2036);
#2036 = DEFINITIONAL_REPRESENTATION('',(#2037),#2041);
#2037 = LINE('',#2038,#2039);
#2038 = CARTESIAN_POINT('',(0.,0.));
#2039 = VECTOR('',#2040,1.);
#2040 = DIRECTION('',(1.,0.));
#2041 = ( GEOMETRIC_REPRESENTATION_CONTEXT(2) 
PARAMETRIC_REPRESENTATION_CONTEXT() REPRESENTATION_CONTEXT('2D SPACE',''
  ) );
#2042 = ORIENTED_EDGE('',*,*,#2043,.T.);
#2043 = EDGE_CURVE('',#2021,#2044,#2046,.T.);
#2044 = VERTEX_POINT('',#2045);
#2045 = CARTESIAN_POINT('',(-9.,85.,-60.));
#2046 = SURFACE_CURVE('',#2047,(#2051,#2058),.PCURVE_S1.);
#2047 = LINE('',#2048,#2049);
#2048 = CARTESIAN_POINT('',(-9.,53.,-60.));
#2049 = VECTOR('',#2050,1.);
#2050 = DIRECTION('',(0.,1.,0.));
#2051 = PCURVE('',#2002,#2052);
#2052 = DEFINITIONAL_REPRESENTATION('',(#2053),#2057);
#2053 = LINE('',#2054,#2055);
#2054 = CARTESIAN_POINT('',(20.,0.));
#2055 = VECTOR('',#2056,1.);
#2056 = DIRECTION('',(0.,-1.));
#2057 = ( GEOMETRIC_REPRESENTATION_CONTEXT(2) 
PARAMETRIC_REPRESENTATION_CONTEXT() REPRESENTATION_CONTEXT('2D SPACE',''
  ) );
#2058 = PCURVE('',#2059,#2064);
#2059 = PLANE('',#2060);
#2060 = AXIS2_PLACEMENT_3D('',#2061,#2062,#2063);
#2061 = CARTESIAN_POINT('',(-85.,-85.,-60.));
#2062 = DIRECTION('',(0.,0.,1.));
#2063 = DIRECTION('',(1.,0.,-0.));
#2064 = DEFINITIONAL_REPRESENTATION('',(#2065),#2069);
#2065 = LINE('',#2066,#2067);
#2066 = CARTESIAN_POINT('',(76.,138.));
#2067 = VECTOR('',#2068,1.);
#2068 = DIRECTION('',(0.,1.));
#2069 = ( GEOMETRIC_REPRESENTATION_CONTEXT(2) 
PARAMETRIC_REPRESENTATION_CONTEXT() REPRESENTATION_CONTEXT('2D SPACE',''
  ) );
#2070 = ORIENTED_EDGE('',*,*,#2071,.F.);
#2071 = EDGE_CURVE('',#1793,#2044,#2072,.T.);
#2072 = SURFACE_CURVE('',#2073,(#2077,#2084),.PCURVE_S1.);
#2073 = LINE('',#2074,#2075);
#2074 = CARTESIAN_POINT('',(-9.,85.,-70.));
#2075 = VECTOR('',#2076,1.);
#2076 = DIRECTION('',(-0.,0.,-1.));
#2077 = PCURVE('',#2002,#2078);
#2078 = DEFINITIONAL_REPRESENTATION('',(#2079),#2083);
#2079 = LINE('',#2080,#2081);
#2080 = CARTESIAN_POINT('',(10.,-32.));
#2081 = VECTOR('',#2082,1.);
#2082 = DIRECTION('',(-1.,-0.));
#2083 = ( GEOMETRIC_REPRESENTATION_CONTEXT(2) 
PARAMETRIC_REPRESENTATION_CONTEXT() REPRESENTATION_CONTEXT('2D SPACE',''
  ) );
#2084 = PCURVE('',#1808,#2085);
#2085 = DEFINITIONAL_REPRESENTATION('',(#2086),#2089);
#2086 = B_SPLINE_CURVE_WITH_KNOTS('',1,(#2087,#2088),.UNSPECIFIED.,.F.,
  .F.,(2,2),(-22.,-10.),.PIECEWISE_BEZIER_KNOTS.);
#2087 = CARTESIAN_POINT('',(12.,76.));
#2088 = CARTESIAN_POINT('',(0.,76.));
#2089 = ( GEOMETRIC_REPRESENTATION_CONTEXT(2) 
PARAMETRIC_REPRESENTATION_CONTEXT() REPRESENTATION_CONTEXT('2D SPACE',''
  ) );
#2090 = ORIENTED_EDGE('',*,*,#1988,.F.);
#2091 = ADVANCED_FACE('',(#2092),#2059,.F.);
#2092 = FACE_BOUND('',#2093,.F.);
#2093 = EDGE_LOOP('',(#2094,#2117,#2140,#2163,#2186,#2209,#2232,#2253));
#2094 = ORIENTED_EDGE('',*,*,#2095,.F.);
#2095 = EDGE_CURVE('',#2096,#2044,#2098,.T.);
#2096 = VERTEX_POINT('',#2097);
#2097 = CARTESIAN_POINT('',(-85.,85.,-60.));
#2098 = SURFACE_CURVE('',#2099,(#2103,#2110),.PCURVE_S1.);
#2099 = LINE('',#2100,#2101);
#2100 = CARTESIAN_POINT('',(-85.,85.,-60.));
#2101 = VECTOR('',#2102,1.);
#2102 = DIRECTION('',(1.,0.,-0.));
#2103 = PCURVE('',#2059,#2104);
#2104 = DEFINITIONAL_REPRESENTATION('',(#2105),#2109);
#2105 = LINE('',#2106,#2107);
#2106 = CARTESIAN_POINT('',(0.,170.));
#2107 = VECTOR('',#2108,1.);
#2108 = DIRECTION('',(1.,0.));
#2109 = ( GEOMETRIC_REPRESENTATION_CONTEXT(2) 
PARAMETRIC_REPRESENTATION_CONTEXT() REPRESENTATION_CONTEXT('2D SPACE',''
  ) );
#2110 = PCURVE('',#1808,#2111);
#2111 = DEFINITIONAL_REPRESENTATION('',(#2112),#2116);
#2112 = LINE('',#2113,#2114);
#2113 = CARTESIAN_POINT('',(0.,0.));
#2114 = VECTOR('',#2115,1.);
#2115 = DIRECTION('',(0.,1.));
#2116 = ( GEOMETRIC_REPRESENTATION_CONTEXT(2) 
PARAMETRIC_REPRESENTATION_CONTEXT() REPRESENTATION_CONTEXT('2D SPACE',''
  ) );
#2117 = ORIENTED_EDGE('',*,*,#2118,.F.);
#2118 = EDGE_CURVE('',#2119,#2096,#2121,.T.);
#2119 = VERTEX_POINT('',#2120);
#2120 = CARTESIAN_POINT('',(-85.,-85.,-60.));
#2121 = SURFACE_CURVE('',#2122,(#2126,#2133),.PCURVE_S1.);
#2122 = LINE('',#2123,#2124);
#2123 = CARTESIAN_POINT('',(-85.,-85.,-60.));
#2124 = VECTOR('',#2125,1.);
#2125 = DIRECTION('',(-0.,1.,0.));
#2126 = PCURVE('',#2059,#2127);
#2127 = DEFINITIONAL_REPRESENTATION('',(#2128),#2132);
#2128 = LINE('',#2129,#2130);
#2129 = CARTESIAN_POINT('',(0.,0.));
#2130 = VECTOR('',#2131,1.);
#2131 = DIRECTION('',(0.,1.));
#2132 = ( GEOMETRIC_REPRESENTATION_CONTEXT(2) 
PARAMETRIC_REPRESENTATION_CONTEXT() REPRESENTATION_CONTEXT('2D SPACE',''
  ) );
#2133 = PCURVE('',#1836,#2134);
#2134 = DEFINITIONAL_REPRESENTATION('',(#2135),#2139);
#2135 = LINE('',#2136,#2137);
#2136 = CARTESIAN_POINT('',(0.,0.));
#2137 = VECTOR('',#2138,1.);
#2138 = DIRECTION('',(0.,-1.));
#2139 = ( GEOMETRIC_REPRESENTATION_CONTEXT(2) 
PARAMETRIC_REPRESENTATION_CONTEXT() REPRESENTATION_CONTEXT('2D SPACE',''
  ) );
#2140 = ORIENTED_EDGE('',*,*,#2141,.T.);
#2141 = EDGE_CURVE('',#2119,#2142,#2144,.T.);
#2142 = VERTEX_POINT('',#2143);
#2143 = CARTESIAN_POINT('',(85.,-85.,-60.));
#2144 = SURFACE_CURVE('',#2145,(#2149,#2156),.PCURVE_S1.);
#2145 = LINE('',#2146,#2147);
#2146 = CARTESIAN_POINT('',(-85.,-85.,-60.));
#2147 = VECTOR('',#2148,1.);
#2148 = DIRECTION('',(1.,0.,-0.));
#2149 = PCURVE('',#2059,#2150);
#2150 = DEFINITIONAL_REPRESENTATION('',(#2151),#2155);
#2151 = LINE('',#2152,#2153);
#2152 = CARTESIAN_POINT('',(0.,0.));
#2153 = VECTOR('',#2154,1.);
#2154 = DIRECTION('',(1.,0.));
#2155 = ( GEOMETRIC_REPRESENTATION_CONTEXT(2) 
PARAMETRIC_REPRESENTATION_CONTEXT() REPRESENTATION_CONTEXT('2D SPACE',''
  ) );
#2156 = PCURVE('',#1864,#2157);
#2157 = DEFINITIONAL_REPRESENTATION('',(#2158),#2162);
#2158 = LINE('',#2159,#2160);
#2159 = CARTESIAN_POINT('',(0.,0.));
#2160 = VECTOR('',#2161,1.);
#2161 = DIRECTION('',(0.,1.));
#2162 = ( GEOMETRIC_REPRESENTATION_CONTEXT(2) 
PARAMETRIC_REPRESENTATION_CONTEXT() REPRESENTATION_CONTEXT('2D SPACE',''
  ) );
#2163 = ORIENTED_EDGE('',*,*,#2164,.T.);
#2164 = EDGE_CURVE('',#2142,#2165,#2167,.T.);
#2165 = VERTEX_POINT('',#2166);
#2166 = CARTESIAN_POINT('',(85.,85.,-60.));
#2167 = SURFACE_CURVE('',#2168,(#2172,#2179),.PCURVE_S1.);
#2168 = LINE('',#2169,#2170);
#2169 = CARTESIAN_POINT('',(85.,-85.,-60.));
#2170 = VECTOR('',#2171,1.);
#2171 = DIRECTION('',(-0.,1.,0.));
#2172 = PCURVE('',#2059,#2173);
#2173 = DEFINITIONAL_REPRESENTATION('',(#2174),#2178);
#2174 = LINE('',#2175,#2176);
#2175 = CARTESIAN_POINT('',(170.,0.));
#2176 = VECTOR('',#2177,1.);
#2177 = DIRECTION('',(0.,1.));
#2178 = ( GEOMETRIC_REPRESENTATION_CONTEXT(2) 
PARAMETRIC_REPRESENTATION_CONTEXT() REPRESENTATION_CONTEXT('2D SPACE',''
  ) );
#2179 = PCURVE('',#1892,#2180);
#2180 = DEFINITIONAL_REPRESENTATION('',(#2181),#2185);
#2181 = LINE('',#2182,#2183);
#2182 = CARTESIAN_POINT('',(0.,0.));
#2183 = VECTOR('',#2184,1.);
#2184 = DIRECTION('',(0.,-1.));
#2185 = ( GEOMETRIC_REPRESENTATION_CONTEXT(2) 
PARAMETRIC_REPRESENTATION_CONTEXT() REPRESENTATION_CONTEXT('2D SPACE',''
  ) );
#2186 = ORIENTED_EDGE('',*,*,#2187,.F.);
#2187 = EDGE_CURVE('',#2188,#2165,#2190,.T.);
#2188 = VERTEX_POINT('',#2189);
#2189 = CARTESIAN_POINT('',(9.,85.,-60.));
#2190 = SURFACE_CURVE('',#2191,(#2195,#2202),.PCURVE_S1.);
#2191 = LINE('',#2192,#2193);
#2192 = CARTESIAN_POINT('',(-85.,85.,-60.));
#2193 = VECTOR('',#2194,1.);
#2194 = DIRECTION('',(1.,0.,-0.));
#2195 = PCURVE('',#2059,#2196);
#2196 = DEFINITIONAL_REPRESENTATION('',(#2197),#2201);
#2197 = LINE('',#2198,#2199);
#2198 = CARTESIAN_POINT('',(0.,170.));
#2199 = VECTOR('',#2200,1.);
#2200 = DIRECTION('',(1.,0.));
#2201 = ( GEOMETRIC_REPRESENTATION_CONTEXT(2) 
PARAMETRIC_REPRESENTATION_CONTEXT() REPRESENTATION_CONTEXT('2D SPACE',''
  ) );
#2202 = PCURVE('',#1920,#2203);
#2203 = DEFINITIONAL_REPRESENTATION('',(#2204),#2208);
#2204 = LINE('',#2205,#2206);
#2205 = CARTESIAN_POINT('',(0.,0.));
#2206 = VECTOR('',#2207,1.);
#2207 = DIRECTION('',(0.,1.));
#2208 = ( GEOMETRIC_REPRESENTATION_CONTEXT(2) 
PARAMETRIC_REPRESENTATION_CONTEXT() REPRESENTATION_CONTEXT('2D SPACE',''
  ) );
#2209 = ORIENTED_EDGE('',*,*,#2210,.T.);
#2210 = EDGE_CURVE('',#2188,#2211,#2213,.T.);
#2211 = VERTEX_POINT('',#2212);
#2212 = CARTESIAN_POINT('',(9.,53.,-60.));
#2213 = SURFACE_CURVE('',#2214,(#2218,#2225),.PCURVE_S1.);
#2214 = LINE('',#2215,#2216);
#2215 = CARTESIAN_POINT('',(9.,85.,-60.));
#2216 = VECTOR('',#2217,1.);
#2217 = DIRECTION('',(0.,-1.,0.));
#2218 = PCURVE('',#2059,#2219);
#2219 = DEFINITIONAL_REPRESENTATION('',(#2220),#2224);
#2220 = LINE('',#2221,#2222);
#2221 = CARTESIAN_POINT('',(94.,170.));
#2222 = VECTOR('',#2223,1.);
#2223 = DIRECTION('',(0.,-1.));
#2224 = ( GEOMETRIC_REPRESENTATION_CONTEXT(2) 
PARAMETRIC_REPRESENTATION_CONTEXT() REPRESENTATION_CONTEXT('2D SPACE',''
  ) );
#2225 = PCURVE('',#1948,#2226);
#2226 = DEFINITIONAL_REPRESENTATION('',(#2227),#2231);
#2227 = LINE('',#2228,#2229);
#2228 = CARTESIAN_POINT('',(20.,-32.));
#2229 = VECTOR('',#2230,1.);
#2230 = DIRECTION('',(0.,1.));
#2231 = ( GEOMETRIC_REPRESENTATION_CONTEXT(2) 
PARAMETRIC_REPRESENTATION_CONTEXT() REPRESENTATION_CONTEXT('2D SPACE',''
  ) );
#2232 = ORIENTED_EDGE('',*,*,#2233,.T.);
#2233 = EDGE_CURVE('',#2211,#2021,#2234,.T.);
#2234 = SURFACE_CURVE('',#2235,(#2239,#2246),.PCURVE_S1.);
#2235 = LINE('',#2236,#2237);
#2236 = CARTESIAN_POINT('',(9.,53.,-60.));
#2237 = VECTOR('',#2238,1.);
#2238 = DIRECTION('',(-1.,0.,0.));
#2239 = PCURVE('',#2059,#2240);
#2240 = DEFINITIONAL_REPRESENTATION('',(#2241),#2245);
#2241 = LINE('',#2242,#2243);
#2242 = CARTESIAN_POINT('',(94.,138.));
#2243 = VECTOR('',#2244,1.);
#2244 = DIRECTION('',(-1.,0.));
#2245 = ( GEOMETRIC_REPRESENTATION_CONTEXT(2) 
PARAMETRIC_REPRESENTATION_CONTEXT() REPRESENTATION_CONTEXT('2D SPACE',''
  ) );
#2246 = PCURVE('',#1976,#2247);
#2247 = DEFINITIONAL_REPRESENTATION('',(#2248),#2252);
#2248 = LINE('',#2249,#2250);
#2249 = CARTESIAN_POINT('',(20.,18.));
#2250 = VECTOR('',#2251,1.);
#2251 = DIRECTION('',(0.,-1.));
#2252 = ( GEOMETRIC_REPRESENTATION_CONTEXT(2) 
PARAMETRIC_REPRESENTATION_CONTEXT() REPRESENTATION_CONTEXT('2D SPACE',''
  ) );
#2253 = ORIENTED_EDGE('',*,*,#2043,.T.);
#2254 = ADVANCED_FACE('',(#2255),#1976,.T.);
#2255 = FACE_BOUND('',#2256,.T.);
#2256 = EDGE_LOOP('',(#2257,#2278,#2279,#2280));
#2257 = ORIENTED_EDGE('',*,*,#2258,.F.);
#2258 = EDGE_CURVE('',#2211,#1933,#2259,.T.);
#2259 = SURFACE_CURVE('',#2260,(#2264,#2271),.PCURVE_S1.);
#2260 = LINE('',#2261,#2262);
#2261 = CARTESIAN_POINT('',(9.,53.,-80.));
#2262 = VECTOR('',#2263,1.);
#2263 = DIRECTION('',(0.,0.,1.));
#2264 = PCURVE('',#1976,#2265);
#2265 = DEFINITIONAL_REPRESENTATION('',(#2266),#2270);
#2266 = LINE('',#2267,#2268);
#2267 = CARTESIAN_POINT('',(0.,18.));
#2268 = VECTOR('',#2269,1.);
#2269 = DIRECTION('',(1.,0.));
#2270 = ( GEOMETRIC_REPRESENTATION_CONTEXT(2) 
PARAMETRIC_REPRESENTATION_CONTEXT() REPRESENTATION_CONTEXT('2D SPACE',''
  ) );
#2271 = PCURVE('',#1948,#2272);
#2272 = DEFINITIONAL_REPRESENTATION('',(#2273),#2277);
#2273 = LINE('',#2274,#2275);
#2274 = CARTESIAN_POINT('',(0.,0.));
#2275 = VECTOR('',#2276,1.);
#2276 = DIRECTION('',(1.,0.));
#2277 = ( GEOMETRIC_REPRESENTATION_CONTEXT(2) 
PARAMETRIC_REPRESENTATION_CONTEXT() REPRESENTATION_CONTEXT('2D SPACE',''
  ) );
#2278 = ORIENTED_EDGE('',*,*,#2233,.T.);
#2279 = ORIENTED_EDGE('',*,*,#2020,.T.);
#2280 = ORIENTED_EDGE('',*,*,#1960,.F.);
#2281 = ADVANCED_FACE('',(#2282),#1948,.F.);
#2282 = FACE_BOUND('',#2283,.F.);
#2283 = EDGE_LOOP('',(#2284,#2285,#2286,#2306));
#2284 = ORIENTED_EDGE('',*,*,#2258,.F.);
#2285 = ORIENTED_EDGE('',*,*,#2210,.F.);
#2286 = ORIENTED_EDGE('',*,*,#2287,.F.);
#2287 = EDGE_CURVE('',#1905,#2188,#2288,.T.);
#2288 = SURFACE_CURVE('',#2289,(#2293,#2300),.PCURVE_S1.);
#2289 = LINE('',#2290,#2291);
#2290 = CARTESIAN_POINT('',(9.,85.,-70.));
#2291 = VECTOR('',#2292,1.);
#2292 = DIRECTION('',(-0.,0.,-1.));
#2293 = PCURVE('',#1948,#2294);
#2294 = DEFINITIONAL_REPRESENTATION('',(#2295),#2299);
#2295 = LINE('',#2296,#2297);
#2296 = CARTESIAN_POINT('',(10.,-32.));
#2297 = VECTOR('',#2298,1.);
#2298 = DIRECTION('',(-1.,-0.));
#2299 = ( GEOMETRIC_REPRESENTATION_CONTEXT(2) 
PARAMETRIC_REPRESENTATION_CONTEXT() REPRESENTATION_CONTEXT('2D SPACE',''
  ) );
#2300 = PCURVE('',#1920,#2301);
#2301 = DEFINITIONAL_REPRESENTATION('',(#2302),#2305);
#2302 = B_SPLINE_CURVE_WITH_KNOTS('',1,(#2303,#2304),.UNSPECIFIED.,.F.,
  .F.,(2,2),(-22.,-10.),.PIECEWISE_BEZIER_KNOTS.);
#2303 = CARTESIAN_POINT('',(12.,94.));
#2304 = CARTESIAN_POINT('',(0.,94.));
#2305 = ( GEOMETRIC_REPRESENTATION_CONTEXT(2) 
PARAMETRIC_REPRESENTATION_CONTEXT() REPRESENTATION_CONTEXT('2D SPACE',''
  ) );
#2306 = ORIENTED_EDGE('',*,*,#1932,.T.);
#2307 = ADVANCED_FACE('',(#2308),#1920,.T.);
#2308 = FACE_BOUND('',#2309,.T.);
#2309 = EDGE_LOOP('',(#2310,#2311,#2312,#2313));
#2310 = ORIENTED_EDGE('',*,*,#2187,.F.);
#2311 = ORIENTED_EDGE('',*,*,#2287,.F.);
#2312 = ORIENTED_EDGE('',*,*,#1904,.T.);
#2313 = ORIENTED_EDGE('',*,*,#2314,.F.);
#2314 = EDGE_CURVE('',#2165,#1877,#2315,.T.);
#2315 = SURFACE_CURVE('',#2316,(#2320,#2327),.PCURVE_S1.);
#2316 = LINE('',#2317,#2318);
#2317 = CARTESIAN_POINT('',(85.,85.,-60.));
#2318 = VECTOR('',#2319,1.);
#2319 = DIRECTION('',(0.,0.,1.));
#2320 = PCURVE('',#1920,#2321);
#2321 = DEFINITIONAL_REPRESENTATION('',(#2322),#2326);
#2322 = LINE('',#2323,#2324);
#2323 = CARTESIAN_POINT('',(0.,170.));
#2324 = VECTOR('',#2325,1.);
#2325 = DIRECTION('',(1.,0.));
#2326 = ( GEOMETRIC_REPRESENTATION_CONTEXT(2) 
PARAMETRIC_REPRESENTATION_CONTEXT() REPRESENTATION_CONTEXT('2D SPACE',''
  ) );
#2327 = PCURVE('',#1892,#2328);
#2328 = DEFINITIONAL_REPRESENTATION('',(#2329),#2333);
#2329 = LINE('',#2330,#2331);
#2330 = CARTESIAN_POINT('',(0.,-170.));
#2331 = VECTOR('',#2332,1.);
#2332 = DIRECTION('',(1.,0.));
#2333 = ( GEOMETRIC_REPRESENTATION_CONTEXT(2) 
PARAMETRIC_REPRESENTATION_CONTEXT() REPRESENTATION_CONTEXT('2D SPACE',''
  ) );
#2334 = ADVANCED_FACE('',(#2335),#1892,.T.);
#2335 = FACE_BOUND('',#2336,.T.);
#2336 = EDGE_LOOP('',(#2337,#2358,#2359,#2360));
#2337 = ORIENTED_EDGE('',*,*,#2338,.F.);
#2338 = EDGE_CURVE('',#2142,#1849,#2339,.T.);
#2339 = SURFACE_CURVE('',#2340,(#2344,#2351),.PCURVE_S1.);
#2340 = LINE('',#2341,#2342);
#2341 = CARTESIAN_POINT('',(85.,-85.,-60.));
#2342 = VECTOR('',#2343,1.);
#2343 = DIRECTION('',(0.,0.,1.));
#2344 = PCURVE('',#1892,#2345);
#2345 = DEFINITIONAL_REPRESENTATION('',(#2346),#2350);
#2346 = LINE('',#2347,#2348);
#2347 = CARTESIAN_POINT('',(0.,0.));
#2348 = VECTOR('',#2349,1.);
#2349 = DIRECTION('',(1.,0.));
#2350 = ( GEOMETRIC_REPRESENTATION_CONTEXT(2) 
PARAMETRIC_REPRESENTATION_CONTEXT() REPRESENTATION_CONTEXT('2D SPACE',''
  ) );
#2351 = PCURVE('',#1864,#2352);
#2352 = DEFINITIONAL_REPRESENTATION('',(#2353),#2357);
#2353 = LINE('',#2354,#2355);
#2354 = CARTESIAN_POINT('',(0.,170.));
#2355 = VECTOR('',#2356,1.);
#2356 = DIRECTION('',(1.,0.));
#2357 = ( GEOMETRIC_REPRESENTATION_CONTEXT(2) 
PARAMETRIC_REPRESENTATION_CONTEXT() REPRESENTATION_CONTEXT('2D SPACE',''
  ) );
#2358 = ORIENTED_EDGE('',*,*,#2164,.T.);
#2359 = ORIENTED_EDGE('',*,*,#2314,.T.);
#2360 = ORIENTED_EDGE('',*,*,#1876,.F.);
#2361 = ADVANCED_FACE('',(#2362),#1864,.F.);
#2362 = FACE_BOUND('',#2363,.F.);
#2363 = EDGE_LOOP('',(#2364,#2365,#2386,#2387));
#2364 = ORIENTED_EDGE('',*,*,#2141,.F.);
#2365 = ORIENTED_EDGE('',*,*,#2366,.T.);
#2366 = EDGE_CURVE('',#2119,#1821,#2367,.T.);
#2367 = SURFACE_CURVE('',#2368,(#2372,#2379),.PCURVE_S1.);
#2368 = LINE('',#2369,#2370);
#2369 = CARTESIAN_POINT('',(-85.,-85.,-60.));
#2370 = VECTOR('',#2371,1.);
#2371 = DIRECTION('',(0.,0.,1.));
#2372 = PCURVE('',#1864,#2373);
#2373 = DEFINITIONAL_REPRESENTATION('',(#2374),#2378);
#2374 = LINE('',#2375,#2376);
#2375 = CARTESIAN_POINT('',(0.,0.));
#2376 = VECTOR('',#2377,1.);
#2377 = DIRECTION('',(1.,0.));
#2378 = ( GEOMETRIC_REPRESENTATION_CONTEXT(2) 
PARAMETRIC_REPRESENTATION_CONTEXT() REPRESENTATION_CONTEXT('2D SPACE',''
  ) );
#2379 = PCURVE('',#1836,#2380);
#2380 = DEFINITIONAL_REPRESENTATION('',(#2381),#2385);
#2381 = LINE('',#2382,#2383);
#2382 = CARTESIAN_POINT('',(0.,0.));
#2383 = VECTOR('',#2384,1.);
#2384 = DIRECTION('',(1.,0.));
#2385 = ( GEOMETRIC_REPRESENTATION_CONTEXT(2) 
PARAMETRIC_REPRESENTATION_CONTEXT() REPRESENTATION_CONTEXT('2D SPACE',''
  ) );
#2386 = ORIENTED_EDGE('',*,*,#1848,.T.);
#2387 = ORIENTED_EDGE('',*,*,#2338,.F.);
#2388 = ADVANCED_FACE('',(#2389),#1836,.F.);
#2389 = FACE_BOUND('',#2390,.F.);
#2390 = EDGE_LOOP('',(#2391,#2392,#2393,#2414));
#2391 = ORIENTED_EDGE('',*,*,#2366,.F.);
#2392 = ORIENTED_EDGE('',*,*,#2118,.T.);
#2393 = ORIENTED_EDGE('',*,*,#2394,.T.);
#2394 = EDGE_CURVE('',#2096,#1791,#2395,.T.);
#2395 = SURFACE_CURVE('',#2396,(#2400,#2407),.PCURVE_S1.);
#2396 = LINE('',#2397,#2398);
#2397 = CARTESIAN_POINT('',(-85.,85.,-60.));
#2398 = VECTOR('',#2399,1.);
#2399 = DIRECTION('',(0.,0.,1.));
#2400 = PCURVE('',#1836,#2401);
#2401 = DEFINITIONAL_REPRESENTATION('',(#2402),#2406);
#2402 = LINE('',#2403,#2404);
#2403 = CARTESIAN_POINT('',(0.,-170.));
#2404 = VECTOR('',#2405,1.);
#2405 = DIRECTION('',(1.,0.));
#2406 = ( GEOMETRIC_REPRESENTATION_CONTEXT(2) 
PARAMETRIC_REPRESENTATION_CONTEXT() REPRESENTATION_CONTEXT('2D SPACE',''
  ) );
#2407 = PCURVE('',#1808,#2408);
#2408 = DEFINITIONAL_REPRESENTATION('',(#2409),#2413);
#2409 = LINE('',#2410,#2411);
#2410 = CARTESIAN_POINT('',(0.,0.));
#2411 = VECTOR('',#2412,1.);
#2412 = DIRECTION('',(1.,0.));
#2413 = ( GEOMETRIC_REPRESENTATION_CONTEXT(2) 
PARAMETRIC_REPRESENTATION_CONTEXT() REPRESENTATION_CONTEXT('2D SPACE',''
  ) );
#2414 = ORIENTED_EDGE('',*,*,#1820,.F.);
#2415 = ADVANCED_FACE('',(#2416),#1808,.T.);
#2416 = FACE_BOUND('',#2417,.T.);
#2417 = EDGE_LOOP('',(#2418,#2419,#2420,#2421));
#2418 = ORIENTED_EDGE('',*,*,#2095,.F.);
#2419 = ORIENTED_EDGE('',*,*,#2394,.T.);
#2420 = ORIENTED_EDGE('',*,*,#1790,.T.);
#2421 = ORIENTED_EDGE('',*,*,#2071,.T.);
#2422 = ( GEOMETRIC_REPRESENTATION_CONTEXT(3) 
GLOBAL_UNCERTAINTY_ASSIGNED_CONTEXT((#2426)) 
GLOBAL_UNIT_ASSIGNED_CONTEXT((#2423,#2424,#2425)) REPRESENTATION_CONTEXT
('Context #1','3D Context with UNIT and UNCERTAINTY') );
#2423 = ( LENGTH_UNIT() NAMED_UNIT(*) SI_UNIT(.MILLI.,.METRE.) );
#2424 = ( NAMED_UNIT(*) PLANE_ANGLE_UNIT() SI_UNIT($,.RADIAN.) );
#2425 = ( NAMED_UNIT(*) SI_UNIT($,.STERADIAN.) SOLID_ANGLE_UNIT() );
#2426 = UNCERTAINTY_MEASURE_WITH_UNIT(LENGTH_MEASURE(1.E-07),#2423,
  'distance_accuracy_value','confusion accuracy');
#2427 = CONTEXT_DEPENDENT_SHAPE_REPRESENTATION(#2428,#2430);
#2428 = ( REPRESENTATION_RELATIONSHIP('','',#44,#10) 
REPRESENTATION_RELATIONSHIP_WITH_TRANSFORMATION(#2429) 
SHAPE_REPRESENTATION_RELATIONSHIP() );
#2429 = ITEM_DEFINED_TRANSFORMATION('','',#11,#15);
#2430 = PRODUCT_DEFINITION_SHAPE('Placement','Placement of an item',
  #2431);
#2431 = NEXT_ASSEMBLY_USAGE_OCCURRENCE('54','S foot x6','',#5,#39,$);
#2432 = PRODUCT_RELATED_PRODUCT_CATEGORY('part',$,(#41));
#2433 = SHAPE_DEFINITION_REPRESENTATION(#2434,#2440);
#2434 = PRODUCT_DEFINITION_SHAPE('','',#2435);
#2435 = PRODUCT_DEFINITION('design','',#2436,#2439);
#2436 = PRODUCT_DEFINITION_FORMATION('','',#2437);
#2437 = PRODUCT('S eave x6','S eave x6','',(#2438));
#2438 = PRODUCT_CONTEXT('',#2,'mechanical');
#2439 = PRODUCT_DEFINITION_CONTEXT('part definition',#2,'design');
#2440 = ADVANCED_BREP_SHAPE_REPRESENTATION('',(#11,#2441),#7024);
#2441 = MANIFOLD_SOLID_BREP('',#2442);
#2442 = CLOSED_SHELL('',(#2443,#2973,#3224,#3991,#4743,#4993,#5237,#5272
    ,#5486,#5521,#5735,#5991,#6247,#6251,#6278,#6313,#6527,#6562,#6770,
    #6828,#6892,#6950,#7008,#7012,#7016,#7020));
#2443 = ADVANCED_FACE('',(#2444,#2673,#2766,#2866),#2459,.T.);
#2444 = FACE_BOUND('',#2445,.T.);
#2445 = EDGE_LOOP('',(#2446,#2477,#2506,#2528,#2529,#2592,#2616,#2617));
#2446 = ORIENTED_EDGE('',*,*,#2447,.F.);
#2447 = EDGE_CURVE('',#2448,#2450,#2452,.T.);
#2448 = VERTEX_POINT('',#2449);
#2449 = CARTESIAN_POINT('',(17.01,-4.166248410699E-15,-38.40130075921));
#2450 = VERTEX_POINT('',#2451);
#2451 = CARTESIAN_POINT('',(38.401300759219,-9.405606011574E-15,-17.01)
  );
#2452 = SEAM_CURVE('',#2453,(#2458,#2470),.PCURVE_S1.);
#2453 = CIRCLE('',#2454,42.);
#2454 = AXIS2_PLACEMENT_3D('',#2455,#2456,#2457);
#2455 = CARTESIAN_POINT('',(0.,0.,0.));
#2456 = DIRECTION('',(-2.449293598295E-16,-1.,0.));
#2457 = DIRECTION('',(1.,-2.449293598295E-16,0.));
#2458 = PCURVE('',#2459,#2464);
#2459 = SPHERICAL_SURFACE('',#2460,42.);
#2460 = AXIS2_PLACEMENT_3D('',#2461,#2462,#2463);
#2461 = CARTESIAN_POINT('',(0.,0.,0.));
#2462 = DIRECTION('',(0.,0.,1.));
#2463 = DIRECTION('',(1.,0.,-0.));
#2464 = DEFINITIONAL_REPRESENTATION('',(#2465),#2469);
#2465 = LINE('',#2466,#2467);
#2466 = CARTESIAN_POINT('',(0.,-6.28318530718));
#2467 = VECTOR('',#2468,1.);
#2468 = DIRECTION('',(0.,1.));
#2469 = ( GEOMETRIC_REPRESENTATION_CONTEXT(2) 
PARAMETRIC_REPRESENTATION_CONTEXT() REPRESENTATION_CONTEXT('2D SPACE',''
  ) );
#2470 = PCURVE('',#2459,#2471);
#2471 = DEFINITIONAL_REPRESENTATION('',(#2472),#2476);
#2472 = LINE('',#2473,#2474);
#2473 = CARTESIAN_POINT('',(6.28318530718,-6.28318530718));
#2474 = VECTOR('',#2475,1.);
#2475 = DIRECTION('',(0.,1.));
#2476 = ( GEOMETRIC_REPRESENTATION_CONTEXT(2) 
PARAMETRIC_REPRESENTATION_CONTEXT() REPRESENTATION_CONTEXT('2D SPACE',''
  ) );
#2477 = ORIENTED_EDGE('',*,*,#2478,.F.);
#2478 = EDGE_CURVE('',#2479,#2448,#2481,.T.);
#2479 = VERTEX_POINT('',#2480);
#2480 = CARTESIAN_POINT('',(-17.01,-4.166248410699E-15,-38.40130075921)
  );
#2481 = SURFACE_CURVE('',#2482,(#2487,#2494),.PCURVE_S1.);
#2482 = CIRCLE('',#2483,17.01);
#2483 = AXIS2_PLACEMENT_3D('',#2484,#2485,#2486);
#2484 = CARTESIAN_POINT('',(0.,0.,-38.40130075921));
#2485 = DIRECTION('',(0.,0.,-1.));
#2486 = DIRECTION('',(0.,1.,0.));
#2487 = PCURVE('',#2459,#2488);
#2488 = DEFINITIONAL_REPRESENTATION('',(#2489),#2493);
#2489 = LINE('',#2490,#2491);
#2490 = CARTESIAN_POINT('',(7.853981633974,-1.153817496175));
#2491 = VECTOR('',#2492,1.);
#2492 = DIRECTION('',(-1.,0.));
#2493 = ( GEOMETRIC_REPRESENTATION_CONTEXT(2) 
PARAMETRIC_REPRESENTATION_CONTEXT() REPRESENTATION_CONTEXT('2D SPACE',''
  ) );
#2494 = PCURVE('',#2495,#2500);
#2495 = CYLINDRICAL_SURFACE('',#2496,17.01);
#2496 = AXIS2_PLACEMENT_3D('',#2497,#2498,#2499);
#2497 = CARTESIAN_POINT('',(0.,0.,0.));
#2498 = DIRECTION('',(0.,0.,-1.));
#2499 = DIRECTION('',(-1.,0.,-0.));
#2500 = DEFINITIONAL_REPRESENTATION('',(#2501),#2505);
#2501 = LINE('',#2502,#2503);
#2502 = CARTESIAN_POINT('',(-4.712388980385,38.401300759219));
#2503 = VECTOR('',#2504,1.);
#2504 = DIRECTION('',(1.,0.));
#2505 = ( GEOMETRIC_REPRESENTATION_CONTEXT(2) 
PARAMETRIC_REPRESENTATION_CONTEXT() REPRESENTATION_CONTEXT('2D SPACE',''
  ) );
#2506 = ORIENTED_EDGE('',*,*,#2507,.F.);
#2507 = EDGE_CURVE('',#2448,#2479,#2508,.T.);
#2508 = SURFACE_CURVE('',#2509,(#2514,#2521),.PCURVE_S1.);
#2509 = CIRCLE('',#2510,17.01);
#2510 = AXIS2_PLACEMENT_3D('',#2511,#2512,#2513);
#2511 = CARTESIAN_POINT('',(0.,0.,-38.40130075921));
#2512 = DIRECTION('',(0.,0.,-1.));
#2513 = DIRECTION('',(0.,1.,0.));
#2514 = PCURVE('',#2459,#2515);
#2515 = DEFINITIONAL_REPRESENTATION('',(#2516),#2520);
#2516 = LINE('',#2517,#2518);
#2517 = CARTESIAN_POINT('',(7.853981633974,-1.153817496175));
#2518 = VECTOR('',#2519,1.);
#2519 = DIRECTION('',(-1.,0.));
#2520 = ( GEOMETRIC_REPRESENTATION_CONTEXT(2) 
PARAMETRIC_REPRESENTATION_CONTEXT() REPRESENTATION_CONTEXT('2D SPACE',''
  ) );
#2521 = PCURVE('',#2495,#2522);
#2522 = DEFINITIONAL_REPRESENTATION('',(#2523),#2527);
#2523 = LINE('',#2524,#2525);
#2524 = CARTESIAN_POINT('',(1.570796326795,38.401300759219));
#2525 = VECTOR('',#2526,1.);
#2526 = DIRECTION('',(1.,0.));
#2527 = ( GEOMETRIC_REPRESENTATION_CONTEXT(2) 
PARAMETRIC_REPRESENTATION_CONTEXT() REPRESENTATION_CONTEXT('2D SPACE',''
  ) );
#2528 = ORIENTED_EDGE('',*,*,#2447,.T.);
#2529 = ORIENTED_EDGE('',*,*,#2530,.F.);
#2530 = EDGE_CURVE('',#2531,#2450,#2533,.T.);
#2531 = VERTEX_POINT('',#2532);
#2532 = CARTESIAN_POINT('',(38.40130075922,-2.619678800438E-15,
    17.009999999999));
#2533 = SURFACE_CURVE('',#2534,(#2539,#2580),.PCURVE_S1.);
#2534 = CIRCLE('',#2535,17.01);
#2535 = AXIS2_PLACEMENT_3D('',#2536,#2537,#2538);
#2536 = CARTESIAN_POINT('',(38.401300759219,0.,0.));
#2537 = DIRECTION('',(1.,0.,0.));
#2538 = DIRECTION('',(-0.,0.,1.));
#2539 = PCURVE('',#2459,#2540);
#2540 = DEFINITIONAL_REPRESENTATION('',(#2541),#2579);
#2541 = B_SPLINE_CURVE_WITH_KNOTS('',8,(#2542,#2543,#2544,#2545,#2546,
    #2547,#2548,#2549,#2550,#2551,#2552,#2553,#2554,#2555,#2556,#2557,
    #2558,#2559,#2560,#2561,#2562,#2563,#2564,#2565,#2566,#2567,#2568,
    #2569,#2570,#2571,#2572,#2573,#2574,#2575,#2576,#2577,#2578),
  .UNSPECIFIED.,.F.,.F.,(9,7,7,7,7,9),(0.,0.785398163397,1.374446785946,
    2.258019719768,2.699806186679,3.14159265359),.UNSPECIFIED.);
#2542 = CARTESIAN_POINT('',(6.28318530718,0.41697883062));
#2543 = CARTESIAN_POINT('',(6.239698424915,0.41697883062));
#2544 = CARTESIAN_POINT('',(6.196211570277,0.412099591557));
#2545 = CARTESIAN_POINT('',(6.153613834498,0.402341318861));
#2546 = CARTESIAN_POINT('',(6.112795358199,0.387862484263));
#2547 = CARTESIAN_POINT('',(6.074528783745,0.368984505555));
#2548 = CARTESIAN_POINT('',(6.039357270928,0.346134669473));
#2549 = CARTESIAN_POINT('',(6.007651332652,0.319788765084));
#2550 = CARTESIAN_POINT('',(5.958646620125,0.268436502351));
#2551 = CARTESIAN_POINT('',(5.939727686211,0.244741868277));
#2552 = CARTESIAN_POINT('',(5.922992345524,0.219570648053));
#2553 = CARTESIAN_POINT('',(5.908499374255,0.193139559639));
#2554 = CARTESIAN_POINT('',(5.896278351048,0.165664857838));
#2555 = CARTESIAN_POINT('',(5.886342187834,0.137359533032));
#2556 = CARTESIAN_POINT('',(5.878696671268,0.1084333374));
#2557 = CARTESIAN_POINT('',(5.865315063838,3.508504773886E-02));
#2558 = CARTESIAN_POINT('',(5.862445108461,-9.853448703254E-03));
#2559 = CARTESIAN_POINT('',(5.864741743058,-5.502034408306E-02));
#2560 = CARTESIAN_POINT('',(5.872196736187,-9.972478023519E-02));
#2561 = CARTESIAN_POINT('',(5.884815493745,-0.143277313696));
#2562 = CARTESIAN_POINT('',(5.902607913542,-0.184969086776));
#2563 = CARTESIAN_POINT('',(5.925510694496,-0.224064955383));
#2564 = CARTESIAN_POINT('',(5.967179680193,-0.277732727877));
#2565 = CARTESIAN_POINT('',(5.982288483501,-0.294792647351));
#2566 = CARTESIAN_POINT('',(5.99858723155,-0.3109330357));
#2567 = CARTESIAN_POINT('',(6.016036133666,-0.326064573998));
#2568 = CARTESIAN_POINT('',(6.03458197328,-0.340099946504));
#2569 = CARTESIAN_POINT('',(6.054155121752,-0.352955844768));
#2570 = CARTESIAN_POINT('',(6.074667794168,-0.364555503539));
#2571 = CARTESIAN_POINT('',(6.117362092516,-0.385107346794));
#2572 = CARTESIAN_POINT('',(6.139543723324,-0.39405952917));
#2573 = CARTESIAN_POINT('',(6.162454753369,-0.401620472127));
#2574 = CARTESIAN_POINT('',(6.185972964247,-0.407731889917));
#2575 = CARTESIAN_POINT('',(6.20995945582,-0.412347391445));
#2576 = CARTESIAN_POINT('',(6.234262569322,-0.415435014737));
#2577 = CARTESIAN_POINT('',(6.258723935906,-0.41697883062));
#2578 = CARTESIAN_POINT('',(6.28318530718,-0.41697883062));
#2579 = ( GEOMETRIC_REPRESENTATION_CONTEXT(2) 
PARAMETRIC_REPRESENTATION_CONTEXT() REPRESENTATION_CONTEXT('2D SPACE',''
  ) );
#2580 = PCURVE('',#2581,#2586);
#2581 = CYLINDRICAL_SURFACE('',#2582,17.01);
#2582 = AXIS2_PLACEMENT_3D('',#2583,#2584,#2585);
#2583 = CARTESIAN_POINT('',(0.,0.,0.));
#2584 = DIRECTION('',(1.,0.,0.));
#2585 = DIRECTION('',(-0.,0.,1.));
#2586 = DEFINITIONAL_REPRESENTATION('',(#2587),#2591);
#2587 = LINE('',#2588,#2589);
#2588 = CARTESIAN_POINT('',(0.,38.401300759219));
#2589 = VECTOR('',#2590,1.);
#2590 = DIRECTION('',(1.,0.));
#2591 = ( GEOMETRIC_REPRESENTATION_CONTEXT(2) 
PARAMETRIC_REPRESENTATION_CONTEXT() REPRESENTATION_CONTEXT('2D SPACE',''
  ) );
#2592 = ORIENTED_EDGE('',*,*,#2593,.T.);
#2593 = EDGE_CURVE('',#2531,#2594,#2596,.T.);
#2594 = VERTEX_POINT('',#2595);
#2595 = CARTESIAN_POINT('',(2.571758278209E-15,-6.29899108718E-31,42.));
#2596 = SEAM_CURVE('',#2597,(#2602,#2609),.PCURVE_S1.);
#2597 = CIRCLE('',#2598,42.);
#2598 = AXIS2_PLACEMENT_3D('',#2599,#2600,#2601);
#2599 = CARTESIAN_POINT('',(0.,0.,0.));
#2600 = DIRECTION('',(-2.449293598295E-16,-1.,0.));
#2601 = DIRECTION('',(1.,-2.449293598295E-16,0.));
#2602 = PCURVE('',#2459,#2603);
#2603 = DEFINITIONAL_REPRESENTATION('',(#2604),#2608);
#2604 = LINE('',#2605,#2606);
#2605 = CARTESIAN_POINT('',(0.,-6.28318530718));
#2606 = VECTOR('',#2607,1.);
#2607 = DIRECTION('',(0.,1.));
#2608 = ( GEOMETRIC_REPRESENTATION_CONTEXT(2) 
PARAMETRIC_REPRESENTATION_CONTEXT() REPRESENTATION_CONTEXT('2D SPACE',''
  ) );
#2609 = PCURVE('',#2459,#2610);
#2610 = DEFINITIONAL_REPRESENTATION('',(#2611),#2615);
#2611 = LINE('',#2612,#2613);
#2612 = CARTESIAN_POINT('',(6.28318530718,-6.28318530718));
#2613 = VECTOR('',#2614,1.);
#2614 = DIRECTION('',(0.,1.));
#2615 = ( GEOMETRIC_REPRESENTATION_CONTEXT(2) 
PARAMETRIC_REPRESENTATION_CONTEXT() REPRESENTATION_CONTEXT('2D SPACE',''
  ) );
#2616 = ORIENTED_EDGE('',*,*,#2593,.F.);
#2617 = ORIENTED_EDGE('',*,*,#2618,.F.);
#2618 = EDGE_CURVE('',#2450,#2531,#2619,.T.);
#2619 = SURFACE_CURVE('',#2620,(#2625,#2666),.PCURVE_S1.);
#2620 = CIRCLE('',#2621,17.01);
#2621 = AXIS2_PLACEMENT_3D('',#2622,#2623,#2624);
#2622 = CARTESIAN_POINT('',(38.401300759219,0.,0.));
#2623 = DIRECTION('',(1.,0.,0.));
#2624 = DIRECTION('',(-0.,0.,1.));
#2625 = PCURVE('',#2459,#2626);
#2626 = DEFINITIONAL_REPRESENTATION('',(#2627),#2665);
#2627 = B_SPLINE_CURVE_WITH_KNOTS('',8,(#2628,#2629,#2630,#2631,#2632,
    #2633,#2634,#2635,#2636,#2637,#2638,#2639,#2640,#2641,#2642,#2643,
    #2644,#2645,#2646,#2647,#2648,#2649,#2650,#2651,#2652,#2653,#2654,
    #2655,#2656,#2657,#2658,#2659,#2660,#2661,#2662,#2663,#2664),
  .UNSPECIFIED.,.F.,.F.,(9,7,7,7,7,9),(3.14159265359,3.926990816987,
    4.516039439535,5.399612373357,5.841398840269,6.28318530718),
  .UNSPECIFIED.);
#2628 = CARTESIAN_POINT('',(0.,-0.41697883062));
#2629 = CARTESIAN_POINT('',(4.34868822646E-02,-0.41697883062));
#2630 = CARTESIAN_POINT('',(8.697373690305E-02,-0.412099591558));
#2631 = CARTESIAN_POINT('',(0.12957147268,-0.40234131886));
#2632 = CARTESIAN_POINT('',(0.170389948982,-0.387862484266));
#2633 = CARTESIAN_POINT('',(0.208656523434,-0.368984505554));
#2634 = CARTESIAN_POINT('',(0.243828036252,-0.346134669474));
#2635 = CARTESIAN_POINT('',(0.275533974528,-0.319788765084));
#2636 = CARTESIAN_POINT('',(0.324538687054,-0.268436502351));
#2637 = CARTESIAN_POINT('',(0.343457620968,-0.244741868277));
#2638 = CARTESIAN_POINT('',(0.360192961656,-0.219570648053));
#2639 = CARTESIAN_POINT('',(0.374685932925,-0.193139559639));
#2640 = CARTESIAN_POINT('',(0.386906956131,-0.165664857838));
#2641 = CARTESIAN_POINT('',(0.396843119345,-0.137359533032));
#2642 = CARTESIAN_POINT('',(0.404488635912,-0.1084333374));
#2643 = CARTESIAN_POINT('',(0.417870243341,-3.508504773886E-02));
#2644 = CARTESIAN_POINT('',(0.420740198718,9.853448703225E-03));
#2645 = CARTESIAN_POINT('',(0.418443564121,5.502034408323E-02));
#2646 = CARTESIAN_POINT('',(0.410988570991,9.972478023496E-02));
#2647 = CARTESIAN_POINT('',(0.398369813434,0.143277313695));
#2648 = CARTESIAN_POINT('',(0.380577393638,0.184969086776));
#2649 = CARTESIAN_POINT('',(0.357674612684,0.224064955383));
#2650 = CARTESIAN_POINT('',(0.316005626987,0.277732727877));
#2651 = CARTESIAN_POINT('',(0.300896823679,0.294792647351));
#2652 = CARTESIAN_POINT('',(0.284598075629,0.310933035699));
#2653 = CARTESIAN_POINT('',(0.267149173513,0.326064573998));
#2654 = CARTESIAN_POINT('',(0.2486033339,0.340099946504));
#2655 = CARTESIAN_POINT('',(0.229030185428,0.352955844768));
#2656 = CARTESIAN_POINT('',(0.208517513011,0.364555503539));
#2657 = CARTESIAN_POINT('',(0.165823214664,0.385107346794));
#2658 = CARTESIAN_POINT('',(0.143641583856,0.39405952917));
#2659 = CARTESIAN_POINT('',(0.120730553811,0.401620472127));
#2660 = CARTESIAN_POINT('',(9.721234293238E-02,0.407731889917));
#2661 = CARTESIAN_POINT('',(7.32258513599E-02,0.412347391445));
#2662 = CARTESIAN_POINT('',(4.892273785728E-02,0.415435014737));
#2663 = CARTESIAN_POINT('',(2.446137127384E-02,0.41697883062));
#2664 = CARTESIAN_POINT('',(1.084923772979E-16,0.41697883062));
#2665 = ( GEOMETRIC_REPRESENTATION_CONTEXT(2) 
PARAMETRIC_REPRESENTATION_CONTEXT() REPRESENTATION_CONTEXT('2D SPACE',''
  ) );
#2666 = PCURVE('',#2581,#2667);
#2667 = DEFINITIONAL_REPRESENTATION('',(#2668),#2672);
#2668 = LINE('',#2669,#2670);
#2669 = CARTESIAN_POINT('',(0.,38.401300759219));
#2670 = VECTOR('',#2671,1.);
#2671 = DIRECTION('',(1.,0.));
#2672 = ( GEOMETRIC_REPRESENTATION_CONTEXT(2) 
PARAMETRIC_REPRESENTATION_CONTEXT() REPRESENTATION_CONTEXT('2D SPACE',''
  ) );
#2673 = FACE_BOUND('',#2674,.T.);
#2674 = EDGE_LOOP('',(#2675));
#2675 = ORIENTED_EDGE('',*,*,#2676,.F.);
#2676 = EDGE_CURVE('',#2677,#2677,#2679,.T.);
#2677 = VERTEX_POINT('',#2678);
#2678 = CARTESIAN_POINT('',(2.204364238465E-15,22.644658378042,
    -35.37258043939));
#2679 = SURFACE_CURVE('',#2680,(#2685,#2754),.PCURVE_S1.);
#2680 = CIRCLE('',#2681,9.);
#2681 = AXIS2_PLACEMENT_3D('',#2682,#2683,#2684);
#2682 = CARTESIAN_POINT('',(0.,29.008619408721,-29.00861940872));
#2683 = DIRECTION('',(0.,0.707106781187,-0.707106781187));
#2684 = DIRECTION('',(0.,0.707106781187,0.707106781187));
#2685 = PCURVE('',#2459,#2686);
#2686 = DEFINITIONAL_REPRESENTATION('',(#2687),#2753);
#2687 = B_SPLINE_CURVE_WITH_KNOTS('',8,(#2688,#2689,#2690,#2691,#2692,
    #2693,#2694,#2695,#2696,#2697,#2698,#2699,#2700,#2701,#2702,#2703,
    #2704,#2705,#2706,#2707,#2708,#2709,#2710,#2711,#2712,#2713,#2714,
    #2715,#2716,#2717,#2718,#2719,#2720,#2721,#2722,#2723,#2724,#2725,
    #2726,#2727,#2728,#2729,#2730,#2731,#2732,#2733,#2734,#2735,#2736,
    #2737,#2738,#2739,#2740,#2741,#2742,#2743,#2744,#2745,#2746,#2747,
    #2748,#2749,#2750,#2751,#2752),.UNSPECIFIED.,.T.,.F.,(9,7,7,7,7,7,7,
    7,7,9),(3.14159265359,3.534291735288,4.270602513474,4.914874444386,
    6.042350323481,6.887957232803,7.522162414795,8.473470187782,
    8.949124074276,9.424777960769),.UNSPECIFIED.);
#2688 = CARTESIAN_POINT('',(1.570796326795,-1.001358662082));
#2689 = CARTESIAN_POINT('',(1.590305849064,-1.001358662082));
#2690 = CARTESIAN_POINT('',(1.609815365344,-1.000584745951));
#2691 = CARTESIAN_POINT('',(1.629170256338,-0.999036918953));
#2692 = CARTESIAN_POINT('',(1.648215748642,-0.996724382005));
#2693 = CARTESIAN_POINT('',(1.666805090861,-0.993665601996));
#2694 = CARTESIAN_POINT('',(1.684806726069,-0.989887295894));
#2695 = CARTESIAN_POINT('',(1.702108886212,-0.985422829504));
#2696 = CARTESIAN_POINT('',(1.749578436203,-0.970724973226));
#2697 = CARTESIAN_POINT('',(1.777755940003,-0.958861893295));
#2698 = CARTESIAN_POINT('',(1.802549619205,-0.9449738895));
#2699 = CARTESIAN_POINT('',(1.823607547152,-0.929375473297));
#2700 = CARTESIAN_POINT('',(1.840856467205,-0.912403037787));
#2701 = CARTESIAN_POINT('',(1.854376860571,-0.894379063768));
#2702 = CARTESIAN_POINT('',(1.864335239298,-0.875606604415));
#2703 = CARTESIAN_POINT('',(1.876721397072,-0.839528147335));
#2704 = CARTESIAN_POINT('',(1.879934895026,-0.822332163956));
#2705 = CARTESIAN_POINT('',(1.880722097402,-0.804963871439));
#2706 = CARTESIAN_POINT('',(1.879248598254,-0.787596412936));
#2707 = CARTESIAN_POINT('',(1.875683456017,-0.77038794629));
#2708 = CARTESIAN_POINT('',(1.870190557567,-0.753482703086));
#2709 = CARTESIAN_POINT('',(1.862927025053,-0.73701257216));
#2710 = CARTESIAN_POINT('',(1.838494933118,-0.693246413795));
#2711 = CARTESIAN_POINT('',(1.817983338474,-0.667095419542));
#2712 = CARTESIAN_POINT('',(1.793310880722,-0.643288224191));
#2713 = CARTESIAN_POINT('',(1.765212118346,-0.62235810775));
#2714 = CARTESIAN_POINT('',(1.734355327389,-0.604742486148));
#2715 = CARTESIAN_POINT('',(1.701393109623,-0.590781468294));
#2716 = CARTESIAN_POINT('',(1.666968755557,-0.580706765513));
#2717 = CARTESIAN_POINT('',(1.605289788357,-0.570087766937));
#2718 = CARTESIAN_POINT('',(1.578394256145,-0.567790539188));
#2719 = CARTESIAN_POINT('',(1.551307541956,-0.567797828876));
#2720 = CARTESIAN_POINT('',(1.524299384441,-0.570125185224));
#2721 = CARTESIAN_POINT('',(1.497639761231,-0.574751754585));
#2722 = CARTESIAN_POINT('',(1.471598677301,-0.581620702486));
#2723 = CARTESIAN_POINT('',(1.446446992552,-0.590640565538));
#2724 = CARTESIAN_POINT('',(1.404470712772,-0.609971536541));
#2725 = CARTESIAN_POINT('',(1.387136309156,-0.619396084801));
#2726 = CARTESIAN_POINT('',(1.370573764002,-0.629907967978));
#2727 = CARTESIAN_POINT('',(1.354900875576,-0.641444119477));
#2728 = CARTESIAN_POINT('',(1.340238019554,-0.653931380127));
#2729 = CARTESIAN_POINT('',(1.326709441033,-0.667286670673));
#2730 = CARTESIAN_POINT('',(1.314444631519,-0.681416874249));
#2731 = CARTESIAN_POINT('',(1.287282529979,-0.718420760655));
#2732 = CARTESIAN_POINT('',(1.274135190171,-0.742133628359));
#2733 = CARTESIAN_POINT('',(1.264596847311,-0.767007377574));
#2734 = CARTESIAN_POINT('',(1.259160457445,-0.792639503989));
#2735 = CARTESIAN_POINT('',(1.258354282215,-0.818569462664));
#2736 = CARTESIAN_POINT('',(1.262745603511,-0.844273677773));
#2737 = CARTESIAN_POINT('',(1.272877047798,-0.869144597898));
#2738 = CARTESIAN_POINT('',(1.297100171882,-0.904215006584));
#2739 = CARTESIAN_POINT('',(1.30667887702,-0.915532484407));
#2740 = CARTESIAN_POINT('',(1.31779668374,-0.926395125571));
#2741 = CARTESIAN_POINT('',(1.330471714399,-0.936717707284));
#2742 = CARTESIAN_POINT('',(1.344699058906,-0.946412896971));
#2743 = CARTESIAN_POINT('',(1.36044072362,-0.955393407784));
#2744 = CARTESIAN_POINT('',(1.377616896739,-0.963575318346));
#2745 = CARTESIAN_POINT('',(1.414590131428,-0.978189682022));
#2746 = CARTESIAN_POINT('',(1.434387229846,-0.984622131438));
#2747 = CARTESIAN_POINT('',(1.455370602501,-0.990103708227));
#2748 = CARTESIAN_POINT('',(1.477372746019,-0.994565974098));
#2749 = CARTESIAN_POINT('',(1.500178755034,-0.997952417588));
#2750 = CARTESIAN_POINT('',(1.52353482365,-1.000223241754));
#2751 = CARTESIAN_POINT('',(1.547165560838,-1.001358662082));
#2752 = CARTESIAN_POINT('',(1.570796326795,-1.001358662082));
#2753 = ( GEOMETRIC_REPRESENTATION_CONTEXT(2) 
PARAMETRIC_REPRESENTATION_CONTEXT() REPRESENTATION_CONTEXT('2D SPACE',''
  ) );
#2754 = PCURVE('',#2755,#2760);
#2755 = CYLINDRICAL_SURFACE('',#2756,9.);
#2756 = AXIS2_PLACEMENT_3D('',#2757,#2758,#2759);
#2757 = CARTESIAN_POINT('',(0.,0.,0.));
#2758 = DIRECTION('',(0.,0.707106781187,-0.707106781187));
#2759 = DIRECTION('',(0.,-0.707106781187,-0.707106781187));
#2760 = DEFINITIONAL_REPRESENTATION('',(#2761),#2765);
#2761 = LINE('',#2762,#2763);
#2762 = CARTESIAN_POINT('',(-3.14159265359,41.024382993532));
#2763 = VECTOR('',#2764,1.);
#2764 = DIRECTION('',(1.,0.));
#2765 = ( GEOMETRIC_REPRESENTATION_CONTEXT(2) 
PARAMETRIC_REPRESENTATION_CONTEXT() REPRESENTATION_CONTEXT('2D SPACE',''
  ) );
#2766 = FACE_BOUND('',#2767,.T.);
#2767 = EDGE_LOOP('',(#2768));
#2768 = ORIENTED_EDGE('',*,*,#2769,.F.);
#2769 = EDGE_CURVE('',#2770,#2770,#2772,.T.);
#2770 = VERTEX_POINT('',#2771);
#2771 = CARTESIAN_POINT('',(-38.40130075921,4.166248410699E-15,-17.01));
#2772 = SURFACE_CURVE('',#2773,(#2778,#2854),.PCURVE_S1.);
#2773 = CIRCLE('',#2774,17.01);
#2774 = AXIS2_PLACEMENT_3D('',#2775,#2776,#2777);
#2775 = CARTESIAN_POINT('',(-38.40130075921,0.,0.));
#2776 = DIRECTION('',(-1.,0.,0.));
#2777 = DIRECTION('',(0.,0.,-1.));
#2778 = PCURVE('',#2459,#2779);
#2779 = DEFINITIONAL_REPRESENTATION('',(#2780),#2853);
#2780 = B_SPLINE_CURVE_WITH_KNOTS('',8,(#2781,#2782,#2783,#2784,#2785,
    #2786,#2787,#2788,#2789,#2790,#2791,#2792,#2793,#2794,#2795,#2796,
    #2797,#2798,#2799,#2800,#2801,#2802,#2803,#2804,#2805,#2806,#2807,
    #2808,#2809,#2810,#2811,#2812,#2813,#2814,#2815,#2816,#2817,#2818,
    #2819,#2820,#2821,#2822,#2823,#2824,#2825,#2826,#2827,#2828,#2829,
    #2830,#2831,#2832,#2833,#2834,#2835,#2836,#2837,#2838,#2839,#2840,
    #2841,#2842,#2843,#2844,#2845,#2846,#2847,#2848,#2849,#2850,#2851,
    #2852),.UNSPECIFIED.,.T.,.F.,(9,7,7,7,7,7,7,7,7,7,9),(0.,
    0.785398163397,1.47262155637,2.073942025221,2.600097435466,
    3.06048341943,3.866158891368,4.470415495321,5.37680040125,
    5.829992854215,6.28318530718),.UNSPECIFIED.);
#2781 = CARTESIAN_POINT('',(3.14159265359,-0.41697883062));
#2782 = CARTESIAN_POINT('',(3.185079535854,-0.41697883062));
#2783 = CARTESIAN_POINT('',(3.22856639049,-0.412099591557));
#2784 = CARTESIAN_POINT('',(3.271164126267,-0.402341318862));
#2785 = CARTESIAN_POINT('',(3.311982602552,-0.387862484263));
#2786 = CARTESIAN_POINT('',(3.350249177018,-0.368984505556));
#2787 = CARTESIAN_POINT('',(3.385420689838,-0.346134669473));
#2788 = CARTESIAN_POINT('',(3.417126628118,-0.319788765084));
#2789 = CARTESIAN_POINT('',(3.469631677253,-0.264768483584));
#2790 = CARTESIAN_POINT('',(3.491298742029,-0.236796811093));
#2791 = CARTESIAN_POINT('',(3.509970793791,-0.206862954799));
#2792 = CARTESIAN_POINT('',(3.525565827542,-0.175312879294));
#2793 = CARTESIAN_POINT('',(3.538051493412,-0.142489394801));
#2794 = CARTESIAN_POINT('',(3.547418780834,-0.108727784271));
#2795 = CARTESIAN_POINT('',(3.553664172126,-7.435784558901E-02));
#2796 = CARTESIAN_POINT('',(3.559519454405,-9.388213771308E-03));
#2797 = CARTESIAN_POINT('',(3.55986117791,2.114573104953E-02));
#2798 = CARTESIAN_POINT('',(3.557811561945,5.167487443373E-02));
#2799 = CARTESIAN_POINT('',(3.553371290465,8.198081719145E-02));
#2800 = CARTESIAN_POINT('',(3.546539827152,0.111844646154));
#2801 = CARTESIAN_POINT('',(3.537318003688,0.141044548565));
#2802 = CARTESIAN_POINT('',(3.525715430591,0.169354708468));
#2803 = CARTESIAN_POINT('',(3.499553615988,0.220341104798));
#2804 = CARTESIAN_POINT('',(3.485545251384,0.243279239161));
#2805 = CARTESIAN_POINT('',(3.469757650068,0.265209313925));
#2806 = CARTESIAN_POINT('',(3.45222334787,0.285977790121));
#2807 = CARTESIAN_POINT('',(3.432992627787,0.305431017029));
#2808 = CARTESIAN_POINT('',(3.412141760989,0.323418135931));
#2809 = CARTESIAN_POINT('',(3.389780061967,0.339795827751));
#2810 = CARTESIAN_POINT('',(3.345289614527,0.367243768575));
#2811 = CARTESIAN_POINT('',(3.323481138288,0.378721543505));
#2812 = CARTESIAN_POINT('',(3.300723083867,0.38878137394));
#2813 = CARTESIAN_POINT('',(3.277132397231,0.39734470007));
#2814 = CARTESIAN_POINT('',(3.252847626307,0.404344191138));
#2815 = CARTESIAN_POINT('',(3.228026486258,0.409727302996));
#2816 = CARTESIAN_POINT('',(3.202840243477,0.413459088737));
#2817 = CARTESIAN_POINT('',(3.133059745554,0.419135027399));
#2818 = CARTESIAN_POINT('',(3.088076768888,0.417639296379));
#2819 = CARTESIAN_POINT('',(3.043463404065,0.410947848213));
#2820 = CARTESIAN_POINT('',(3.000218218805,0.399144509712));
#2821 = CARTESIAN_POINT('',(2.959268406663,0.382506503452));
#2822 = CARTESIAN_POINT('',(2.921295123836,0.361455024808));
#2823 = CARTESIAN_POINT('',(2.88677511165,0.336480856806));
#2824 = CARTESIAN_POINT('',(2.832958545064,0.286832868587));
#2825 = CARTESIAN_POINT('',(2.81201362567,0.26364483459));
#2826 = CARTESIAN_POINT('',(2.793320905271,0.238768488171));
#2827 = CARTESIAN_POINT('',(2.776961946617,0.212436871267));
#2828 = CARTESIAN_POINT('',(2.762980142146,0.184884390021));
#2829 = CARTESIAN_POINT('',(2.751395854349,0.156342474634));
#2830 = CARTESIAN_POINT('',(2.742218822291,0.127038850337));
#2831 = CARTESIAN_POINT('',(2.72530452303,5.243848784932E-02));
#2832 = CARTESIAN_POINT('',(2.720581451328,6.471092275461E-03));
#2833 = CARTESIAN_POINT('',(2.721297737298,-3.994352805989E-02));
#2834 = CARTESIAN_POINT('',(2.727441309095,-8.605862711346E-02));
#2835 = CARTESIAN_POINT('',(2.739016624388,-0.131132838954));
#2836 = CARTESIAN_POINT('',(2.756040493544,-0.174405566206));
#2837 = CARTESIAN_POINT('',(2.77846177173,-0.215085570397));
#2838 = CARTESIAN_POINT('',(2.819845577583,-0.271045891389));
#2839 = CARTESIAN_POINT('',(2.834932167109,-0.288856051654));
#2840 = CARTESIAN_POINT('',(2.851282095335,-0.305725369196));
#2841 = CARTESIAN_POINT('',(2.868855632674,-0.321556984838));
#2842 = CARTESIAN_POINT('',(2.887598781636,-0.336255905537));
#2843 = CARTESIAN_POINT('',(2.90743975498,-0.349731177517));
#2844 = CARTESIAN_POINT('',(2.92828677645,-0.361898706953));
#2845 = CARTESIAN_POINT('',(2.971770946249,-0.383470023504));
#2846 = CARTESIAN_POINT('',(2.99440810085,-0.392873808126));
#2847 = CARTESIAN_POINT('',(3.017829298985,-0.400821587042));
#2848 = CARTESIAN_POINT('',(3.041904468449,-0.40724913056));
#2849 = CARTESIAN_POINT('',(3.066484755084,-0.412105157145));
#2850 = CARTESIAN_POINT('',(3.091406835785,-0.415354269458));
#2851 = CARTESIAN_POINT('',(3.116499741786,-0.41697883062));
#2852 = CARTESIAN_POINT('',(3.14159265359,-0.41697883062));
#2853 = ( GEOMETRIC_REPRESENTATION_CONTEXT(2) 
PARAMETRIC_REPRESENTATION_CONTEXT() REPRESENTATION_CONTEXT('2D SPACE',''
  ) );
#2854 = PCURVE('',#2855,#2860);
#2855 = CYLINDRICAL_SURFACE('',#2856,17.01);
#2856 = AXIS2_PLACEMENT_3D('',#2857,#2858,#2859);
#2857 = CARTESIAN_POINT('',(0.,0.,0.));
#2858 = DIRECTION('',(-1.,0.,0.));
#2859 = DIRECTION('',(0.,0.,-1.));
#2860 = DEFINITIONAL_REPRESENTATION('',(#2861),#2865);
#2861 = LINE('',#2862,#2863);
#2862 = CARTESIAN_POINT('',(0.,38.401300759219));
#2863 = VECTOR('',#2864,1.);
#2864 = DIRECTION('',(1.,0.));
#2865 = ( GEOMETRIC_REPRESENTATION_CONTEXT(2) 
PARAMETRIC_REPRESENTATION_CONTEXT() REPRESENTATION_CONTEXT('2D SPACE',''
  ) );
#2866 = FACE_BOUND('',#2867,.T.);
#2867 = EDGE_LOOP('',(#2868));
#2868 = ORIENTED_EDGE('',*,*,#2869,.F.);
#2869 = EDGE_CURVE('',#2870,#2870,#2872,.T.);
#2870 = VERTEX_POINT('',#2871);
#2871 = CARTESIAN_POINT('',(-4.915732251777E-15,-41.70938051972,
    -4.932299327946));
#2872 = SURFACE_CURVE('',#2873,(#2878,#2961),.PCURVE_S1.);
#2873 = CIRCLE('',#2874,20.07);
#2874 = AXIS2_PLACEMENT_3D('',#2875,#2876,#2877);
#2875 = CARTESIAN_POINT('',(0.,-34.2555696453,13.702227858121));
#2876 = DIRECTION('',(0.,-0.928476690885,0.371390676354));
#2877 = DIRECTION('',(0.,-0.371390676354,-0.928476690885));
#2878 = PCURVE('',#2459,#2879);
#2879 = DEFINITIONAL_REPRESENTATION('',(#2880),#2960);
#2880 = B_SPLINE_CURVE_WITH_KNOTS('',8,(#2881,#2882,#2883,#2884,#2885,
    #2886,#2887,#2888,#2889,#2890,#2891,#2892,#2893,#2894,#2895,#2896,
    #2897,#2898,#2899,#2900,#2901,#2902,#2903,#2904,#2905,#2906,#2907,
    #2908,#2909,#2910,#2911,#2912,#2913,#2914,#2915,#2916,#2917,#2918,
    #2919,#2920,#2921,#2922,#2923,#2924,#2925,#2926,#2927,#2928,#2929,
    #2930,#2931,#2932,#2933,#2934,#2935,#2936,#2937,#2938,#2939,#2940,
    #2941,#2942,#2943,#2944,#2945,#2946,#2947,#2948,#2949,#2950,#2951,
    #2952,#2953,#2954,#2955,#2956,#2957,#2958,#2959),.UNSPECIFIED.,.T.,
  .F.,(9,7,7,7,7,7,7,7,7,7,7,9),(0.,0.785398163397,1.47262155637,
    2.073942025221,2.600097435466,3.06048341943,3.463321155399,
    3.815804174372,4.432649457574,4.895283419975,5.589234363577,
    6.28318530718),.UNSPECIFIED.);
#2881 = CARTESIAN_POINT('',(4.712388980385,-0.117707316104));
#2882 = CARTESIAN_POINT('',(4.759629376139,-0.117707316104));
#2883 = CARTESIAN_POINT('',(4.806869766664,-0.112786045322));
#2884 = CARTESIAN_POINT('',(4.853467054823,-0.102943595617));
#2885 = CARTESIAN_POINT('',(4.898777987717,-8.829679494482E-02));
#2886 = CARTESIAN_POINT('',(4.942217515614,-6.908124501558E-02));
#2887 = CARTESIAN_POINT('',(4.98331778609,-4.562041401793E-02));
#2888 = CARTESIAN_POINT('',(5.021710197235,-1.828738111935E-02));
#2889 = CARTESIAN_POINT('',(5.088061654208,3.946757645077E-02));
#2890 = CARTESIAN_POINT('',(5.116724995712,6.907631358737E-02));
#2891 = CARTESIAN_POINT('',(5.142888464398,0.101071855237));
#2892 = CARTESIAN_POINT('',(5.166394851488,0.135167385267));
#2893 = CARTESIAN_POINT('',(5.187112260317,0.171070494842));
#2894 = CARTESIAN_POINT('',(5.204911982388,0.208487624361));
#2895 = CARTESIAN_POINT('',(5.219646252688,0.24712196902));
#2896 = CARTESIAN_POINT('',(5.241180542659,0.321266040934));
#2897 = CARTESIAN_POINT('',(5.248742114892,0.35656268681));
#2898 = CARTESIAN_POINT('',(5.253692679833,0.392349040015));
#2899 = CARTESIAN_POINT('',(5.255887810661,0.428412215821));
#2900 = CARTESIAN_POINT('',(5.255152345137,0.464528579323));
#2901 = CARTESIAN_POINT('',(5.251274548207,0.500457609627));
#2902 = CARTESIAN_POINT('',(5.244000241113,0.535932006413));
#2903 = CARTESIAN_POINT('',(5.2234787116,0.601026616529));
#2904 = CARTESIAN_POINT('',(5.21109175198,0.630824314686));
#2905 = CARTESIAN_POINT('',(5.19571113378,0.659839504617));
#2906 = CARTESIAN_POINT('',(5.177141226242,0.687848721235));
#2907 = CARTESIAN_POINT('',(5.155188679379,0.714603759626));
#2908 = CARTESIAN_POINT('',(5.129681358898,0.739828043372));
#2909 = CARTESIAN_POINT('',(5.1005337308,0.763218837584));
#2910 = CARTESIAN_POINT('',(5.039190836902,0.803063099058));
#2911 = CARTESIAN_POINT('',(5.007831971338,0.820018251947));
#2912 = CARTESIAN_POINT('',(4.973788636702,0.835128841746));
#2913 = CARTESIAN_POINT('',(4.937201509489,0.848186655391));
#2914 = CARTESIAN_POINT('',(4.898333667014,0.858991488711));
#2915 = CARTESIAN_POINT('',(4.857614807862,0.86737037277));
#2916 = CARTESIAN_POINT('',(4.815607753377,0.873204599809));
#2917 = CARTESIAN_POINT('',(4.735587075208,0.879266226735));
#2918 = CARTESIAN_POINT('',(4.697730644852,0.880103321403));
#2919 = CARTESIAN_POINT('',(4.659774700593,0.878910810992));
#2920 = CARTESIAN_POINT('',(4.62216554199,0.87568714128));
#2921 = CARTESIAN_POINT('',(4.585345688751,0.870471999848));
#2922 = CARTESIAN_POINT('',(4.549697312254,0.863343140457));
#2923 = CARTESIAN_POINT('',(4.515522077496,0.854404229488));
#2924 = CARTESIAN_POINT('',(4.454622533726,0.834474984263));
#2925 = CARTESIAN_POINT('',(4.427500836,0.823880750333));
#2926 = CARTESIAN_POINT('',(4.401826198939,0.812072968721));
#2927 = CARTESIAN_POINT('',(4.377700814609,0.799141641365));
#2928 = CARTESIAN_POINT('',(4.355180861129,0.785180940202));
#2929 = CARTESIAN_POINT('',(4.334285501412,0.770284972312));
#2930 = CARTESIAN_POINT('',(4.315008083914,0.75454501334));
#2931 = CARTESIAN_POINT('',(4.266375516534,0.709179470257));
#2932 = CARTESIAN_POINT('',(4.240305614708,0.677993383033));
#2933 = CARTESIAN_POINT('',(4.218979916664,0.644958433865));
#2934 = CARTESIAN_POINT('',(4.202092432475,0.610505614035));
#2935 = CARTESIAN_POINT('',(4.189305349051,0.575007599596));
#2936 = CARTESIAN_POINT('',(4.180308418879,0.538792604824));
#2937 = CARTESIAN_POINT('',(4.174826713724,0.502154214421));
#2938 = CARTESIAN_POINT('',(4.170973714007,0.437766608418));
#2939 = CARTESIAN_POINT('',(4.171167437713,0.410084995073));
#2940 = CARTESIAN_POINT('',(4.173106728327,0.38242988842));
#2941 = CARTESIAN_POINT('',(4.176704819001,0.354906828242));
#2942 = CARTESIAN_POINT('',(4.181887032587,0.32761578299));
#2943 = CARTESIAN_POINT('',(4.188589366403,0.300652973831));
#2944 = CARTESIAN_POINT('',(4.19675624763,0.27411220212));
#2945 = CARTESIAN_POINT('',(4.220709276857,0.209045897591));
#2946 = CARTESIAN_POINT('',(4.238263367361,0.171163167232));
#2947 = CARTESIAN_POINT('',(4.258830683891,0.134748718653));
#2948 = CARTESIAN_POINT('',(4.282270139329,0.100105491304));
#2949 = CARTESIAN_POINT('',(4.308449830586,6.753451844404E-02));
#2950 = CARTESIAN_POINT('',(4.337222614862,3.733435380718E-02));
#2951 = CARTESIAN_POINT('',(4.36840349191,9.793479665737E-03));
#2952 = CARTESIAN_POINT('',(4.435109000728,-3.944221007799E-02));
#2953 = CARTESIAN_POINT('',(4.470633648764,-6.113702061413E-02));
#2954 = CARTESIAN_POINT('',(4.508094118422,-7.964496797234E-02));
#2955 = CARTESIAN_POINT('',(4.54720349198,-9.47268707535E-02));
#2956 = CARTESIAN_POINT('',(4.587612618387,-0.106181422639));
#2957 = CARTESIAN_POINT('',(4.628908986093,-0.113865340957));
#2958 = CARTESIAN_POINT('',(4.670648983097,-0.117707316104));
#2959 = CARTESIAN_POINT('',(4.712388980385,-0.117707316104));
#2960 = ( GEOMETRIC_REPRESENTATION_CONTEXT(2) 
PARAMETRIC_REPRESENTATION_CONTEXT() REPRESENTATION_CONTEXT('2D SPACE',''
  ) );
#2961 = PCURVE('',#2962,#2967);
#2962 = CYLINDRICAL_SURFACE('',#2963,20.07);
#2963 = AXIS2_PLACEMENT_3D('',#2964,#2965,#2966);
#2964 = CARTESIAN_POINT('',(0.,0.,0.));
#2965 = DIRECTION('',(0.,-0.928476690885,0.371390676354));
#2966 = DIRECTION('',(0.,-0.371390676354,-0.928476690885));
#2967 = DEFINITIONAL_REPRESENTATION('',(#2968),#2972);
#2968 = LINE('',#2969,#2970);
#2969 = CARTESIAN_POINT('',(0.,36.894377620445));
#2970 = VECTOR('',#2971,1.);
#2971 = DIRECTION('',(1.,0.));
#2972 = ( GEOMETRIC_REPRESENTATION_CONTEXT(2) 
PARAMETRIC_REPRESENTATION_CONTEXT() REPRESENTATION_CONTEXT('2D SPACE',''
  ) );
#2973 = ADVANCED_FACE('',(#2974,#3029),#2581,.T.);
#2974 = FACE_BOUND('',#2975,.T.);
#2975 = EDGE_LOOP('',(#2976,#2977,#3000,#3027,#3028));
#2976 = ORIENTED_EDGE('',*,*,#2618,.T.);
#2977 = ORIENTED_EDGE('',*,*,#2978,.T.);
#2978 = EDGE_CURVE('',#2531,#2979,#2981,.T.);
#2979 = VERTEX_POINT('',#2980);
#2980 = CARTESIAN_POINT('',(110.,4.166248410699E-15,17.01));
#2981 = SEAM_CURVE('',#2982,(#2986,#2993),.PCURVE_S1.);
#2982 = LINE('',#2983,#2984);
#2983 = CARTESIAN_POINT('',(0.,4.166248410699E-15,17.01));
#2984 = VECTOR('',#2985,1.);
#2985 = DIRECTION('',(1.,0.,0.));
#2986 = PCURVE('',#2581,#2987);
#2987 = DEFINITIONAL_REPRESENTATION('',(#2988),#2992);
#2988 = LINE('',#2989,#2990);
#2989 = CARTESIAN_POINT('',(0.,-0.));
#2990 = VECTOR('',#2991,1.);
#2991 = DIRECTION('',(0.,1.));
#2992 = ( GEOMETRIC_REPRESENTATION_CONTEXT(2) 
PARAMETRIC_REPRESENTATION_CONTEXT() REPRESENTATION_CONTEXT('2D SPACE',''
  ) );
#2993 = PCURVE('',#2581,#2994);
#2994 = DEFINITIONAL_REPRESENTATION('',(#2995),#2999);
#2995 = LINE('',#2996,#2997);
#2996 = CARTESIAN_POINT('',(6.28318530718,-0.));
#2997 = VECTOR('',#2998,1.);
#2998 = DIRECTION('',(0.,1.));
#2999 = ( GEOMETRIC_REPRESENTATION_CONTEXT(2) 
PARAMETRIC_REPRESENTATION_CONTEXT() REPRESENTATION_CONTEXT('2D SPACE',''
  ) );
#3000 = ORIENTED_EDGE('',*,*,#3001,.F.);
#3001 = EDGE_CURVE('',#2979,#2979,#3002,.T.);
#3002 = SURFACE_CURVE('',#3003,(#3008,#3015),.PCURVE_S1.);
#3003 = CIRCLE('',#3004,17.01);
#3004 = AXIS2_PLACEMENT_3D('',#3005,#3006,#3007);
#3005 = CARTESIAN_POINT('',(110.,0.,0.));
#3006 = DIRECTION('',(1.,0.,0.));
#3007 = DIRECTION('',(-0.,0.,1.));
#3008 = PCURVE('',#2581,#3009);
#3009 = DEFINITIONAL_REPRESENTATION('',(#3010),#3014);
#3010 = LINE('',#3011,#3012);
#3011 = CARTESIAN_POINT('',(0.,110.));
#3012 = VECTOR('',#3013,1.);
#3013 = DIRECTION('',(1.,0.));
#3014 = ( GEOMETRIC_REPRESENTATION_CONTEXT(2) 
PARAMETRIC_REPRESENTATION_CONTEXT() REPRESENTATION_CONTEXT('2D SPACE',''
  ) );
#3015 = PCURVE('',#3016,#3021);
#3016 = PLANE('',#3017);
#3017 = AXIS2_PLACEMENT_3D('',#3018,#3019,#3020);
#3018 = CARTESIAN_POINT('',(110.,0.,0.));
#3019 = DIRECTION('',(1.,0.,0.));
#3020 = DIRECTION('',(-0.,0.,1.));
#3021 = DEFINITIONAL_REPRESENTATION('',(#3022),#3026);
#3022 = CIRCLE('',#3023,17.01);
#3023 = AXIS2_PLACEMENT_2D('',#3024,#3025);
#3024 = CARTESIAN_POINT('',(0.,0.));
#3025 = DIRECTION('',(1.,0.));
#3026 = ( GEOMETRIC_REPRESENTATION_CONTEXT(2) 
PARAMETRIC_REPRESENTATION_CONTEXT() REPRESENTATION_CONTEXT('2D SPACE',''
  ) );
#3027 = ORIENTED_EDGE('',*,*,#2978,.F.);
#3028 = ORIENTED_EDGE('',*,*,#2530,.T.);
#3029 = FACE_BOUND('',#3030,.T.);
#3030 = EDGE_LOOP('',(#3031));
#3031 = ORIENTED_EDGE('',*,*,#3032,.F.);
#3032 = EDGE_CURVE('',#3033,#3033,#3035,.T.);
#3033 = VERTEX_POINT('',#3034);
#3034 = CARTESIAN_POINT('',(70.,-16.74335987787,-3.));
#3035 = SURFACE_CURVE('',#3036,(#3095,#3157),.PCURVE_S1.);
#3036 = B_SPLINE_CURVE_WITH_KNOTS('',8,(#3037,#3038,#3039,#3040,#3041,
    #3042,#3043,#3044,#3045,#3046,#3047,#3048,#3049,#3050,#3051,#3052,
    #3053,#3054,#3055,#3056,#3057,#3058,#3059,#3060,#3061,#3062,#3063,
    #3064,#3065,#3066,#3067,#3068,#3069,#3070,#3071,#3072,#3073,#3074,
    #3075,#3076,#3077,#3078,#3079,#3080,#3081,#3082,#3083,#3084,#3085,
    #3086,#3087,#3088,#3089,#3090,#3091,#3092,#3093,#3094),
  .UNSPECIFIED.,.T.,.F.,(9,7,7,7,7,7,7,7,9),(0.,0.106509189266,
    0.210335845006,0.310288856325,0.431021859584,0.556174532392,
    0.670773461002,0.814442698182,1.),.UNSPECIFIED.);
#3037 = CARTESIAN_POINT('',(70.,-16.74335987787,-3.));
#3038 = CARTESIAN_POINT('',(70.235634329734,-16.74335987787,-3.));
#3039 = CARTESIAN_POINT('',(70.471252736188,-16.74714955275,
    -2.978848062329));
#3040 = CARTESIAN_POINT('',(70.704640191405,-16.7547289499,
    -2.936549803138));
#3041 = CARTESIAN_POINT('',(70.933599937115,-16.76589143082,
    -2.8733871367));
#3042 = CARTESIAN_POINT('',(71.155977012755,-16.78023041344,
    -2.789909801299));
#3043 = CARTESIAN_POINT('',(71.369687929535,-16.79716669496,
    -2.686931328519));
#3044 = CARTESIAN_POINT('',(71.572756490541,-16.8159963551,
    -2.565529455925));
#3045 = CARTESIAN_POINT('',(71.949154602466,-16.85541934064,
    -2.29206022015));
#3046 = CARTESIAN_POINT('',(72.128557339852,-16.87652709946,
    -2.136880648418));
#3047 = CARTESIAN_POINT('',(72.298803919526,-16.89870400536,
    -1.960983053993));
#3048 = CARTESIAN_POINT('',(72.456892443865,-16.92116635794,
    -1.76414812575));
#3049 = CARTESIAN_POINT('',(72.599566144429,-16.94293564256,
    -1.546494040332));
#3050 = CARTESIAN_POINT('',(72.723280159913,-16.96286535959,
    -1.308534605749));
#3051 = CARTESIAN_POINT('',(72.824136737317,-16.97971092403,
    -1.051288124279));
#3052 = CARTESIAN_POINT('',(72.96867077521,-17.00435904335,
    -0.511879751441));
#3053 = CARTESIAN_POINT('',(73.013513003695,-17.01233371292,
    -0.234094874702));
#3054 = CARTESIAN_POINT('',(73.02844702491,-17.01511676925,
    5.09891791465E-02));
#3055 = CARTESIAN_POINT('',(73.011858257962,-17.01211790614,
    0.336852138582));
#3056 = CARTESIAN_POINT('',(72.964290253986,-17.00351428369,
    0.616803861091));
#3057 = CARTESIAN_POINT('',(72.888406925958,-16.9902257875,
    0.884488643157));
#3058 = CARTESIAN_POINT('',(72.788997414899,-16.97367049351,
    1.134352167449));
#3059 = CARTESIAN_POINT('',(72.532930214259,-16.93330145583,
    1.63691234554));
#3060 = CARTESIAN_POINT('',(72.366435859912,-16.90834318372,
    1.883778900613));
#3061 = CARTESIAN_POINT('',(72.1796062337,-16.88232848028,2.102451757357
    ));
#3062 = CARTESIAN_POINT('',(71.977180736552,-16.8567775842,
    2.293516468736));
#3063 = CARTESIAN_POINT('',(71.762888481897,-16.83284139194,
    2.457898000771));
#3064 = CARTESIAN_POINT('',(71.539668271108,-16.81134665972,
    2.596619776707));
#3065 = CARTESIAN_POINT('',(71.309818107608,-16.79288119708,
    2.710642916962));
#3066 = CARTESIAN_POINT('',(70.831797411591,-16.76225020646,
    2.894137870166));
#3067 = CARTESIAN_POINT('',(70.583054489733,-16.75032685014,
    2.96190627439));
#3068 = CARTESIAN_POINT('',(70.330867586106,-16.7425278769,
    3.004808273803));
#3069 = CARTESIAN_POINT('',(70.07688650133,-16.73911032522,
    3.023320535702));
#3070 = CARTESIAN_POINT('',(69.822584123147,-16.74017226577,
    3.017640737263));
#3071 = CARTESIAN_POINT('',(69.569405559264,-16.74566947269,
    2.987686844865));
#3072 = CARTESIAN_POINT('',(69.318914289951,-16.75540699984,
    2.933088510697));
#3073 = CARTESIAN_POINT('',(68.847725247081,-16.78145602716,
    2.77998991002));
#3074 = CARTESIAN_POINT('',(68.626354078503,-16.79714061151,
    2.685598807632));
#3075 = CARTESIAN_POINT('',(68.410128671225,-16.81577145887,
    2.569454408576));
#3076 = CARTESIAN_POINT('',(68.200716490657,-16.8369290569,
    2.430796678442));
#3077 = CARTESIAN_POINT('',(68.000254244,-16.8600260003,2.26873512487));
#3078 = CARTESIAN_POINT('',(67.811474357202,-16.8842425429,
    2.082358315274));
#3079 = CARTESIAN_POINT('',(67.637880328688,-16.90847567202,
    1.870890054139));
#3080 = CARTESIAN_POINT('',(67.291058473965,-16.96001368564,
    1.336831231367));
#3081 = CARTESIAN_POINT('',(67.121174840387,-16.98771512803,
    0.987467563874));
#3082 = CARTESIAN_POINT('',(66.998753542285,-17.00977979414,
    0.596252272723));
#3083 = CARTESIAN_POINT('',(66.939044994823,-17.02132706368,
    0.179109290293));
#3084 = CARTESIAN_POINT('',(66.948518272914,-17.01926666409,
    -0.244167176746));
#3085 = CARTESIAN_POINT('',(67.025138399563,-17.00484853697,
    -0.653341759279));
#3086 = CARTESIAN_POINT('',(67.158012809486,-16.98202434064,
    -1.030353877141));
#3087 = CARTESIAN_POINT('',(67.545212081593,-16.92098230961,
    -1.790275236303));
#3088 = CARTESIAN_POINT('',(67.827246234281,-16.87964886537,
    -2.149905382742));
#3089 = CARTESIAN_POINT('',(68.150079151946,-16.83825027115,
    -2.441187562435));
#3090 = CARTESIAN_POINT('',(68.49925485101,-16.80177717492,
    -2.668158155091));
#3091 = CARTESIAN_POINT('',(68.86469095663,-16.77294149639,
    -2.834879561808));
#3092 = CARTESIAN_POINT('',(69.23967499629,-16.75324490443,
    -2.944835063333));
#3093 = CARTESIAN_POINT('',(69.61946036395,-16.74335987787,-3.));
#3094 = CARTESIAN_POINT('',(70.,-16.74335987787,-3.));
#3095 = PCURVE('',#2581,#3096);
#3096 = DEFINITIONAL_REPRESENTATION('',(#3097),#3156);
#3097 = B_SPLINE_CURVE_WITH_KNOTS('',8,(#3098,#3099,#3100,#3101,#3102,
    #3103,#3104,#3105,#3106,#3107,#3108,#3109,#3110,#3111,#3112,#3113,
    #3114,#3115,#3116,#3117,#3118,#3119,#3120,#3121,#3122,#3123,#3124,
    #3125,#3126,#3127,#3128,#3129,#3130,#3131,#3132,#3133,#3134,#3135,
    #3136,#3137,#3138,#3139,#3140,#3141,#3142,#3143,#3144,#3145,#3146,
    #3147,#3148,#3149,#3150,#3151,#3152,#3153,#3154,#3155),
  .UNSPECIFIED.,.T.,.F.,(9,7,7,7,7,7,7,7,9),(0.,0.106509189266,
    0.210335845006,0.310288856325,0.431021859584,0.556174532392,
    0.670773461002,0.814442698182,1.),.UNSPECIFIED.);
#3098 = CARTESIAN_POINT('',(1.748090532883,70.));
#3099 = CARTESIAN_POINT('',(1.748090532883,70.235634329734));
#3100 = CARTESIAN_POINT('',(1.746827240202,70.471252736188));
#3101 = CARTESIAN_POINT('',(1.74430094388,70.704640191405));
#3102 = CARTESIAN_POINT('',(1.740530155508,70.933599937115));
#3103 = CARTESIAN_POINT('',(1.735550886802,71.155977012755));
#3104 = CARTESIAN_POINT('',(1.729415894491,71.369687929535));
#3105 = CARTESIAN_POINT('',(1.72219389254,71.572756490541));
#3106 = CARTESIAN_POINT('',(1.705950729209,71.949154602466));
#3107 = CARTESIAN_POINT('',(1.696744168198,72.128557339852));
#3108 = CARTESIAN_POINT('',(1.686322337672,72.298803919526));
#3109 = CARTESIAN_POINT('',(1.674677245711,72.456892443865));
#3110 = CARTESIAN_POINT('',(1.661820607199,72.599566144429));
#3111 = CARTESIAN_POINT('',(1.647785864939,72.723280159913));
#3112 = CARTESIAN_POINT('',(1.632633175567,72.824136737317));
#3113 = CARTESIAN_POINT('',(1.600888835547,72.96867077521));
#3114 = CARTESIAN_POINT('',(1.58455376836,73.013513003695));
#3115 = CARTESIAN_POINT('',(1.567798258832,73.02844702491));
#3116 = CARTESIAN_POINT('',(1.550998571786,73.011858257962));
#3117 = CARTESIAN_POINT('',(1.534538886452,72.964290253986));
#3118 = CARTESIAN_POINT('',(1.518786228216,72.888406925958));
#3119 = CARTESIAN_POINT('',(1.504066256817,72.788997414899));
#3120 = CARTESIAN_POINT('',(1.474426108178,72.532930214259));
#3121 = CARTESIAN_POINT('',(1.459842201657,72.366435859912));
#3122 = CARTESIAN_POINT('',(1.446898955546,72.1796062337));
#3123 = CARTESIAN_POINT('',(1.4355682985,71.977180736552));
#3124 = CARTESIAN_POINT('',(1.425803420113,71.762888481897));
#3125 = CARTESIAN_POINT('',(1.417551137614,71.539668271108));
#3126 = CARTESIAN_POINT('',(1.410760580758,71.309818107608));
#3127 = CARTESIAN_POINT('',(1.399823836674,70.831797411591));
#3128 = CARTESIAN_POINT('',(1.395778762747,70.583054489733));
#3129 = CARTESIAN_POINT('',(1.39321527288,70.330867586106));
#3130 = CARTESIAN_POINT('',(1.392108534706,70.07688650133));
#3131 = CARTESIAN_POINT('',(1.392448251733,69.822584123147));
#3132 = CARTESIAN_POINT('',(1.39423862809,69.569405559264));
#3133 = CARTESIAN_POINT('',(1.397498953558,69.318914289951));
#3134 = CARTESIAN_POINT('',(1.406628809627,68.847725247081));
#3135 = CARTESIAN_POINT('',(1.412254010308,68.626354078503));
#3136 = CARTESIAN_POINT('',(1.419169117027,68.410128671225));
#3137 = CARTESIAN_POINT('',(1.427414500878,68.200716490657));
#3138 = CARTESIAN_POINT('',(1.437037095188,68.000254244));
#3139 = CARTESIAN_POINT('',(1.448084264237,67.811474357202));
#3140 = CARTESIAN_POINT('',(1.460595617815,67.637880328688));
#3141 = CARTESIAN_POINT('',(1.492138230019,67.291058473965));
#3142 = CARTESIAN_POINT('',(1.512738353124,67.121174840387));
#3143 = CARTESIAN_POINT('',(1.535764306903,66.998753542285));
#3144 = CARTESIAN_POINT('',(1.560275251516,66.939044994823));
#3145 = CARTESIAN_POINT('',(1.585135046129,66.948518272914));
#3146 = CARTESIAN_POINT('',(1.609192394155,67.025138399563));
#3147 = CARTESIAN_POINT('',(1.631392753644,67.158012809486));
#3148 = CARTESIAN_POINT('',(1.676211629118,67.545212081593));
#3149 = CARTESIAN_POINT('',(1.697480572408,67.827246234281));
#3150 = CARTESIAN_POINT('',(1.714769308492,68.150079151946));
#3151 = CARTESIAN_POINT('',(1.728282204216,68.49925485101));
#3152 = CARTESIAN_POINT('',(1.738228648395,68.86469095663));
#3153 = CARTESIAN_POINT('',(1.744795806121,69.23967499629));
#3154 = CARTESIAN_POINT('',(1.748090532883,69.61946036395));
#3155 = CARTESIAN_POINT('',(1.748090532883,70.));
#3156 = ( GEOMETRIC_REPRESENTATION_CONTEXT(2) 
PARAMETRIC_REPRESENTATION_CONTEXT() REPRESENTATION_CONTEXT('2D SPACE',''
  ) );
#3157 = PCURVE('',#3158,#3163);
#3158 = CYLINDRICAL_SURFACE('',#3159,3.);
#3159 = AXIS2_PLACEMENT_3D('',#3160,#3161,#3162);
#3160 = CARTESIAN_POINT('',(70.,0.,0.));
#3161 = DIRECTION('',(0.,-1.,0.));
#3162 = DIRECTION('',(0.,-0.,-1.));
#3163 = DEFINITIONAL_REPRESENTATION('',(#3164),#3223);
#3164 = B_SPLINE_CURVE_WITH_KNOTS('',8,(#3165,#3166,#3167,#3168,#3169,
    #3170,#3171,#3172,#3173,#3174,#3175,#3176,#3177,#3178,#3179,#3180,
    #3181,#3182,#3183,#3184,#3185,#3186,#3187,#3188,#3189,#3190,#3191,
    #3192,#3193,#3194,#3195,#3196,#3197,#3198,#3199,#3200,#3201,#3202,
    #3203,#3204,#3205,#3206,#3207,#3208,#3209,#3210,#3211,#3212,#3213,
    #3214,#3215,#3216,#3217,#3218,#3219,#3220,#3221,#3222),
  .UNSPECIFIED.,.F.,.F.,(9,7,7,7,7,7,7,7,9),(0.,0.106509189266,
    0.210335845006,0.310288856325,0.431021859584,0.556174532392,
    0.670773461002,0.814442698182,1.),.UNSPECIFIED.);
#3165 = CARTESIAN_POINT('',(0.,16.743359877874));
#3166 = CARTESIAN_POINT('',(7.854477657811E-02,16.743359877874));
#3167 = CARTESIAN_POINT('',(0.157084124994,16.747149552752));
#3168 = CARTESIAN_POINT('',(0.235618641736,16.754728949904));
#3169 = CARTESIAN_POINT('',(0.314153084345,16.765891430822));
#3170 = CARTESIAN_POINT('',(0.392692721155,16.780230413445));
#3171 = CARTESIAN_POINT('',(0.471239396899,16.797166694967));
#3172 = CARTESIAN_POINT('',(0.549787314167,16.815996355107));
#3173 = CARTESIAN_POINT('',(0.704871865148,16.85541934064));
#3174 = CARTESIAN_POINT('',(0.783655784584,16.876527099463));
#3175 = CARTESIAN_POINT('',(0.864714014893,16.898704005364));
#3176 = CARTESIAN_POINT('',(0.948129221271,16.921166357949));
#3177 = CARTESIAN_POINT('',(1.034036949655,16.942935642563));
#3178 = CARTESIAN_POINT('',(1.122626627978,16.962865359592));
#3179 = CARTESIAN_POINT('',(1.214154946822,16.979710924036));
#3180 = CARTESIAN_POINT('',(1.40030049346,17.004359043351));
#3181 = CARTESIAN_POINT('',(1.493608899818,17.012333712922));
#3182 = CARTESIAN_POINT('',(1.58784759205,17.015116769258));
#3183 = CARTESIAN_POINT('',(1.682150254029,17.01211790614));
#3184 = CARTESIAN_POINT('',(1.77570067767,17.003514283693));
#3185 = CARTESIAN_POINT('',(1.867626951712,16.990225787503));
#3186 = CARTESIAN_POINT('',(1.956880842087,16.973670493513));
#3187 = CARTESIAN_POINT('',(2.144893000041,16.933301455833));
#3188 = CARTESIAN_POINT('',(2.243408762358,16.908343183726));
#3189 = CARTESIAN_POINT('',(2.338285084066,16.882328480286));
#3190 = CARTESIAN_POINT('',(2.430054337912,16.856777584208));
#3191 = CARTESIAN_POINT('',(2.519187123579,16.83284139194));
#3192 = CARTESIAN_POINT('',(2.606120832236,16.81134665972));
#3193 = CARTESIAN_POINT('',(2.691269176193,16.792881197087));
#3194 = CARTESIAN_POINT('',(2.861945667991,16.762250206466));
#3195 = CARTESIAN_POINT('',(2.947448173043,16.750326850143));
#3196 = CARTESIAN_POINT('',(3.032050997853,16.742527876909));
#3197 = CARTESIAN_POINT('',(3.116164658803,16.739110325223));
#3198 = CARTESIAN_POINT('',(3.200185725095,16.740172265779));
#3199 = CARTESIAN_POINT('',(3.284509819332,16.745669472692));
#3200 = CARTESIAN_POINT('',(3.369544187911,16.75540699984));
#3201 = CARTESIAN_POINT('',(3.534690014262,16.781456027164));
#3202 = CARTESIAN_POINT('',(3.61459151565,16.797140611512));
#3203 = CARTESIAN_POINT('',(3.695852655979,16.815771458878));
#3204 = CARTESIAN_POINT('',(3.778847506784,16.836929056904));
#3205 = CARTESIAN_POINT('',(3.863963713659,16.860026000306));
#3206 = CARTESIAN_POINT('',(3.95161148869,16.8842425429));
#3207 = CARTESIAN_POINT('',(4.042244378595,16.908475672024));
#3208 = CARTESIAN_POINT('',(4.254508424091,16.960013685642));
#3209 = CARTESIAN_POINT('',(4.383018546509,16.987715128031));
#3210 = CARTESIAN_POINT('',(4.517110926363,17.009779794147));
#3211 = CARTESIAN_POINT('',(4.653980968591,17.021327063684));
#3212 = CARTESIAN_POINT('',(4.791461427676,17.019266664096));
#3213 = CARTESIAN_POINT('',(4.927484247467,17.004848536975));
#3214 = CARTESIAN_POINT('',(5.059566825717,16.982024340641));
#3215 = CARTESIAN_POINT('',(5.343860052359,16.920982309618));
#3216 = CARTESIAN_POINT('',(5.49335260298,16.879648865371));
#3217 = CARTESIAN_POINT('',(5.634978465178,16.838250271154));
#3218 = CARTESIAN_POINT('',(5.770537485666,16.801777174929));
#3219 = CARTESIAN_POINT('',(5.901643336945,16.772941496396));
#3220 = CARTESIAN_POINT('',(6.029742693957,16.753244904438));
#3221 = CARTESIAN_POINT('',(6.15633876183,16.743359877874));
#3222 = CARTESIAN_POINT('',(6.28318530718,16.743359877874));
#3223 = ( GEOMETRIC_REPRESENTATION_CONTEXT(2) 
PARAMETRIC_REPRESENTATION_CONTEXT() REPRESENTATION_CONTEXT('2D SPACE',''
  ) );
#3224 = ADVANCED_FACE('',(#3225,#3280,#3475,#3733),#2495,.T.);
#3225 = FACE_BOUND('',#3226,.T.);
#3226 = EDGE_LOOP('',(#3227,#3228,#3229,#3252,#3279));
#3227 = ORIENTED_EDGE('',*,*,#2478,.T.);
#3228 = ORIENTED_EDGE('',*,*,#2507,.T.);
#3229 = ORIENTED_EDGE('',*,*,#3230,.T.);
#3230 = EDGE_CURVE('',#2479,#3231,#3233,.T.);
#3231 = VERTEX_POINT('',#3232);
#3232 = CARTESIAN_POINT('',(-17.01,-4.166248410699E-15,-110.));
#3233 = SEAM_CURVE('',#3234,(#3238,#3245),.PCURVE_S1.);
#3234 = LINE('',#3235,#3236);
#3235 = CARTESIAN_POINT('',(-17.01,-4.166248410699E-15,0.));
#3236 = VECTOR('',#3237,1.);
#3237 = DIRECTION('',(0.,0.,-1.));
#3238 = PCURVE('',#2495,#3239);
#3239 = DEFINITIONAL_REPRESENTATION('',(#3240),#3244);
#3240 = LINE('',#3241,#3242);
#3241 = CARTESIAN_POINT('',(0.,-0.));
#3242 = VECTOR('',#3243,1.);
#3243 = DIRECTION('',(0.,1.));
#3244 = ( GEOMETRIC_REPRESENTATION_CONTEXT(2) 
PARAMETRIC_REPRESENTATION_CONTEXT() REPRESENTATION_CONTEXT('2D SPACE',''
  ) );
#3245 = PCURVE('',#2495,#3246);
#3246 = DEFINITIONAL_REPRESENTATION('',(#3247),#3251);
#3247 = LINE('',#3248,#3249);
#3248 = CARTESIAN_POINT('',(6.28318530718,-0.));
#3249 = VECTOR('',#3250,1.);
#3250 = DIRECTION('',(0.,1.));
#3251 = ( GEOMETRIC_REPRESENTATION_CONTEXT(2) 
PARAMETRIC_REPRESENTATION_CONTEXT() REPRESENTATION_CONTEXT('2D SPACE',''
  ) );
#3252 = ORIENTED_EDGE('',*,*,#3253,.F.);
#3253 = EDGE_CURVE('',#3231,#3231,#3254,.T.);
#3254 = SURFACE_CURVE('',#3255,(#3260,#3267),.PCURVE_S1.);
#3255 = CIRCLE('',#3256,17.01);
#3256 = AXIS2_PLACEMENT_3D('',#3257,#3258,#3259);
#3257 = CARTESIAN_POINT('',(0.,0.,-110.));
#3258 = DIRECTION('',(0.,0.,-1.));
#3259 = DIRECTION('',(-1.,0.,-0.));
#3260 = PCURVE('',#2495,#3261);
#3261 = DEFINITIONAL_REPRESENTATION('',(#3262),#3266);
#3262 = LINE('',#3263,#3264);
#3263 = CARTESIAN_POINT('',(0.,110.));
#3264 = VECTOR('',#3265,1.);
#3265 = DIRECTION('',(1.,0.));
#3266 = ( GEOMETRIC_REPRESENTATION_CONTEXT(2) 
PARAMETRIC_REPRESENTATION_CONTEXT() REPRESENTATION_CONTEXT('2D SPACE',''
  ) );
#3267 = PCURVE('',#3268,#3273);
#3268 = PLANE('',#3269);
#3269 = AXIS2_PLACEMENT_3D('',#3270,#3271,#3272);
#3270 = CARTESIAN_POINT('',(0.,0.,-110.));
#3271 = DIRECTION('',(0.,0.,-1.));
#3272 = DIRECTION('',(-1.,0.,-0.));
#3273 = DEFINITIONAL_REPRESENTATION('',(#3274),#3278);
#3274 = CIRCLE('',#3275,17.01);
#3275 = AXIS2_PLACEMENT_2D('',#3276,#3277);
#3276 = CARTESIAN_POINT('',(0.,0.));
#3277 = DIRECTION('',(1.,0.));
#3278 = ( GEOMETRIC_REPRESENTATION_CONTEXT(2) 
PARAMETRIC_REPRESENTATION_CONTEXT() REPRESENTATION_CONTEXT('2D SPACE',''
  ) );
#3279 = ORIENTED_EDGE('',*,*,#3230,.F.);
#3280 = FACE_BOUND('',#3281,.T.);
#3281 = EDGE_LOOP('',(#3282));
#3282 = ORIENTED_EDGE('',*,*,#3283,.F.);
#3283 = EDGE_CURVE('',#3284,#3284,#3286,.T.);
#3284 = VERTEX_POINT('',#3285);
#3285 = CARTESIAN_POINT('',(-7.347880794884E-16,-17.01,-73.));
#3286 = SURFACE_CURVE('',#3287,(#3346,#3408),.PCURVE_S1.);
#3287 = B_SPLINE_CURVE_WITH_KNOTS('',8,(#3288,#3289,#3290,#3291,#3292,
    #3293,#3294,#3295,#3296,#3297,#3298,#3299,#3300,#3301,#3302,#3303,
    #3304,#3305,#3306,#3307,#3308,#3309,#3310,#3311,#3312,#3313,#3314,
    #3315,#3316,#3317,#3318,#3319,#3320,#3321,#3322,#3323,#3324,#3325,
    #3326,#3327,#3328,#3329,#3330,#3331,#3332,#3333,#3334,#3335,#3336,
    #3337,#3338,#3339,#3340,#3341,#3342,#3343,#3344,#3345),
  .UNSPECIFIED.,.T.,.F.,(9,7,7,7,7,7,7,7,9),(0.,7.945549605082E-02,
    0.1784002965,0.378474831932,0.478106221632,0.578613217213,
    0.74994333688,0.879842276162,1.),.UNSPECIFIED.);
#3288 = CARTESIAN_POINT('',(1.33226762955E-15,-17.01,-73.));
#3289 = CARTESIAN_POINT('',(0.227339116563,-17.01,-73.));
#3290 = CARTESIAN_POINT('',(0.452781003452,-17.00652751962,
    -72.98031126079));
#3291 = CARTESIAN_POINT('',(0.6737615049,-16.99968417695,-72.94150858172
    ));
#3292 = CARTESIAN_POINT('',(0.887818779278,-16.98978503181,
    -72.88468094546));
#3293 = CARTESIAN_POINT('',(1.092680873456,-16.97733965295,
    -72.81141222982));
#3294 = CARTESIAN_POINT('',(1.286348597202,-16.96299112512,
    -72.72376968778));
#3295 = CARTESIAN_POINT('',(1.467171794053,-16.94743549498,
    -72.62429737492));
#3296 = CARTESIAN_POINT('',(1.841562671959,-16.91130583783,
    -72.38116509598));
#3297 = CARTESIAN_POINT('',(2.029655088228,-16.89021695272,
    -72.23117203634));
#3298 = CARTESIAN_POINT('',(2.19844756034,-16.86900752855,
    -72.06907427623));
#3299 = CARTESIAN_POINT('',(2.348419808082,-16.84844517693,
    -71.89732077907));
#3300 = CARTESIAN_POINT('',(2.480155345659,-16.82912972249,
    -71.71789034185));
#3301 = CARTESIAN_POINT('',(2.594253107047,-16.81151624182,
    -71.53238393982));
#3302 = CARTESIAN_POINT('',(2.691263453056,-16.79594705235,
    -71.34209306097));
#3303 = CARTESIAN_POINT('',(2.934163759228,-16.75583235452,
    -70.7556798475));
#3304 = CARTESIAN_POINT('',(3.02842419542,-16.73841779833,
    -70.34856244686));
#3305 = CARTESIAN_POINT('',(3.058667943688,-16.7324304511,-69.9349302446
    ));
#3306 = CARTESIAN_POINT('',(3.02629780804,-16.73852478309,
    -69.52031350113));
#3307 = CARTESIAN_POINT('',(2.930561018462,-16.75655542575,
    -69.11030695767));
#3308 = CARTESIAN_POINT('',(2.768801824898,-16.78544498985,
    -68.71172021158));
#3309 = CARTESIAN_POINT('',(2.536745287267,-16.82263695018,
    -68.33391141337));
#3310 = CARTESIAN_POINT('',(2.07640249219,-16.8834972919,-67.82264894405
    ));
#3311 = CARTESIAN_POINT('',(1.90308250986,-16.90479636408,
    -67.65993553327));
#3312 = CARTESIAN_POINT('',(1.709384344948,-16.92643346024,
    -67.50810348312));
#3313 = CARTESIAN_POINT('',(1.495766067982,-16.9474689563,
    -67.37075554635));
#3314 = CARTESIAN_POINT('',(1.26319580689,-16.96681101419,
    -67.25144909937));
#3315 = CARTESIAN_POINT('',(1.01314927388,-16.9833033376,-67.15370239229
    ));
#3316 = CARTESIAN_POINT('',(0.747643016818,-16.99584248814,
    -67.08101964341));
#3317 = CARTESIAN_POINT('',(0.188517598479,-17.01127455065,
    -66.99246287696));
#3318 = CARTESIAN_POINT('',(-9.845247159987E-02,-17.01389148473,
    -66.97818271318));
#3319 = CARTESIAN_POINT('',(-0.385826905888,-17.01081935854,
    -66.99554318845));
#3320 = CARTESIAN_POINT('',(-0.667611956183,-17.00207791126,
    -67.04417247346));
#3321 = CARTESIAN_POINT('',(-0.938014746575,-16.98838881407,
    -67.12196703684));
#3322 = CARTESIAN_POINT('',(-1.191835016263,-16.97102696971,
    -67.22513293656));
#3323 = CARTESIAN_POINT('',(-1.4248135691,-16.95152316975,
    -67.34819487215));
#3324 = CARTESIAN_POINT('',(-1.990367256894,-16.8969458228,
    -67.71546973137));
#3325 = CARTESIAN_POINT('',(-2.289135958079,-16.85945746583,
    -67.99154413683));
#3326 = CARTESIAN_POINT('',(-2.531732976776,-16.82356807816,
    -68.29692585026));
#3327 = CARTESIAN_POINT('',(-2.721346579376,-16.79254653363,
    -68.62155862054));
#3328 = CARTESIAN_POINT('',(-2.861118403367,-16.76824267695,
    -68.95841584459));
#3329 = CARTESIAN_POINT('',(-2.953547376844,-16.75168333018,
    -69.30262766353));
#3330 = CARTESIAN_POINT('',(-3.,-16.74335987787,-69.65080495752));
#3331 = CARTESIAN_POINT('',(-3.,-16.74335987787,-70.26475243061));
#3332 = CARTESIAN_POINT('',(-2.973298304569,-16.74814413537,
    -70.52922772003));
#3333 = CARTESIAN_POINT('',(-2.919988394584,-16.75769609561,
    -70.79193135966));
#3334 = CARTESIAN_POINT('',(-2.839692519209,-16.77183682685,
    -71.05124812856));
#3335 = CARTESIAN_POINT('',(-2.731644458359,-16.79021629135,
    -71.30527310672));
#3336 = CARTESIAN_POINT('',(-2.594772957178,-16.81225167045,
    -71.55160484085));
#3337 = CARTESIAN_POINT('',(-2.427808298143,-16.8370391358,
    -71.78707537007));
#3338 = CARTESIAN_POINT('',(-2.045936851143,-16.88752504979,
    -72.21118657816));
#3339 = CARTESIAN_POINT('',(-1.831121536541,-16.91360301788,
    -72.40694926864));
#3340 = CARTESIAN_POINT('',(-1.585151145414,-16.94010524002,
    -72.58630093504));
#3341 = CARTESIAN_POINT('',(-1.309885271723,-16.96510726006,
    -72.74163643501));
#3342 = CARTESIAN_POINT('',(-1.008643696143,-16.98639864059,
    -72.86617453973));
#3343 = CARTESIAN_POINT('',(-0.685985089851,-17.00188426963,
    -72.95398562217));
#3344 = CARTESIAN_POINT('',(-0.347547887465,-17.01,-73.));
#3345 = CARTESIAN_POINT('',(1.33226762955E-15,-17.01,-73.));
#3346 = PCURVE('',#2495,#3347);
#3347 = DEFINITIONAL_REPRESENTATION('',(#3348),#3407);
#3348 = B_SPLINE_CURVE_WITH_KNOTS('',8,(#3349,#3350,#3351,#3352,#3353,
    #3354,#3355,#3356,#3357,#3358,#3359,#3360,#3361,#3362,#3363,#3364,
    #3365,#3366,#3367,#3368,#3369,#3370,#3371,#3372,#3373,#3374,#3375,
    #3376,#3377,#3378,#3379,#3380,#3381,#3382,#3383,#3384,#3385,#3386,
    #3387,#3388,#3389,#3390,#3391,#3392,#3393,#3394,#3395,#3396,#3397,
    #3398,#3399,#3400,#3401,#3402,#3403,#3404,#3405,#3406),
  .UNSPECIFIED.,.T.,.F.,(9,7,7,7,7,7,7,7,9),(0.,7.945549605082E-02,
    0.1784002965,0.378474831932,0.478106221632,0.578613217213,
    0.74994333688,0.879842276162,1.),.UNSPECIFIED.);
#3349 = CARTESIAN_POINT('',(4.712388980385,73.));
#3350 = CARTESIAN_POINT('',(4.699023952956,73.));
#3351 = CARTESIAN_POINT('',(4.68577045996,72.98031126079));
#3352 = CARTESIAN_POINT('',(4.672775618123,72.941508581728));
#3353 = CARTESIAN_POINT('',(4.660180745102,72.884680945462));
#3354 = CARTESIAN_POINT('',(4.648117156282,72.811412229823));
#3355 = CARTESIAN_POINT('',(4.636701793166,72.723769687784));
#3356 = CARTESIAN_POINT('',(4.62603270197,72.624297374924));
#3357 = CARTESIAN_POINT('',(4.603920406899,72.381165095989));
#3358 = CARTESIAN_POINT('',(4.592794694697,72.231172036344));
#3359 = CARTESIAN_POINT('',(4.582794863252,72.069074276233));
#3360 = CARTESIAN_POINT('',(4.573896572312,71.897320779073));
#3361 = CARTESIAN_POINT('',(4.566069656868,71.717890341857));
#3362 = CARTESIAN_POINT('',(4.559282726309,71.532383939822));
#3363 = CARTESIAN_POINT('',(4.553506667857,71.342093060973));
#3364 = CARTESIAN_POINT('',(4.539033389174,70.755679847506));
#3365 = CARTESIAN_POINT('',(4.533399155514,70.348562446864));
#3366 = CARTESIAN_POINT('',(4.531586199063,69.934930244604));
#3367 = CARTESIAN_POINT('',(4.533522798154,69.520313501134));
#3368 = CARTESIAN_POINT('',(4.539250307674,69.11030695768));
#3369 = CARTESIAN_POINT('',(4.548909763831,68.711720211584));
#3370 = CARTESIAN_POINT('',(4.562721010066,68.333911413379));
#3371 = CARTESIAN_POINT('',(4.590019565984,67.822648944054));
#3372 = CARTESIAN_POINT('',(4.600285058246,67.65993553327));
#3373 = CARTESIAN_POINT('',(4.611742059435,67.508103483123));
#3374 = CARTESIAN_POINT('',(4.624358839446,67.370755546351));
#3375 = CARTESIAN_POINT('',(4.638075020365,67.251449099373));
#3376 = CARTESIAN_POINT('',(4.652802896269,67.153702392297));
#3377 = CARTESIAN_POINT('',(4.668426101328,67.081019643417));
#3378 = CARTESIAN_POINT('',(4.701309013911,66.992462876962));
#3379 = CARTESIAN_POINT('',(4.718177517392,66.978182713185));
#3380 = CARTESIAN_POINT('',(4.735067354697,66.995543188458));
#3381 = CARTESIAN_POINT('',(4.75163462455,67.044172473462));
#3382 = CARTESIAN_POINT('',(4.767546345699,67.121967036842));
#3383 = CARTESIAN_POINT('',(4.782500138627,67.225132936567));
#3384 = CARTESIAN_POINT('',(4.796243494937,67.348194872156));
#3385 = CARTESIAN_POINT('',(4.829646258628,67.715469731371));
#3386 = CARTESIAN_POINT('',(4.847341029595,67.991544136836));
#3387 = CARTESIAN_POINT('',(4.861754030964,68.296925850265));
#3388 = CARTESIAN_POINT('',(4.873048318564,68.621558620545));
#3389 = CARTESIAN_POINT('',(4.881388445881,68.95841584459));
#3390 = CARTESIAN_POINT('',(4.886908798735,69.302627663532));
#3391 = CARTESIAN_POINT('',(4.889683186472,69.650804957526));
#3392 = CARTESIAN_POINT('',(4.889683186472,70.264752430617));
#3393 = CARTESIAN_POINT('',(4.888088424626,70.52922772003));
#3394 = CARTESIAN_POINT('',(4.884904475067,70.791931359667));
#3395 = CARTESIAN_POINT('',(4.880111354113,71.051248128562));
#3396 = CARTESIAN_POINT('',(4.873668314665,71.305273106722));
#3397 = CARTESIAN_POINT('',(4.865518930414,71.551604840859));
#3398 = CARTESIAN_POINT('',(4.855596933254,71.78707537007));
#3399 = CARTESIAN_POINT('',(4.832951767171,72.211186578164));
#3400 = CARTESIAN_POINT('',(4.82023101556,72.406949268641));
#3401 = CARTESIAN_POINT('',(4.80568920141,72.58630093504));
#3402 = CARTESIAN_POINT('',(4.789444954727,72.741636435011));
#3403 = CARTESIAN_POINT('',(4.771699033237,72.866174539732));
#3404 = CARTESIAN_POINT('',(4.752717335824,72.953985622171));
#3405 = CARTESIAN_POINT('',(4.732820954956,73.));
#3406 = CARTESIAN_POINT('',(4.712388980385,73.));
#3407 = ( GEOMETRIC_REPRESENTATION_CONTEXT(2) 
PARAMETRIC_REPRESENTATION_CONTEXT() REPRESENTATION_CONTEXT('2D SPACE',''
  ) );
#3408 = PCURVE('',#3409,#3414);
#3409 = CYLINDRICAL_SURFACE('',#3410,3.);
#3410 = AXIS2_PLACEMENT_3D('',#3411,#3412,#3413);
#3411 = CARTESIAN_POINT('',(0.,0.,-70.));
#3412 = DIRECTION('',(0.,-1.,0.));
#3413 = DIRECTION('',(0.,-0.,-1.));
#3414 = DEFINITIONAL_REPRESENTATION('',(#3415),#3474);
#3415 = B_SPLINE_CURVE_WITH_KNOTS('',8,(#3416,#3417,#3418,#3419,#3420,
    #3421,#3422,#3423,#3424,#3425,#3426,#3427,#3428,#3429,#3430,#3431,
    #3432,#3433,#3434,#3435,#3436,#3437,#3438,#3439,#3440,#3441,#3442,
    #3443,#3444,#3445,#3446,#3447,#3448,#3449,#3450,#3451,#3452,#3453,
    #3454,#3455,#3456,#3457,#3458,#3459,#3460,#3461,#3462,#3463,#3464,
    #3465,#3466,#3467,#3468,#3469,#3470,#3471,#3472,#3473),
  .UNSPECIFIED.,.F.,.F.,(9,7,7,7,7,7,7,7,9),(0.,7.945549605082E-02,
    0.1784002965,0.378474831932,0.478106221632,0.578613217213,
    0.74994333688,0.879842276162,1.),.UNSPECIFIED.);
#3416 = CARTESIAN_POINT('',(0.,17.01));
#3417 = CARTESIAN_POINT('',(7.577970552107E-02,17.01));
#3418 = CARTESIAN_POINT('',(0.150926971379,17.006527519625));
#3419 = CARTESIAN_POINT('',(0.225250371519,16.999684176956));
#3420 = CARTESIAN_POINT('',(0.298545475459,16.989785031814));
#3421 = CARTESIAN_POINT('',(0.370580002759,16.977339652953));
#3422 = CARTESIAN_POINT('',(0.441075764055,16.962991125121));
#3423 = CARTESIAN_POINT('',(0.509684990465,16.947435494986));
#3424 = CARTESIAN_POINT('',(0.658488303794,16.911305837837));
#3425 = CARTESIAN_POINT('',(0.738301570945,16.890216952726));
#3426 = CARTESIAN_POINT('',(0.815773241972,16.869007528552));
#3427 = CARTESIAN_POINT('',(0.891213685304,16.848445176934));
#3428 = CARTESIAN_POINT('',(0.964904398926,16.829129722498));
#3429 = CARTESIAN_POINT('',(1.03711047956,16.811516241829));
#3430 = CARTESIAN_POINT('',(1.108087120382,16.795947052353));
#3431 = CARTESIAN_POINT('',(1.319663483183,16.755832354521));
#3432 = CARTESIAN_POINT('',(1.457064259707,16.738417798338));
#3433 = CARTESIAN_POINT('',(1.592621419295,16.732430451104));
#3434 = CARTESIAN_POINT('',(1.728098103216,16.738524783091));
#3435 = CARTESIAN_POINT('',(1.865121290271,16.756555425751));
#3436 = CARTESIAN_POINT('',(2.005396199936,16.785444989858));
#3437 = CARTESIAN_POINT('',(2.150745012528,16.822636950183));
#3438 = CARTESIAN_POINT('',(2.380068849909,16.883497291904));
#3439 = CARTESIAN_POINT('',(2.459033787044,16.904796364089));
#3440 = CARTESIAN_POINT('',(2.540521903442,16.926433460245));
#3441 = CARTESIAN_POINT('',(2.624420240516,16.947468956306));
#3442 = CARTESIAN_POINT('',(2.710692477756,16.966811014191));
#3443 = CARTESIAN_POINT('',(2.799373525469,16.983303337602));
#3444 = CARTESIAN_POINT('',(2.890576634213,16.995842488142));
#3445 = CARTESIAN_POINT('',(3.079274963216,17.011274550659));
#3446 = CARTESIAN_POINT('',(3.174498361075,17.013891484733));
#3447 = CARTESIAN_POINT('',(3.26950280657,17.01081935854));
#3448 = CARTESIAN_POINT('',(3.363680787824,17.002077911265));
#3449 = CARTESIAN_POINT('',(3.456409505735,16.988388814078));
#3450 = CARTESIAN_POINT('',(3.546969751723,16.971026969717));
#3451 = CARTESIAN_POINT('',(3.63444217986,16.951523169754));
#3452 = CARTESIAN_POINT('',(3.859223999011,16.896945822802));
#3453 = CARTESIAN_POINT('',(3.992867611963,16.859457465838));
#3454 = CARTESIAN_POINT('',(4.120458063429,16.823568078167));
#3455 = CARTESIAN_POINT('',(4.243349526808,16.79254653363));
#3456 = CARTESIAN_POINT('',(4.362793443656,16.768242676952));
#3457 = CARTESIAN_POINT('',(4.479931039754,16.75168333018));
#3458 = CARTESIAN_POINT('',(4.595990632893,16.743359877874));
#3459 = CARTESIAN_POINT('',(4.80063979059,16.743359877874));
#3460 = CARTESIAN_POINT('',(4.888798047355,16.748144135377));
#3461 = CARTESIAN_POINT('',(4.977413870049,16.75769609561));
#3462 = CARTESIAN_POINT('',(5.066984968734,16.771836826857));
#3463 = CARTESIAN_POINT('',(5.158017216333,16.790216291356));
#3464 = CARTESIAN_POINT('',(5.251035518176,16.812251670459));
#3465 = CARTESIAN_POINT('',(5.346605591338,16.837039135804));
#3466 = CARTESIAN_POINT('',(5.536838232206,16.887525049794));
#3467 = CARTESIAN_POINT('',(5.633244757994,16.913603017881));
#3468 = CARTESIAN_POINT('',(5.733698655076,16.940105240028));
#3469 = CARTESIAN_POINT('',(5.837601040855,16.965107260066));
#3470 = CARTESIAN_POINT('',(5.944601475274,16.986398640595));
#3471 = CARTESIAN_POINT('',(6.054523663967,17.001884269633));
#3472 = CARTESIAN_POINT('',(6.167336011358,17.01));
#3473 = CARTESIAN_POINT('',(6.28318530718,17.01));
#3474 = ( GEOMETRIC_REPRESENTATION_CONTEXT(2) 
PARAMETRIC_REPRESENTATION_CONTEXT() REPRESENTATION_CONTEXT('2D SPACE',''
  ) );
#3475 = FACE_BOUND('',#3476,.T.);
#3476 = EDGE_LOOP('',(#3477));
#3477 = ORIENTED_EDGE('',*,*,#3478,.T.);
#3478 = EDGE_CURVE('',#3479,#3479,#3481,.T.);
#3479 = VERTEX_POINT('',#3480);
#3480 = CARTESIAN_POINT('',(-9.797174393179E-16,17.01,-99.));
#3481 = SURFACE_CURVE('',#3482,(#3562,#3645),.PCURVE_S1.);
#3482 = B_SPLINE_CURVE_WITH_KNOTS('',8,(#3483,#3484,#3485,#3486,#3487,
    #3488,#3489,#3490,#3491,#3492,#3493,#3494,#3495,#3496,#3497,#3498,
    #3499,#3500,#3501,#3502,#3503,#3504,#3505,#3506,#3507,#3508,#3509,
    #3510,#3511,#3512,#3513,#3514,#3515,#3516,#3517,#3518,#3519,#3520,
    #3521,#3522,#3523,#3524,#3525,#3526,#3527,#3528,#3529,#3530,#3531,
    #3532,#3533,#3534,#3535,#3536,#3537,#3538,#3539,#3540,#3541,#3542,
    #3543,#3544,#3545,#3546,#3547,#3548,#3549,#3550,#3551,#3552,#3553,
    #3554,#3555,#3556,#3557,#3558,#3559,#3560,#3561),.UNSPECIFIED.,.T.,
  .F.,(9,7,7,7,7,7,7,7,7,7,7,9),(0.,7.243610793119E-02,0.144403659908,
    0.249748699158,0.424476971892,0.499947301926,0.575417631959,
    0.750145904693,0.828251305385,0.888016274629,0.955433545938,1.),
  .UNSPECIFIED.);
#3483 = CARTESIAN_POINT('',(-8.881784197001E-16,17.01,-99.));
#3484 = CARTESIAN_POINT('',(0.277998667618,17.01,-99.));
#3485 = CARTESIAN_POINT('',(0.553960951937,17.004808069542,
    -98.97791901563));
#3486 = CARTESIAN_POINT('',(0.825115863982,16.994554942649,
    -98.93432333088));
#3487 = CARTESIAN_POINT('',(1.088781272396,16.979657212027,
    -98.87032313779));
#3488 = CARTESIAN_POINT('',(1.342449631154,16.960782957684,
    -98.78755865604));
#3489 = CARTESIAN_POINT('',(1.583867045928,16.938791870439,
    -98.68819328627));
#3490 = CARTESIAN_POINT('',(1.811105679113,16.914649870324,
    -98.57491379678));
#3491 = CARTESIAN_POINT('',(2.232785057385,16.864150428239,
    -98.32776323655));
#3492 = CARTESIAN_POINT('',(2.429079290799,16.837611109028,
    -98.19306269475));
#3493 = CARTESIAN_POINT('',(2.611594130907,16.810372704657,
    -98.04851684288));
#3494 = CARTESIAN_POINT('',(2.780515208065,16.783029392668,
    -97.89557619419));
#3495 = CARTESIAN_POINT('',(2.936099972318,16.756093034079,
    -97.73548779827));
#3496 = CARTESIAN_POINT('',(3.078647948801,16.729994874808,
    -97.56932077302));
#3497 = CARTESIAN_POINT('',(3.208473122047,16.705093000191,
    -97.39799042127));
#3498 = CARTESIAN_POINT('',(3.497734632427,16.647422051946,
    -96.96507997792));
#3499 = CARTESIAN_POINT('',(3.643177483966,16.61632068206,
    -96.69820062581));
#3500 = CARTESIAN_POINT('',(3.763089925473,16.589320530225,
    -96.42400895424));
#3501 = CARTESIAN_POINT('',(3.858227903661,16.567100729921,
    -96.14439270825));
#3502 = CARTESIAN_POINT('',(3.929188618491,16.550132190634,
    -95.86090318385));
#3503 = CARTESIAN_POINT('',(3.976381223744,16.538714834914,
    -95.57487422898));
#3504 = CARTESIAN_POINT('',(4.,16.533000332668,-95.28751836088));
#3505 = CARTESIAN_POINT('',(4.,16.533000332668,-94.52311388429));
#3506 = CARTESIAN_POINT('',(3.935022103577,16.548721739131,
    -94.04823671053));
#3507 = CARTESIAN_POINT('',(3.806028618686,16.579926729845,
    -93.5793850074));
#3508 = CARTESIAN_POINT('',(3.611114532163,16.625581849638,
    -93.12114788393));
#3509 = CARTESIAN_POINT('',(3.346602366537,16.683609739338,
    -92.68030987901));
#3510 = CARTESIAN_POINT('',(3.00775007077,16.750330310012,
    -92.26690107037));
#3511 = CARTESIAN_POINT('',(2.589625176476,16.819256786961,
    -91.89561356267));
#3512 = CARTESIAN_POINT('',(1.874188827625,16.907832566062,
    -91.45719360423));
#3513 = CARTESIAN_POINT('',(1.641244221568,16.93347134815,-91.335911242)
  );
#3514 = CARTESIAN_POINT('',(1.392746559169,16.956965067628,
    -91.22920261657));
#3515 = CARTESIAN_POINT('',(1.130737880156,16.977233349294,
    -91.14009542458));
#3516 = CARTESIAN_POINT('',(0.857642314435,16.993294727726,
    -91.0710399087));
#3517 = CARTESIAN_POINT('',(0.57618227002,17.004377230408,
    -91.02391058607));
#3518 = CARTESIAN_POINT('',(0.289287511427,17.01,-91.));
#3519 = CARTESIAN_POINT('',(-0.289287511427,17.01,-91.));
#3520 = CARTESIAN_POINT('',(-0.576182270019,17.004377230408,
    -91.02391058607));
#3521 = CARTESIAN_POINT('',(-0.857642314436,16.993294727726,
    -91.0710399087));
#3522 = CARTESIAN_POINT('',(-1.130737880156,16.977233349294,
    -91.14009542458));
#3523 = CARTESIAN_POINT('',(-1.392746559168,16.956965067628,
    -91.22920261657));
#3524 = CARTESIAN_POINT('',(-1.641244221569,16.93347134815,-91.335911242
    ));
#3525 = CARTESIAN_POINT('',(-1.874188827624,16.907832566062,
    -91.45719360423));
#3526 = CARTESIAN_POINT('',(-2.589625176477,16.819256786961,
    -91.89561356267));
#3527 = CARTESIAN_POINT('',(-3.00775007077,16.750330310012,
    -92.26690107037));
#3528 = CARTESIAN_POINT('',(-3.346602366538,16.683609739338,
    -92.680309879));
#3529 = CARTESIAN_POINT('',(-3.611114532161,16.625581849638,
    -93.12114788393));
#3530 = CARTESIAN_POINT('',(-3.806028618687,16.579926729845,
    -93.57938500739));
#3531 = CARTESIAN_POINT('',(-3.935022103576,16.548721739131,
    -94.04823671053));
#3532 = CARTESIAN_POINT('',(-4.,16.533000332668,-94.52311388429));
#3533 = CARTESIAN_POINT('',(-4.,16.533000332668,-95.2131731778));
#3534 = CARTESIAN_POINT('',(-3.987016257916,16.53614163226,
    -95.42631217409));
#3535 = CARTESIAN_POINT('',(-3.961056413768,16.542422341721,
    -95.63891342653));
#3536 = CARTESIAN_POINT('',(-3.922063028883,16.551795995801,
    -95.85046764154));
#3537 = CARTESIAN_POINT('',(-3.869918406115,16.564170292832,
    -96.06043870696));
#3538 = CARTESIAN_POINT('',(-3.804448524657,16.579403568321,
    -96.26824232533));
#3539 = CARTESIAN_POINT('',(-3.725426089469,16.597299003023,
    -96.47322436804));
#3540 = CARTESIAN_POINT('',(-3.561522803776,16.633127926775,
    -96.82875807889));
#3541 = CARTESIAN_POINT('',(-3.482374409471,16.650065788326,
    -96.98078892822));
#3542 = CARTESIAN_POINT('',(-3.394989012573,16.66829680149,
    -97.13042708158));
#3543 = CARTESIAN_POINT('',(-3.299205148915,16.687686576049,
    -97.27732385487));
#3544 = CARTESIAN_POINT('',(-3.194845088798,16.70807587397,
    -97.42107652899));
#3545 = CARTESIAN_POINT('',(-3.081721535799,16.729276803157,
    -97.56121858244));
#3546 = CARTESIAN_POINT('',(-2.959644325588,16.751069011203,
    -97.6972099239));
#3547 = CARTESIAN_POINT('',(-2.680408883601,16.798155869546,
    -97.97644536589));
#3548 = CARTESIAN_POINT('',(-2.520407718476,16.823601286569,
    -98.11874076107));
#3549 = CARTESIAN_POINT('',(-2.348330895928,16.849121717882,
    -98.25409692926));
#3550 = CARTESIAN_POINT('',(-2.164173600874,16.874243061589,
    -98.38123356166));
#3551 = CARTESIAN_POINT('',(-1.968032295281,16.898431499514,
    -98.49879801462));
#3552 = CARTESIAN_POINT('',(-1.760119937391,16.921104327731,
    -98.605355256));
#3553 = CARTESIAN_POINT('',(-1.540783061496,16.941647644308,
    -98.69937616505));
#3554 = CARTESIAN_POINT('',(-1.158304884774,16.97120319263,
    -98.83200803609));
#3555 = CARTESIAN_POINT('',(-1.001350138629,16.981760992543,
    -98.87858606248));
#3556 = CARTESIAN_POINT('',(-0.840317251316,16.990896535997,
    -98.91831220126));
#3557 = CARTESIAN_POINT('',(-0.675916790368,16.998418984967,
    -98.95066129585));
#3558 = CARTESIAN_POINT('',(-0.5088985766,17.004174797734,
    -98.97522846921));
#3559 = CARTESIAN_POINT('',(-0.34004103321,17.008055092745,
    -98.99172918537));
#3560 = CARTESIAN_POINT('',(-0.17014042676,17.01,-99.));
#3561 = CARTESIAN_POINT('',(-8.881784197001E-16,17.01,-99.));
#3562 = PCURVE('',#2495,#3563);
#3563 = DEFINITIONAL_REPRESENTATION('',(#3564),#3644);
#3564 = B_SPLINE_CURVE_WITH_KNOTS('',8,(#3565,#3566,#3567,#3568,#3569,
    #3570,#3571,#3572,#3573,#3574,#3575,#3576,#3577,#3578,#3579,#3580,
    #3581,#3582,#3583,#3584,#3585,#3586,#3587,#3588,#3589,#3590,#3591,
    #3592,#3593,#3594,#3595,#3596,#3597,#3598,#3599,#3600,#3601,#3602,
    #3603,#3604,#3605,#3606,#3607,#3608,#3609,#3610,#3611,#3612,#3613,
    #3614,#3615,#3616,#3617,#3618,#3619,#3620,#3621,#3622,#3623,#3624,
    #3625,#3626,#3627,#3628,#3629,#3630,#3631,#3632,#3633,#3634,#3635,
    #3636,#3637,#3638,#3639,#3640,#3641,#3642,#3643),.UNSPECIFIED.,.T.,
  .F.,(9,7,7,7,7,7,7,7,7,7,7,9),(0.,7.243610793119E-02,0.144403659908,
    0.249748699158,0.424476971892,0.499947301926,0.575417631959,
    0.750145904693,0.828251305385,0.888016274629,0.955433545938,1.),
  .UNSPECIFIED.);
#3565 = CARTESIAN_POINT('',(1.570796326795,99.));
#3566 = CARTESIAN_POINT('',(1.58713957592,99.));
#3567 = CARTESIAN_POINT('',(1.603363116612,98.977919015631));
#3568 = CARTESIAN_POINT('',(1.619310655332,98.934323330889));
#3569 = CARTESIAN_POINT('',(1.63483083903,98.870323137792));
#3570 = CARTESIAN_POINT('',(1.649780678203,98.787558656046));
#3571 = CARTESIAN_POINT('',(1.664029363663,98.688193286272));
#3572 = CARTESIAN_POINT('',(1.677462477049,98.574913796782));
#3573 = CARTESIAN_POINT('',(1.702429700284,98.327763236551));
#3574 = CARTESIAN_POINT('',(1.714073280438,98.193062694754));
#3575 = CARTESIAN_POINT('',(1.724920359166,98.048516842881));
#3576 = CARTESIAN_POINT('',(1.734978958025,97.895576194197));
#3577 = CARTESIAN_POINT('',(1.744260763754,97.735487798276));
#3578 = CARTESIAN_POINT('',(1.752779784587,97.56932077302));
#3579 = CARTESIAN_POINT('',(1.760550995595,97.397990421279));
#3580 = CARTESIAN_POINT('',(1.777891060521,96.965079977926));
#3581 = CARTESIAN_POINT('',(1.786633967396,96.698200625819));
#3582 = CARTESIAN_POINT('',(1.793859432396,96.424008954249));
#3583 = CARTESIAN_POINT('',(1.799602847289,96.144392708253));
#3584 = CARTESIAN_POINT('',(1.803892157278,95.860903183852));
#3585 = CARTESIAN_POINT('',(1.806746584871,95.574874228981));
#3586 = CARTESIAN_POINT('',(1.808175177269,95.287518360885));
#3587 = CARTESIAN_POINT('',(1.808175177269,94.523113884295));
#3588 = CARTESIAN_POINT('',(1.804244991876,94.048236710531));
#3589 = CARTESIAN_POINT('',(1.796442762726,93.579385007402));
#3590 = CARTESIAN_POINT('',(1.784674420243,93.121147883929));
#3591 = CARTESIAN_POINT('',(1.76875731672,92.680309879012));
#3592 = CARTESIAN_POINT('',(1.748465924972,92.26690107037));
#3593 = CARTESIAN_POINT('',(1.723573194538,91.895613562676));
#3594 = CARTESIAN_POINT('',(1.681192322569,91.457193604235));
#3595 = CARTESIAN_POINT('',(1.667416324312,91.335911242));
#3596 = CARTESIAN_POINT('',(1.652745203841,91.229202616579));
#3597 = CARTESIAN_POINT('',(1.637300689696,91.140095424586));
#3598 = CARTESIAN_POINT('',(1.621223703138,91.071039908704));
#3599 = CARTESIAN_POINT('',(1.604669478784,91.023910586076));
#3600 = CARTESIAN_POINT('',(1.587803235168,91.));
#3601 = CARTESIAN_POINT('',(1.553789418422,91.));
#3602 = CARTESIAN_POINT('',(1.536923174806,91.023910586076));
#3603 = CARTESIAN_POINT('',(1.520368950451,91.071039908705));
#3604 = CARTESIAN_POINT('',(1.504291963894,91.140095424586));
#3605 = CARTESIAN_POINT('',(1.488847449749,91.229202616579));
#3606 = CARTESIAN_POINT('',(1.474176329278,91.335911242001));
#3607 = CARTESIAN_POINT('',(1.460400331021,91.457193604235));
#3608 = CARTESIAN_POINT('',(1.418019459052,91.895613562676));
#3609 = CARTESIAN_POINT('',(1.393126728618,92.266901070371));
#3610 = CARTESIAN_POINT('',(1.37283533687,92.680309879009));
#3611 = CARTESIAN_POINT('',(1.356918233346,93.121147883933));
#3612 = CARTESIAN_POINT('',(1.345149890864,93.579385007399));
#3613 = CARTESIAN_POINT('',(1.337347661714,94.048236710532));
#3614 = CARTESIAN_POINT('',(1.333417476321,94.523113884295));
#3615 = CARTESIAN_POINT('',(1.333417476321,95.213173177808));
#3616 = CARTESIAN_POINT('',(1.3342027998,95.426312174098));
#3617 = CARTESIAN_POINT('',(1.335772981585,95.638913426532));
#3618 = CARTESIAN_POINT('',(1.338130665194,95.850467641547));
#3619 = CARTESIAN_POINT('',(1.341281298948,96.060438706962));
#3620 = CARTESIAN_POINT('',(1.345232926893,96.268242325332));
#3621 = CARTESIAN_POINT('',(1.349996074537,96.473224368044));
#3622 = CARTESIAN_POINT('',(1.359859311079,96.828758078893));
#3623 = CARTESIAN_POINT('',(1.364617663604,96.980788928223));
#3624 = CARTESIAN_POINT('',(1.369865458186,97.130427081585));
#3625 = CARTESIAN_POINT('',(1.375610497762,97.27732385487));
#3626 = CARTESIAN_POINT('',(1.381861384015,97.421076528991));
#3627 = CARTESIAN_POINT('',(1.388627184395,97.561218582449));
#3628 = CARTESIAN_POINT('',(1.395917099144,97.697209923904));
#3629 = CARTESIAN_POINT('',(1.412564817564,97.976445365892));
#3630 = CARTESIAN_POINT('',(1.422088905015,98.118740761076));
#3631 = CARTESIAN_POINT('',(1.432314816897,98.254096929263));
#3632 = CARTESIAN_POINT('',(1.443239917662,98.381233561667));
#3633 = CARTESIAN_POINT('',(1.454856096113,98.498798014629));
#3634 = CARTESIAN_POINT('',(1.467149230431,98.605355256002));
#3635 = CARTESIAN_POINT('',(1.480098532107,98.699376165052));
#3636 = CARTESIAN_POINT('',(1.502651054864,98.832008036097));
#3637 = CARTESIAN_POINT('',(1.511898653859,98.878586062481));
#3638 = CARTESIAN_POINT('',(1.521379946545,98.918312201267));
#3639 = CARTESIAN_POINT('',(1.531053808241,98.950661295855));
#3640 = CARTESIAN_POINT('',(1.540877191649,98.975228469215));
#3641 = CARTESIAN_POINT('',(1.550805671371,98.991729185378));
#3642 = CARTESIAN_POINT('',(1.560793950148,99.));
#3643 = CARTESIAN_POINT('',(1.570796326795,99.));
#3644 = ( GEOMETRIC_REPRESENTATION_CONTEXT(2) 
PARAMETRIC_REPRESENTATION_CONTEXT() REPRESENTATION_CONTEXT('2D SPACE',''
  ) );
#3645 = PCURVE('',#3646,#3651);
#3646 = CYLINDRICAL_SURFACE('',#3647,4.);
#3647 = AXIS2_PLACEMENT_3D('',#3648,#3649,#3650);
#3648 = CARTESIAN_POINT('',(0.,19.01,-95.));
#3649 = DIRECTION('',(0.,-1.,0.));
#3650 = DIRECTION('',(0.,-0.,-1.));
#3651 = DEFINITIONAL_REPRESENTATION('',(#3652),#3732);
#3652 = B_SPLINE_CURVE_WITH_KNOTS('',8,(#3653,#3654,#3655,#3656,#3657,
    #3658,#3659,#3660,#3661,#3662,#3663,#3664,#3665,#3666,#3667,#3668,
    #3669,#3670,#3671,#3672,#3673,#3674,#3675,#3676,#3677,#3678,#3679,
    #3680,#3681,#3682,#3683,#3684,#3685,#3686,#3687,#3688,#3689,#3690,
    #3691,#3692,#3693,#3694,#3695,#3696,#3697,#3698,#3699,#3700,#3701,
    #3702,#3703,#3704,#3705,#3706,#3707,#3708,#3709,#3710,#3711,#3712,
    #3713,#3714,#3715,#3716,#3717,#3718,#3719,#3720,#3721,#3722,#3723,
    #3724,#3725,#3726,#3727,#3728,#3729,#3730,#3731),.UNSPECIFIED.,.F.,
  .F.,(9,7,7,7,7,7,7,7,7,7,7,9),(0.,7.243610793119E-02,0.144403659908,
    0.249748699158,0.424476971892,0.499947301926,0.575417631959,
    0.750145904693,0.828251305385,0.888016274629,0.955433545938,1.),
  .UNSPECIFIED.);
#3653 = CARTESIAN_POINT('',(0.,2.));
#3654 = CARTESIAN_POINT('',(6.949966690459E-02,2.));
#3655 = CARTESIAN_POINT('',(0.138490183768,2.005191930458));
#3656 = CARTESIAN_POINT('',(0.206790620512,2.015445057351));
#3657 = CARTESIAN_POINT('',(0.274209931255,2.030342787973));
#3658 = CARTESIAN_POINT('',(0.340535461574,2.049217042316));
#3659 = CARTESIAN_POINT('',(0.40551739899,2.071208129561));
#3660 = CARTESIAN_POINT('',(0.468849166663,2.095350129676));
#3661 = CARTESIAN_POINT('',(0.591041867315,2.145849571761));
#3662 = CARTESIAN_POINT('',(0.650407476455,2.172388890972));
#3663 = CARTESIAN_POINT('',(0.708389507799,2.199627295343));
#3664 = CARTESIAN_POINT('',(0.765116827599,2.226970607332));
#3665 = CARTESIAN_POINT('',(0.820706821422,2.253906965921));
#3666 = CARTESIAN_POINT('',(0.875270866428,2.280005125192));
#3667 = CARTESIAN_POINT('',(0.928916702789,2.304906999809));
#3668 = CARTESIAN_POINT('',(1.059080943594,2.362577948054));
#3669 = CARTESIAN_POINT('',(1.134757833327,2.39367931794));
#3670 = CARTESIAN_POINT('',(1.209111829006,2.420679469775));
#3671 = CARTESIAN_POINT('',(1.282437232286,2.442899270079));
#3672 = CARTESIAN_POINT('',(1.355005219649,2.459867809366));
#3673 = CARTESIAN_POINT('',(1.427077376493,2.471285165086));
#3674 = CARTESIAN_POINT('',(1.498916736574,2.476999667332));
#3675 = CARTESIAN_POINT('',(1.690017855721,2.476999667332));
#3676 = CARTESIAN_POINT('',(1.808737808877,2.461278260869));
#3677 = CARTESIAN_POINT('',(1.928529281254,2.430073270155));
#3678 = CARTESIAN_POINT('',(2.050754078001,2.384418150362));
#3679 = CARTESIAN_POINT('',(2.176673591829,2.326390260662));
#3680 = CARTESIAN_POINT('',(2.307691243328,2.259669689988));
#3681 = CARTESIAN_POINT('',(2.445318694646,2.190743213039));
#3682 = CARTESIAN_POINT('',(2.655089585921,2.102167433938));
#3683 = CARTESIAN_POINT('',(2.720586556643,2.07652865185));
#3684 = CARTESIAN_POINT('',(2.787881043994,2.053034932372));
#3685 = CARTESIAN_POINT('',(2.856642633604,2.032766650706));
#3686 = CARTESIAN_POINT('',(2.926605577077,2.016705272274));
#3687 = CARTESIAN_POINT('',(2.99754711222,2.005622769592));
#3688 = CARTESIAN_POINT('',(3.069270775733,2.));
#3689 = CARTESIAN_POINT('',(3.213914531446,2.));
#3690 = CARTESIAN_POINT('',(3.28563819496,2.005622769592));
#3691 = CARTESIAN_POINT('',(3.356579730102,2.016705272274));
#3692 = CARTESIAN_POINT('',(3.426542673576,2.032766650706));
#3693 = CARTESIAN_POINT('',(3.495304263185,2.053034932372));
#3694 = CARTESIAN_POINT('',(3.562598750537,2.07652865185));
#3695 = CARTESIAN_POINT('',(3.628095721259,2.102167433938));
#3696 = CARTESIAN_POINT('',(3.837866612533,2.190743213039));
#3697 = CARTESIAN_POINT('',(3.975494063851,2.259669689988));
#3698 = CARTESIAN_POINT('',(4.106511715351,2.326390260662));
#3699 = CARTESIAN_POINT('',(4.232431229177,2.384418150362));
#3700 = CARTESIAN_POINT('',(4.354656025927,2.430073270155));
#3701 = CARTESIAN_POINT('',(4.474447498303,2.461278260869));
#3702 = CARTESIAN_POINT('',(4.593167451458,2.476999667332));
#3703 = CARTESIAN_POINT('',(4.765682274837,2.476999667332));
#3704 = CARTESIAN_POINT('',(4.818967071443,2.47385836774));
#3705 = CARTESIAN_POINT('',(4.872347914018,2.467577658279));
#3706 = CARTESIAN_POINT('',(4.925928156381,2.458204004199));
#3707 = CARTESIAN_POINT('',(4.979811081058,2.445829707168));
#3708 = CARTESIAN_POINT('',(5.034101974155,2.430596431679));
#3709 = CARTESIAN_POINT('',(5.088911156383,2.412700996977));
#3710 = CARTESIAN_POINT('',(5.186784961169,2.376872073225));
#3711 = CARTESIAN_POINT('',(5.229585308541,2.359934211674));
#3712 = CARTESIAN_POINT('',(5.272821255772,2.34170319851));
#3713 = CARTESIAN_POINT('',(5.316555198618,2.322313423951));
#3714 = CARTESIAN_POINT('',(5.360850809657,2.30192412603));
#3715 = CARTESIAN_POINT('',(5.405774162754,2.280723196843));
#3716 = CARTESIAN_POINT('',(5.45139485752,2.258930988797));
#3717 = CARTESIAN_POINT('',(5.550119494809,2.211844130454));
#3718 = CARTESIAN_POINT('',(5.603558547851,2.186398713431));
#3719 = CARTESIAN_POINT('',(5.658123776017,2.160878282118));
#3720 = CARTESIAN_POINT('',(5.713847311402,2.135756938411));
#3721 = CARTESIAN_POINT('',(5.770772293401,2.111568500486));
#3722 = CARTESIAN_POINT('',(5.828953836683,2.088895672269));
#3723 = CARTESIAN_POINT('',(5.888462618842,2.068352355692));
#3724 = CARTESIAN_POINT('',(5.989668093276,2.03879680737));
#3725 = CARTESIAN_POINT('',(6.030556129691,2.028239007457));
#3726 = CARTESIAN_POINT('',(6.071945783333,2.019103464003));
#3727 = CARTESIAN_POINT('',(6.113738436591,2.011581015033));
#3728 = CARTESIAN_POINT('',(6.155843389877,2.005825202266));
#3729 = CARTESIAN_POINT('',(6.198175052223,2.001944907255));
#3730 = CARTESIAN_POINT('',(6.24065020049,2.));
#3731 = CARTESIAN_POINT('',(6.28318530718,2.));
#3732 = ( GEOMETRIC_REPRESENTATION_CONTEXT(2) 
PARAMETRIC_REPRESENTATION_CONTEXT() REPRESENTATION_CONTEXT('2D SPACE',''
  ) );
#3733 = FACE_BOUND('',#3734,.T.);
#3734 = EDGE_LOOP('',(#3735));
#3735 = ORIENTED_EDGE('',*,*,#3736,.F.);
#3736 = EDGE_CURVE('',#3737,#3737,#3739,.T.);
#3737 = VERTEX_POINT('',#3738);
#3738 = CARTESIAN_POINT('',(-9.797174393179E-16,-17.01,-99.));
#3739 = SURFACE_CURVE('',#3740,(#3820,#3903),.PCURVE_S1.);
#3740 = B_SPLINE_CURVE_WITH_KNOTS('',8,(#3741,#3742,#3743,#3744,#3745,
    #3746,#3747,#3748,#3749,#3750,#3751,#3752,#3753,#3754,#3755,#3756,
    #3757,#3758,#3759,#3760,#3761,#3762,#3763,#3764,#3765,#3766,#3767,
    #3768,#3769,#3770,#3771,#3772,#3773,#3774,#3775,#3776,#3777,#3778,
    #3779,#3780,#3781,#3782,#3783,#3784,#3785,#3786,#3787,#3788,#3789,
    #3790,#3791,#3792,#3793,#3794,#3795,#3796,#3797,#3798,#3799,#3800,
    #3801,#3802,#3803,#3804,#3805,#3806,#3807,#3808,#3809,#3810,#3811,
    #3812,#3813,#3814,#3815,#3816,#3817,#3818,#3819),.UNSPECIFIED.,.T.,
  .F.,(9,7,7,7,7,7,7,7,7,7,7,9),(0.,7.243610793034E-02,0.144403659906,
    0.249748699155,0.424476971887,0.49994730192,0.575417631953,
    0.750145904685,0.828251305388,0.888016274631,0.955433545939,1.),
  .UNSPECIFIED.);
#3741 = CARTESIAN_POINT('',(8.881784197001E-16,-17.01,-99.));
#3742 = CARTESIAN_POINT('',(0.277998667619,-17.01,-99.));
#3743 = CARTESIAN_POINT('',(0.553960951937,-17.00480806954,
    -98.97791901563));
#3744 = CARTESIAN_POINT('',(0.825115863982,-16.99455494264,
    -98.93432333088));
#3745 = CARTESIAN_POINT('',(1.088781272396,-16.97965721202,
    -98.87032313779));
#3746 = CARTESIAN_POINT('',(1.342449631154,-16.96078295768,
    -98.78755865604));
#3747 = CARTESIAN_POINT('',(1.583867045928,-16.93879187043,
    -98.68819328627));
#3748 = CARTESIAN_POINT('',(1.811105679113,-16.91464987032,
    -98.57491379678));
#3749 = CARTESIAN_POINT('',(2.232785057385,-16.86415042823,
    -98.32776323655));
#3750 = CARTESIAN_POINT('',(2.429079290799,-16.83761110902,
    -98.19306269475));
#3751 = CARTESIAN_POINT('',(2.611594130907,-16.81037270465,
    -98.04851684288));
#3752 = CARTESIAN_POINT('',(2.780515208065,-16.78302939266,
    -97.89557619419));
#3753 = CARTESIAN_POINT('',(2.936099972318,-16.75609303407,
    -97.73548779827));
#3754 = CARTESIAN_POINT('',(3.0786479488,-16.7299948748,-97.56932077302)
  );
#3755 = CARTESIAN_POINT('',(3.208473122047,-16.70509300019,
    -97.39799042127));
#3756 = CARTESIAN_POINT('',(3.497734632427,-16.64742205194,
    -96.96507997792));
#3757 = CARTESIAN_POINT('',(3.643177483966,-16.61632068206,
    -96.69820062581));
#3758 = CARTESIAN_POINT('',(3.763089925473,-16.58932053022,
    -96.42400895424));
#3759 = CARTESIAN_POINT('',(3.858227903662,-16.56710072992,
    -96.14439270825));
#3760 = CARTESIAN_POINT('',(3.929188618491,-16.55013219063,
    -95.86090318385));
#3761 = CARTESIAN_POINT('',(3.976381223744,-16.53871483491,
    -95.57487422898));
#3762 = CARTESIAN_POINT('',(4.,-16.53300033266,-95.28751836088));
#3763 = CARTESIAN_POINT('',(4.,-16.53300033266,-94.52311388429));
#3764 = CARTESIAN_POINT('',(3.935022103576,-16.54872173913,
    -94.04823671053));
#3765 = CARTESIAN_POINT('',(3.806028618688,-16.57992672984,
    -93.5793850074));
#3766 = CARTESIAN_POINT('',(3.61111453216,-16.62558184963,
    -93.12114788393));
#3767 = CARTESIAN_POINT('',(3.346602366539,-16.68360973933,
    -92.68030987901));
#3768 = CARTESIAN_POINT('',(3.007750070769,-16.75033031001,
    -92.26690107037));
#3769 = CARTESIAN_POINT('',(2.589625176477,-16.81925678696,
    -91.89561356267));
#3770 = CARTESIAN_POINT('',(1.874188827624,-16.90783256606,
    -91.45719360423));
#3771 = CARTESIAN_POINT('',(1.641244221568,-16.93347134815,-91.335911242
    ));
#3772 = CARTESIAN_POINT('',(1.392746559169,-16.95696506762,
    -91.22920261657));
#3773 = CARTESIAN_POINT('',(1.130737880156,-16.97723334929,
    -91.14009542458));
#3774 = CARTESIAN_POINT('',(0.857642314435,-16.99329472772,
    -91.0710399087));
#3775 = CARTESIAN_POINT('',(0.57618227002,-17.0043772304,-91.02391058607
    ));
#3776 = CARTESIAN_POINT('',(0.289287511427,-17.01,-91.));
#3777 = CARTESIAN_POINT('',(-0.289287511427,-17.01,-91.));
#3778 = CARTESIAN_POINT('',(-0.576182270019,-17.0043772304,
    -91.02391058607));
#3779 = CARTESIAN_POINT('',(-0.857642314436,-16.99329472772,
    -91.0710399087));
#3780 = CARTESIAN_POINT('',(-1.130737880156,-16.97723334929,
    -91.14009542458));
#3781 = CARTESIAN_POINT('',(-1.392746559168,-16.95696506762,
    -91.22920261657));
#3782 = CARTESIAN_POINT('',(-1.641244221569,-16.93347134815,
    -91.335911242));
#3783 = CARTESIAN_POINT('',(-1.874188827624,-16.90783256606,
    -91.45719360423));
#3784 = CARTESIAN_POINT('',(-2.589625176477,-16.81925678696,
    -91.89561356267));
#3785 = CARTESIAN_POINT('',(-3.007750070768,-16.75033031001,
    -92.26690107036));
#3786 = CARTESIAN_POINT('',(-3.346602366541,-16.68360973933,
    -92.68030987901));
#3787 = CARTESIAN_POINT('',(-3.611114532159,-16.62558184963,
    -93.12114788392));
#3788 = CARTESIAN_POINT('',(-3.806028618689,-16.57992672984,
    -93.5793850074));
#3789 = CARTESIAN_POINT('',(-3.935022103576,-16.54872173913,
    -94.04823671052));
#3790 = CARTESIAN_POINT('',(-4.,-16.53300033266,-94.52311388429));
#3791 = CARTESIAN_POINT('',(-4.,-16.53300033266,-95.21317317784));
#3792 = CARTESIAN_POINT('',(-3.987016257912,-16.53614163226,
    -95.42631217407));
#3793 = CARTESIAN_POINT('',(-3.961056413774,-16.54242234172,
    -95.6389134265));
#3794 = CARTESIAN_POINT('',(-3.92206302889,-16.5517959958,
    -95.85046764154));
#3795 = CARTESIAN_POINT('',(-3.869918406107,-16.56417029283,
    -96.06043870699));
#3796 = CARTESIAN_POINT('',(-3.804448524645,-16.57940356832,
    -96.26824232534));
#3797 = CARTESIAN_POINT('',(-3.725426089483,-16.59729900302,
    -96.47322436801));
#3798 = CARTESIAN_POINT('',(-3.561522803776,-16.63312792677,
    -96.82875807889));
#3799 = CARTESIAN_POINT('',(-3.482374409471,-16.65006578832,
    -96.98078892822));
#3800 = CARTESIAN_POINT('',(-3.394989012573,-16.66829680149,
    -97.13042708158));
#3801 = CARTESIAN_POINT('',(-3.299205148915,-16.68768657604,
    -97.27732385487));
#3802 = CARTESIAN_POINT('',(-3.194845088798,-16.70807587397,
    -97.42107652899));
#3803 = CARTESIAN_POINT('',(-3.081721535799,-16.72927680315,
    -97.56121858244));
#3804 = CARTESIAN_POINT('',(-2.959644325588,-16.7510690112,
    -97.6972099239));
#3805 = CARTESIAN_POINT('',(-2.680408883602,-16.79815586954,
    -97.97644536589));
#3806 = CARTESIAN_POINT('',(-2.520407718476,-16.82360128656,
    -98.11874076107));
#3807 = CARTESIAN_POINT('',(-2.348330895927,-16.84912171788,
    -98.25409692926));
#3808 = CARTESIAN_POINT('',(-2.164173600872,-16.87424306158,
    -98.38123356166));
#3809 = CARTESIAN_POINT('',(-1.96803229528,-16.89843149951,
    -98.49879801462));
#3810 = CARTESIAN_POINT('',(-1.760119937392,-16.92110432773,
    -98.605355256));
#3811 = CARTESIAN_POINT('',(-1.540783061498,-16.9416476443,
    -98.69937616505));
#3812 = CARTESIAN_POINT('',(-1.158304884774,-16.97120319263,
    -98.83200803609));
#3813 = CARTESIAN_POINT('',(-1.001350138629,-16.98176099254,
    -98.87858606248));
#3814 = CARTESIAN_POINT('',(-0.840317251316,-16.99089653599,
    -98.91831220126));
#3815 = CARTESIAN_POINT('',(-0.675916790368,-16.99841898496,
    -98.95066129585));
#3816 = CARTESIAN_POINT('',(-0.508898576599,-17.00417479773,
    -98.97522846921));
#3817 = CARTESIAN_POINT('',(-0.340041033211,-17.00805509274,
    -98.99172918537));
#3818 = CARTESIAN_POINT('',(-0.17014042676,-17.01,-99.));
#3819 = CARTESIAN_POINT('',(8.881784197001E-16,-17.01,-99.));
#3820 = PCURVE('',#2495,#3821);
#3821 = DEFINITIONAL_REPRESENTATION('',(#3822),#3902);
#3822 = B_SPLINE_CURVE_WITH_KNOTS('',8,(#3823,#3824,#3825,#3826,#3827,
    #3828,#3829,#3830,#3831,#3832,#3833,#3834,#3835,#3836,#3837,#3838,
    #3839,#3840,#3841,#3842,#3843,#3844,#3845,#3846,#3847,#3848,#3849,
    #3850,#3851,#3852,#3853,#3854,#3855,#3856,#3857,#3858,#3859,#3860,
    #3861,#3862,#3863,#3864,#3865,#3866,#3867,#3868,#3869,#3870,#3871,
    #3872,#3873,#3874,#3875,#3876,#3877,#3878,#3879,#3880,#3881,#3882,
    #3883,#3884,#3885,#3886,#3887,#3888,#3889,#3890,#3891,#3892,#3893,
    #3894,#3895,#3896,#3897,#3898,#3899,#3900,#3901),.UNSPECIFIED.,.T.,
  .F.,(9,7,7,7,7,7,7,7,7,7,7,9),(0.,7.243610793034E-02,0.144403659906,
    0.249748699155,0.424476971887,0.49994730192,0.575417631953,
    0.750145904685,0.828251305388,0.888016274631,0.955433545939,1.),
  .UNSPECIFIED.);
#3823 = CARTESIAN_POINT('',(4.712388980385,99.));
#3824 = CARTESIAN_POINT('',(4.69604573126,99.));
#3825 = CARTESIAN_POINT('',(4.679822190567,98.977919015631));
#3826 = CARTESIAN_POINT('',(4.663874651848,98.934323330889));
#3827 = CARTESIAN_POINT('',(4.648354468149,98.870323137792));
#3828 = CARTESIAN_POINT('',(4.633404628977,98.787558656046));
#3829 = CARTESIAN_POINT('',(4.619155943517,98.688193286272));
#3830 = CARTESIAN_POINT('',(4.60572283013,98.574913796782));
#3831 = CARTESIAN_POINT('',(4.580755606896,98.327763236551));
#3832 = CARTESIAN_POINT('',(4.569112026741,98.193062694754));
#3833 = CARTESIAN_POINT('',(4.558264948013,98.048516842881));
#3834 = CARTESIAN_POINT('',(4.548206349155,97.895576194197));
#3835 = CARTESIAN_POINT('',(4.538924543426,97.735487798276));
#3836 = CARTESIAN_POINT('',(4.530405522593,97.56932077302));
#3837 = CARTESIAN_POINT('',(4.522634311584,97.397990421279));
#3838 = CARTESIAN_POINT('',(4.505294246658,96.965079977926));
#3839 = CARTESIAN_POINT('',(4.496551339783,96.698200625819));
#3840 = CARTESIAN_POINT('',(4.489325874784,96.424008954249));
#3841 = CARTESIAN_POINT('',(4.483582459891,96.144392708252));
#3842 = CARTESIAN_POINT('',(4.479293149902,95.860903183852));
#3843 = CARTESIAN_POINT('',(4.476438722309,95.574874228981));
#3844 = CARTESIAN_POINT('',(4.475010129911,95.287518360885));
#3845 = CARTESIAN_POINT('',(4.475010129911,94.523113884295));
#3846 = CARTESIAN_POINT('',(4.478940315304,94.04823671053));
#3847 = CARTESIAN_POINT('',(4.486742544453,93.579385007403));
#3848 = CARTESIAN_POINT('',(4.498510886936,93.121147883928));
#3849 = CARTESIAN_POINT('',(4.514427990459,92.680309879012));
#3850 = CARTESIAN_POINT('',(4.534719382207,92.26690107037));
#3851 = CARTESIAN_POINT('',(4.559612112642,91.895613562676));
#3852 = CARTESIAN_POINT('',(4.601992984611,91.457193604235));
#3853 = CARTESIAN_POINT('',(4.615768982868,91.335911242001));
#3854 = CARTESIAN_POINT('',(4.630440103339,91.229202616579));
#3855 = CARTESIAN_POINT('',(4.645884617484,91.140095424586));
#3856 = CARTESIAN_POINT('',(4.661961604041,91.071039908704));
#3857 = CARTESIAN_POINT('',(4.678515828395,91.023910586076));
#3858 = CARTESIAN_POINT('',(4.695382072012,91.));
#3859 = CARTESIAN_POINT('',(4.729395888758,91.));
#3860 = CARTESIAN_POINT('',(4.746262132374,91.023910586076));
#3861 = CARTESIAN_POINT('',(4.762816356728,91.071039908705));
#3862 = CARTESIAN_POINT('',(4.778893343286,91.140095424586));
#3863 = CARTESIAN_POINT('',(4.79433785743,91.229202616578));
#3864 = CARTESIAN_POINT('',(4.809008977902,91.335911242001));
#3865 = CARTESIAN_POINT('',(4.822784976159,91.457193604235));
#3866 = CARTESIAN_POINT('',(4.865165848128,91.895613562676));
#3867 = CARTESIAN_POINT('',(4.890058578562,92.266901070369));
#3868 = CARTESIAN_POINT('',(4.91034997031,92.680309879013));
#3869 = CARTESIAN_POINT('',(4.926267073833,93.121147883927));
#3870 = CARTESIAN_POINT('',(4.938035416316,93.579385007405));
#3871 = CARTESIAN_POINT('',(4.945837645465,94.048236710528));
#3872 = CARTESIAN_POINT('',(4.949767830858,94.523113884296));
#3873 = CARTESIAN_POINT('',(4.949767830858,95.21317317784));
#3874 = CARTESIAN_POINT('',(4.948982507379,95.426312174079));
#3875 = CARTESIAN_POINT('',(4.947412325595,95.638913426501));
#3876 = CARTESIAN_POINT('',(4.945054641986,95.850467641548));
#3877 = CARTESIAN_POINT('',(4.941904008231,96.060438706992));
#3878 = CARTESIAN_POINT('',(4.937952380286,96.268242325349));
#3879 = CARTESIAN_POINT('',(4.933189232644,96.473224368014));
#3880 = CARTESIAN_POINT('',(4.923325996101,96.828758078892));
#3881 = CARTESIAN_POINT('',(4.918567643576,96.980788928223));
#3882 = CARTESIAN_POINT('',(4.913319848994,97.130427081585));
#3883 = CARTESIAN_POINT('',(4.907574809417,97.27732385487));
#3884 = CARTESIAN_POINT('',(4.901323923164,97.421076528991));
#3885 = CARTESIAN_POINT('',(4.894558122785,97.561218582449));
#3886 = CARTESIAN_POINT('',(4.887268208035,97.697209923904));
#3887 = CARTESIAN_POINT('',(4.870620489616,97.97644536589));
#3888 = CARTESIAN_POINT('',(4.861096402164,98.118740761075));
#3889 = CARTESIAN_POINT('',(4.850870490283,98.254096929264));
#3890 = CARTESIAN_POINT('',(4.839945389518,98.381233561668));
#3891 = CARTESIAN_POINT('',(4.828329211066,98.498798014629));
#3892 = CARTESIAN_POINT('',(4.816036076749,98.605355256002));
#3893 = CARTESIAN_POINT('',(4.803086775073,98.699376165051));
#3894 = CARTESIAN_POINT('',(4.780534252316,98.832008036097));
#3895 = CARTESIAN_POINT('',(4.77128665332,98.878586062481));
#3896 = CARTESIAN_POINT('',(4.761805360635,98.918312201267));
#3897 = CARTESIAN_POINT('',(4.752131498938,98.950661295855));
#3898 = CARTESIAN_POINT('',(4.742308115531,98.975228469215));
#3899 = CARTESIAN_POINT('',(4.732379635809,98.991729185378));
#3900 = CARTESIAN_POINT('',(4.722391357031,99.));
#3901 = CARTESIAN_POINT('',(4.712388980385,99.));
#3902 = ( GEOMETRIC_REPRESENTATION_CONTEXT(2) 
PARAMETRIC_REPRESENTATION_CONTEXT() REPRESENTATION_CONTEXT('2D SPACE',''
  ) );
#3903 = PCURVE('',#3904,#3909);
#3904 = CYLINDRICAL_SURFACE('',#3905,4.);
#3905 = AXIS2_PLACEMENT_3D('',#3906,#3907,#3908);
#3906 = CARTESIAN_POINT('',(0.,19.01,-95.));
#3907 = DIRECTION('',(0.,-1.,0.));
#3908 = DIRECTION('',(0.,-0.,-1.));
#3909 = DEFINITIONAL_REPRESENTATION('',(#3910),#3990);
#3910 = B_SPLINE_CURVE_WITH_KNOTS('',8,(#3911,#3912,#3913,#3914,#3915,
    #3916,#3917,#3918,#3919,#3920,#3921,#3922,#3923,#3924,#3925,#3926,
    #3927,#3928,#3929,#3930,#3931,#3932,#3933,#3934,#3935,#3936,#3937,
    #3938,#3939,#3940,#3941,#3942,#3943,#3944,#3945,#3946,#3947,#3948,
    #3949,#3950,#3951,#3952,#3953,#3954,#3955,#3956,#3957,#3958,#3959,
    #3960,#3961,#3962,#3963,#3964,#3965,#3966,#3967,#3968,#3969,#3970,
    #3971,#3972,#3973,#3974,#3975,#3976,#3977,#3978,#3979,#3980,#3981,
    #3982,#3983,#3984,#3985,#3986,#3987,#3988,#3989),.UNSPECIFIED.,.F.,
  .F.,(9,7,7,7,7,7,7,7,7,7,7,9),(0.,7.243610793034E-02,0.144403659906,
    0.249748699155,0.424476971887,0.49994730192,0.575417631953,
    0.750145904685,0.828251305388,0.888016274631,0.955433545939,1.),
  .UNSPECIFIED.);
#3911 = CARTESIAN_POINT('',(0.,36.02));
#3912 = CARTESIAN_POINT('',(6.949966690467E-02,36.02));
#3913 = CARTESIAN_POINT('',(0.138490183767,36.014808069542));
#3914 = CARTESIAN_POINT('',(0.206790620512,36.004554942649));
#3915 = CARTESIAN_POINT('',(0.274209931255,35.989657212027));
#3916 = CARTESIAN_POINT('',(0.340535461574,35.970782957684));
#3917 = CARTESIAN_POINT('',(0.40551739899,35.948791870439));
#3918 = CARTESIAN_POINT('',(0.468849166663,35.924649870324));
#3919 = CARTESIAN_POINT('',(0.591041867315,35.874150428239));
#3920 = CARTESIAN_POINT('',(0.650407476455,35.847611109028));
#3921 = CARTESIAN_POINT('',(0.708389507799,35.820372704657));
#3922 = CARTESIAN_POINT('',(0.765116827599,35.793029392668));
#3923 = CARTESIAN_POINT('',(0.820706821422,35.766093034079));
#3924 = CARTESIAN_POINT('',(0.875270866427,35.739994874808));
#3925 = CARTESIAN_POINT('',(0.928916702789,35.715093000191));
#3926 = CARTESIAN_POINT('',(1.059080943594,35.657422051946));
#3927 = CARTESIAN_POINT('',(1.134757833327,35.62632068206));
#3928 = CARTESIAN_POINT('',(1.209111829006,35.599320530225));
#3929 = CARTESIAN_POINT('',(1.282437232286,35.577100729921));
#3930 = CARTESIAN_POINT('',(1.355005219649,35.560132190634));
#3931 = CARTESIAN_POINT('',(1.427077376493,35.548714834914));
#3932 = CARTESIAN_POINT('',(1.498916736574,35.543000332668));
#3933 = CARTESIAN_POINT('',(1.690017855721,35.543000332668));
#3934 = CARTESIAN_POINT('',(1.808737808877,35.558721739131));
#3935 = CARTESIAN_POINT('',(1.928529281253,35.589926729845));
#3936 = CARTESIAN_POINT('',(2.050754078002,35.635581849638));
#3937 = CARTESIAN_POINT('',(2.176673591829,35.693609739338));
#3938 = CARTESIAN_POINT('',(2.307691243329,35.760330310012));
#3939 = CARTESIAN_POINT('',(2.445318694646,35.829256786961));
#3940 = CARTESIAN_POINT('',(2.655089585921,35.917832566062));
#3941 = CARTESIAN_POINT('',(2.720586556643,35.94347134815));
#3942 = CARTESIAN_POINT('',(2.787881043994,35.966965067628));
#3943 = CARTESIAN_POINT('',(2.856642633604,35.987233349294));
#3944 = CARTESIAN_POINT('',(2.926605577077,36.003294727726));
#3945 = CARTESIAN_POINT('',(2.99754711222,36.014377230408));
#3946 = CARTESIAN_POINT('',(3.069270775733,36.02));
#3947 = CARTESIAN_POINT('',(3.213914531446,36.02));
#3948 = CARTESIAN_POINT('',(3.28563819496,36.014377230408));
#3949 = CARTESIAN_POINT('',(3.356579730102,36.003294727726));
#3950 = CARTESIAN_POINT('',(3.426542673576,35.987233349294));
#3951 = CARTESIAN_POINT('',(3.495304263185,35.966965067628));
#3952 = CARTESIAN_POINT('',(3.562598750537,35.94347134815));
#3953 = CARTESIAN_POINT('',(3.628095721259,35.917832566062));
#3954 = CARTESIAN_POINT('',(3.837866612533,35.829256786961));
#3955 = CARTESIAN_POINT('',(3.97549406385,35.760330310012));
#3956 = CARTESIAN_POINT('',(4.106511715352,35.693609739338));
#3957 = CARTESIAN_POINT('',(4.232431229176,35.635581849638));
#3958 = CARTESIAN_POINT('',(4.354656025928,35.589926729845));
#3959 = CARTESIAN_POINT('',(4.474447498302,35.558721739131));
#3960 = CARTESIAN_POINT('',(4.593167451459,35.543000332668));
#3961 = CARTESIAN_POINT('',(4.765682274845,35.543000332668));
#3962 = CARTESIAN_POINT('',(4.818967071438,35.546141632261));
#3963 = CARTESIAN_POINT('',(4.87234791401,35.55242234172));
#3964 = CARTESIAN_POINT('',(4.92592815638,35.5617959958));
#3965 = CARTESIAN_POINT('',(4.979811081066,35.574170292834));
#3966 = CARTESIAN_POINT('',(5.03410197416,35.589403568324));
#3967 = CARTESIAN_POINT('',(5.088911156375,35.60729900302));
#3968 = CARTESIAN_POINT('',(5.186784961169,35.643127926775));
#3969 = CARTESIAN_POINT('',(5.229585308541,35.660065788326));
#3970 = CARTESIAN_POINT('',(5.272821255772,35.67829680149));
#3971 = CARTESIAN_POINT('',(5.316555198618,35.697686576049));
#3972 = CARTESIAN_POINT('',(5.360850809657,35.71807587397));
#3973 = CARTESIAN_POINT('',(5.405774162754,35.739276803157));
#3974 = CARTESIAN_POINT('',(5.45139485752,35.761069011203));
#3975 = CARTESIAN_POINT('',(5.550119494808,35.808155869545));
#3976 = CARTESIAN_POINT('',(5.603558547851,35.833601286569));
#3977 = CARTESIAN_POINT('',(5.658123776017,35.859121717883));
#3978 = CARTESIAN_POINT('',(5.713847311403,35.884243061589));
#3979 = CARTESIAN_POINT('',(5.770772293402,35.908431499514));
#3980 = CARTESIAN_POINT('',(5.828953836682,35.931104327731));
#3981 = CARTESIAN_POINT('',(5.888462618842,35.951647644307));
#3982 = CARTESIAN_POINT('',(5.989668093276,35.98120319263));
#3983 = CARTESIAN_POINT('',(6.030556129691,35.991760992543));
#3984 = CARTESIAN_POINT('',(6.071945783333,36.000896535997));
#3985 = CARTESIAN_POINT('',(6.113738436591,36.008418984967));
#3986 = CARTESIAN_POINT('',(6.155843389877,36.014174797734));
#3987 = CARTESIAN_POINT('',(6.198175052223,36.018055092745));
#3988 = CARTESIAN_POINT('',(6.24065020049,36.02));
#3989 = CARTESIAN_POINT('',(6.28318530718,36.02));
#3990 = ( GEOMETRIC_REPRESENTATION_CONTEXT(2) 
PARAMETRIC_REPRESENTATION_CONTEXT() REPRESENTATION_CONTEXT('2D SPACE',''
  ) );
#3991 = ADVANCED_FACE('',(#3992,#4046,#4397),#2755,.T.);
#3992 = FACE_BOUND('',#3993,.T.);
#3993 = EDGE_LOOP('',(#3994,#3995,#4018,#4045));
#3994 = ORIENTED_EDGE('',*,*,#2676,.T.);
#3995 = ORIENTED_EDGE('',*,*,#3996,.T.);
#3996 = EDGE_CURVE('',#2677,#3997,#3999,.T.);
#3997 = VERTEX_POINT('',#3998);
#3998 = CARTESIAN_POINT('',(2.204364238465E-15,44.547727214752,
    -57.27564927611));
#3999 = SEAM_CURVE('',#4000,(#4004,#4011),.PCURVE_S1.);
#4000 = LINE('',#4001,#4002);
#4001 = CARTESIAN_POINT('',(2.204364238465E-15,-6.363961030679,
    -6.363961030679));
#4002 = VECTOR('',#4003,1.);
#4003 = DIRECTION('',(0.,0.707106781187,-0.707106781187));
#4004 = PCURVE('',#2755,#4005);
#4005 = DEFINITIONAL_REPRESENTATION('',(#4006),#4010);
#4006 = LINE('',#4007,#4008);
#4007 = CARTESIAN_POINT('',(0.,-0.));
#4008 = VECTOR('',#4009,1.);
#4009 = DIRECTION('',(0.,1.));
#4010 = ( GEOMETRIC_REPRESENTATION_CONTEXT(2) 
PARAMETRIC_REPRESENTATION_CONTEXT() REPRESENTATION_CONTEXT('2D SPACE',''
  ) );
#4011 = PCURVE('',#2755,#4012);
#4012 = DEFINITIONAL_REPRESENTATION('',(#4013),#4017);
#4013 = LINE('',#4014,#4015);
#4014 = CARTESIAN_POINT('',(6.28318530718,-0.));
#4015 = VECTOR('',#4016,1.);
#4016 = DIRECTION('',(0.,1.));
#4017 = ( GEOMETRIC_REPRESENTATION_CONTEXT(2) 
PARAMETRIC_REPRESENTATION_CONTEXT() REPRESENTATION_CONTEXT('2D SPACE',''
  ) );
#4018 = ORIENTED_EDGE('',*,*,#4019,.F.);
#4019 = EDGE_CURVE('',#3997,#3997,#4020,.T.);
#4020 = SURFACE_CURVE('',#4021,(#4026,#4033),.PCURVE_S1.);
#4021 = CIRCLE('',#4022,9.);
#4022 = AXIS2_PLACEMENT_3D('',#4023,#4024,#4025);
#4023 = CARTESIAN_POINT('',(0.,50.911688245431,-50.91168824543));
#4024 = DIRECTION('',(0.,0.707106781187,-0.707106781187));
#4025 = DIRECTION('',(0.,-0.707106781187,-0.707106781187));
#4026 = PCURVE('',#2755,#4027);
#4027 = DEFINITIONAL_REPRESENTATION('',(#4028),#4032);
#4028 = LINE('',#4029,#4030);
#4029 = CARTESIAN_POINT('',(0.,72.));
#4030 = VECTOR('',#4031,1.);
#4031 = DIRECTION('',(1.,0.));
#4032 = ( GEOMETRIC_REPRESENTATION_CONTEXT(2) 
PARAMETRIC_REPRESENTATION_CONTEXT() REPRESENTATION_CONTEXT('2D SPACE',''
  ) );
#4033 = PCURVE('',#4034,#4039);
#4034 = PLANE('',#4035);
#4035 = AXIS2_PLACEMENT_3D('',#4036,#4037,#4038);
#4036 = CARTESIAN_POINT('',(0.,50.911688245431,-50.91168824543));
#4037 = DIRECTION('',(0.,0.707106781187,-0.707106781187));
#4038 = DIRECTION('',(0.,-0.707106781187,-0.707106781187));
#4039 = DEFINITIONAL_REPRESENTATION('',(#4040),#4044);
#4040 = CIRCLE('',#4041,9.);
#4041 = AXIS2_PLACEMENT_2D('',#4042,#4043);
#4042 = CARTESIAN_POINT('',(0.,0.));
#4043 = DIRECTION('',(1.,0.));
#4044 = ( GEOMETRIC_REPRESENTATION_CONTEXT(2) 
PARAMETRIC_REPRESENTATION_CONTEXT() REPRESENTATION_CONTEXT('2D SPACE',''
  ) );
#4045 = ORIENTED_EDGE('',*,*,#3996,.F.);
#4046 = FACE_BOUND('',#4047,.T.);
#4047 = EDGE_LOOP('',(#4048));
#4048 = ORIENTED_EDGE('',*,*,#4049,.F.);
#4049 = EDGE_CURVE('',#4050,#4050,#4052,.T.);
#4050 = VERTEX_POINT('',#4051);
#4051 = CARTESIAN_POINT('',(8.653034149938,45.254833995939,
    -41.75483399593));
#4052 = SURFACE_CURVE('',#4053,(#4164,#4278),.PCURVE_S1.);
#4053 = B_SPLINE_CURVE_WITH_KNOTS('',7,(#4054,#4055,#4056,#4057,#4058,
    #4059,#4060,#4061,#4062,#4063,#4064,#4065,#4066,#4067,#4068,#4069,
    #4070,#4071,#4072,#4073,#4074,#4075,#4076,#4077,#4078,#4079,#4080,
    #4081,#4082,#4083,#4084,#4085,#4086,#4087,#4088,#4089,#4090,#4091,
    #4092,#4093,#4094,#4095,#4096,#4097,#4098,#4099,#4100,#4101,#4102,
    #4103,#4104,#4105,#4106,#4107,#4108,#4109,#4110,#4111,#4112,#4113,
    #4114,#4115,#4116,#4117,#4118,#4119,#4120,#4121,#4122,#4123,#4124,
    #4125,#4126,#4127,#4128,#4129,#4130,#4131,#4132,#4133,#4134,#4135,
    #4136,#4137,#4138,#4139,#4140,#4141,#4142,#4143,#4144,#4145,#4146,
    #4147,#4148,#4149,#4150,#4151,#4152,#4153,#4154,#4155,#4156,#4157,
    #4158,#4159,#4160,#4161,#4162,#4163),.UNSPECIFIED.,.T.,.F.,(8,6,6,6,
    6,6,6,6,6,6,6,6,6,6,6,6,6,6,8),(0.,5.645703695572E-02,0.113686961046
    ,0.153456795912,0.210377792124,0.236127535975,0.256456382551,
    0.288389626779,0.362450662242,0.427373744455,0.470620200928,
    0.517474976366,0.549111146619,0.585581510915,0.637455014603,
    0.670687119134,0.707465874514,0.866694381422,1.),.UNSPECIFIED.);
#4054 = CARTESIAN_POINT('',(8.653034149938,45.254833995939,
    -41.75483399593));
#4055 = CARTESIAN_POINT('',(8.688086910787,45.081512432125,
    -41.75483399593));
#4056 = CARTESIAN_POINT('',(8.723613390926,44.905029597852,
    -41.76484752067));
#4057 = CARTESIAN_POINT('',(8.759098436582,44.725809050428,
    -41.78553169965));
#4058 = CARTESIAN_POINT('',(8.793953568676,44.544370359534,
    -41.81759647329));
#4059 = CARTESIAN_POINT('',(8.827512661251,44.361354142946,
    -41.86179889487));
#4060 = CARTESIAN_POINT('',(8.859037604125,44.177551239659,
    -41.9189376195));
#4061 = CARTESIAN_POINT('',(8.916823143453,43.807807140318,
    -42.06172828597));
#4062 = CARTESIAN_POINT('',(8.943148272477,43.620959051491,
    -42.1481120235));
#4063 = CARTESIAN_POINT('',(8.965559562786,43.436148642472,
    -42.2494483917));
#4064 = CARTESIAN_POINT('',(8.983041066315,43.255923645152,
    -42.36563988305));
#4065 = CARTESIAN_POINT('',(8.994833698521,43.08259935198,-42.4961100854
    ));
#4066 = CARTESIAN_POINT('',(9.000506097592,42.918220560192,
    -42.63985948316));
#4067 = CARTESIAN_POINT('',(8.999603060886,42.657692358372,
    -42.90367167702));
#4068 = CARTESIAN_POINT('',(8.996238115023,42.556555864361,
    -43.01704556116));
#4069 = CARTESIAN_POINT('',(8.989903506082,42.461655504845,
    -43.13499359835));
#4070 = CARTESIAN_POINT('',(8.980717711345,42.373436581283,
    -43.25677859471));
#4071 = CARTESIAN_POINT('',(8.96889024444,42.292224637089,
    -43.38157360547));
#4072 = CARTESIAN_POINT('',(8.954711044156,42.218214581243,
    -43.50847017058));
#4073 = CARTESIAN_POINT('',(8.915374732538,42.055911333056,
    -43.81970576582));
#4074 = CARTESIAN_POINT('',(8.888127792374,41.97525364682,
    -44.00515792878));
#4075 = CARTESIAN_POINT('',(8.857628796166,41.908803461102,
    -44.19151750955));
#4076 = CARTESIAN_POINT('',(8.824715911802,41.855849348203,
    -44.3776285724));
#4077 = CARTESIAN_POINT('',(8.79019255391,41.815650694106,
    -44.56247578231));
#4078 = CARTESIAN_POINT('',(8.754802028873,41.7874391276,-44.74516227173
    ));
#4079 = CARTESIAN_POINT('',(8.703111579339,41.762721474992,
    -45.0061976827));
#4080 = CARTESIAN_POINT('',(8.686954630391,41.757305535468,
    -45.08697848756));
#4081 = CARTESIAN_POINT('',(8.670795501069,41.754103741648,
    -45.16719401772));
#4082 = CARTESIAN_POINT('',(8.65468555383,41.753051169489,
    -45.24680835984));
#4083 = CARTESIAN_POINT('',(8.638672949677,41.754086779188,
    -45.32579015661));
#4084 = CARTESIAN_POINT('',(8.622802648167,41.757153415169,
    -45.40411260672));
#4085 = CARTESIAN_POINT('',(8.594732471326,41.766180239853,
    -45.54304918505));
#4086 = CARTESIAN_POINT('',(8.582463458392,41.771395305297,
    -45.60391925687));
#4087 = CARTESIAN_POINT('',(8.570330037243,41.777816887595,
    -45.66435219516));
#4088 = CARTESIAN_POINT('',(8.558351955161,41.785420214983,
    -45.72433712724));
#4089 = CARTESIAN_POINT('',(8.546548038065,41.794181858766,
    -45.78386379287));
#4090 = CARTESIAN_POINT('',(8.53493619051,41.804079733321,
    -45.84292254428));
#4091 = CARTESIAN_POINT('',(8.505621497419,41.832393261245,
    -45.99352663488));
#4092 = CARTESIAN_POINT('',(8.48822471618,41.852446526873,-46.0843759087
    ));
#4093 = CARTESIAN_POINT('',(8.471410002103,41.875171893202,
    -46.17401227209));
#4094 = CARTESIAN_POINT('',(8.455239044885,41.900494603884,
    -46.2623984992));
#4095 = CARTESIAN_POINT('',(8.439768425203,41.92834609962,
    -46.34950000927));
#4096 = CARTESIAN_POINT('',(8.425049766129,41.958663971806,
    -46.43528484187));
#4097 = CARTESIAN_POINT('',(8.378846260748,42.067296056374,
    -46.71555792327));
#4098 = CARTESIAN_POINT('',(8.35084727322,42.156191659454,
    -46.90422314603));
#4099 = CARTESIAN_POINT('',(8.327754392173,42.257322672153,
    -47.08515699046));
#4100 = CARTESIAN_POINT('',(8.310037993753,42.370018111222,
    -47.25784608214));
#4101 = CARTESIAN_POINT('',(8.298016649122,42.493677849035,
    -47.42179901894));
#4102 = CARTESIAN_POINT('',(8.291856413534,42.627758399213,
    -47.57651940765));
#4103 = CARTESIAN_POINT('',(8.291319141928,42.897991659351,
    -47.8485526989));
#4104 = CARTESIAN_POINT('',(8.29558219569,43.031775357861,
    -47.96805310331));
#4105 = CARTESIAN_POINT('',(8.304359525908,43.172748018954,
    -48.07963216639));
#4106 = CARTESIAN_POINT('',(8.31755907866,43.320564652678,
    -48.18292064363));
#4107 = CARTESIAN_POINT('',(8.334997147462,43.474883997928,
    -48.27752066683));
#4108 = CARTESIAN_POINT('',(8.356399023835,43.635355462422,
    -48.36299841733));
#4109 = CARTESIAN_POINT('',(8.398053022335,43.912348638392,
    -48.48942078207));
#4110 = CARTESIAN_POINT('',(8.416303917478,44.025660041085,
    -48.53570773526));
#4111 = CARTESIAN_POINT('',(8.436050674055,44.141468552662,
    -48.57761263406));
#4112 = CARTESIAN_POINT('',(8.457175771426,44.259695146955,
    -48.61499143734));
#4113 = CARTESIAN_POINT('',(8.479545266134,44.380253313081,
    -48.64768088198));
#4114 = CARTESIAN_POINT('',(8.503008230482,44.503048878812,
    -48.67549827737));
#4115 = CARTESIAN_POINT('',(8.553818989922,44.763334550258,
    -48.72288191284));
#4116 = CARTESIAN_POINT('',(8.581327981915,44.901198210236,-48.741566185
    ));
#4117 = CARTESIAN_POINT('',(8.609715754312,45.041473994687,
    -48.7540414459));
#4118 = CARTESIAN_POINT('',(8.63874886612,45.184042724978,
    -48.76001339161));
#4119 = CARTESIAN_POINT('',(8.66816388068,45.328751680511,-48.7591458824
    ));
#4120 = CARTESIAN_POINT('',(8.697663398215,45.475403416199,
    -48.75106074065));
#4121 = CARTESIAN_POINT('',(8.746660695282,45.723903982429,
    -48.72472130797));
#4122 = CARTESIAN_POINT('',(8.7662990825,45.824854382165,-48.71062080774
    ));
#4123 = CARTESIAN_POINT('',(8.785719274778,45.926493663687,
    -48.69290640581));
#4124 = CARTESIAN_POINT('',(8.804805311627,46.028706271772,
    -48.67144506225));
#4125 = CARTESIAN_POINT('',(8.823433976694,46.131362854434,
    -48.64610035205));
#4126 = CARTESIAN_POINT('',(8.84147552713,46.234319905928,
    -48.61673247776));
#4127 = CARTESIAN_POINT('',(8.878759748551,46.45627312792,
    -48.54453986301));
#4128 = CARTESIAN_POINT('',(8.897784709777,46.575435007453,
    -48.50030567957));
#4129 = CARTESIAN_POINT('',(8.915620349088,46.694438401361,
    -48.45032980406));
#4130 = CARTESIAN_POINT('',(8.932022544931,46.812819595562,
    -48.39448836601));
#4131 = CARTESIAN_POINT('',(8.946758455711,46.930116652245,
    -48.33269786288));
#4132 = CARTESIAN_POINT('',(8.95961296377,47.045868253222,
    -48.26491347059));
#4133 = CARTESIAN_POINT('',(8.985731083195,47.321396363222,
    -48.08617791215));
#4134 = CARTESIAN_POINT('',(8.996871948576,47.479092545619,
    -47.96910424803));
#4135 = CARTESIAN_POINT('',(9.003179169694,47.630410496561,
    -47.84051783112));
#4136 = CARTESIAN_POINT('',(9.004280389185,47.773387753685,
    -47.70150384174));
#4137 = CARTESIAN_POINT('',(9.00012981382,47.906419065798,
    -47.55356064962));
#4138 = CARTESIAN_POINT('',(8.991012381607,48.028300807753,
    -47.39855431874));
#4139 = CARTESIAN_POINT('',(8.96882987954,48.208754384487,
    -47.13627189086));
#4140 = CARTESIAN_POINT('',(8.958364892572,48.274304909795,
    -47.03190814393));
#4141 = CARTESIAN_POINT('',(8.946230043984,48.334900460262,
    -46.92596922261));
#4142 = CARTESIAN_POINT('',(8.932580965342,48.390531912599,
    -46.81883427664));
#4143 = CARTESIAN_POINT('',(8.917591185681,48.44122417698,
    -46.71088998597));
#4144 = CARTESIAN_POINT('',(8.901447681969,48.487037507567,
    -46.60253126584));
#4145 = CARTESIAN_POINT('',(8.865420069455,48.573479128409,
    -46.37422711354));
#4146 = CARTESIAN_POINT('',(8.845308133401,48.613062313742,-46.25420072)
  );
#4147 = CARTESIAN_POINT('',(8.824231552408,48.647036497309,
    -46.13436452764));
#4148 = CARTESIAN_POINT('',(8.802403104288,48.675617071642,
    -46.01497371037));
#4149 = CARTESIAN_POINT('',(8.780025330249,48.699016757999,
    -45.89625776574));
#4150 = CARTESIAN_POINT('',(8.757288451463,48.717445670826,
    -45.7784214009));
#4151 = CARTESIAN_POINT('',(8.635138615012,48.790275179327,
    -45.15608004239));
#4152 = CARTESIAN_POINT('',(8.531871761356,48.760517425006,
    -44.6673250525));
#4153 = CARTESIAN_POINT('',(8.438035640677,48.657133955832,
    -44.20667186662));
#4154 = CARTESIAN_POINT('',(8.362844865363,48.49103751737,
    -43.77913974211));
#4155 = CARTESIAN_POINT('',(8.311898561672,48.269869058722,
    -43.38831570638));
#4156 = CARTESIAN_POINT('',(8.288126077341,47.998521770568,
    -43.03726019209));
#4157 = CARTESIAN_POINT('',(8.29498130176,47.412815234651,
    -42.47452610673));
#4158 = CARTESIAN_POINT('',(8.317354518586,47.115058185464,
    -42.25177401432));
#4159 = CARTESIAN_POINT('',(8.358542068009,46.789287663733,
    -42.06476360168));
#4160 = CARTESIAN_POINT('',(8.416751357902,46.43763536876,
    -41.91651920287));
#4161 = CARTESIAN_POINT('',(8.488781413751,46.062376846819,
    -41.81130095342));
#4162 = CARTESIAN_POINT('',(8.5697949282,45.666417897833,-41.75483399593
    ));
#4163 = CARTESIAN_POINT('',(8.653034149938,45.254833995939,
    -41.75483399593));
#4164 = PCURVE('',#2755,#4165);
#4165 = DEFINITIONAL_REPRESENTATION('',(#4166),#4277);
#4166 = B_SPLINE_CURVE_WITH_KNOTS('',7,(#4167,#4168,#4169,#4170,#4171,
    #4172,#4173,#4174,#4175,#4176,#4177,#4178,#4179,#4180,#4181,#4182,
    #4183,#4184,#4185,#4186,#4187,#4188,#4189,#4190,#4191,#4192,#4193,
    #4194,#4195,#4196,#4197,#4198,#4199,#4200,#4201,#4202,#4203,#4204,
    #4205,#4206,#4207,#4208,#4209,#4210,#4211,#4212,#4213,#4214,#4215,
    #4216,#4217,#4218,#4219,#4220,#4221,#4222,#4223,#4224,#4225,#4226,
    #4227,#4228,#4229,#4230,#4231,#4232,#4233,#4234,#4235,#4236,#4237,
    #4238,#4239,#4240,#4241,#4242,#4243,#4244,#4245,#4246,#4247,#4248,
    #4249,#4250,#4251,#4252,#4253,#4254,#4255,#4256,#4257,#4258,#4259,
    #4260,#4261,#4262,#4263,#4264,#4265,#4266,#4267,#4268,#4269,#4270,
    #4271,#4272,#4273,#4274,#4275,#4276),.UNSPECIFIED.,.T.,.F.,(8,6,6,6,
    6,6,6,6,6,6,6,6,6,6,6,6,6,6,8),(0.,5.645703695572E-02,0.113686961046
    ,0.153456795912,0.210377792124,0.236127535975,0.256456382551,
    0.288389626779,0.362450662242,0.427373744455,0.470620200928,
    0.517474976366,0.549111146619,0.585581510915,0.637455014603,
    0.670687119134,0.707465874514,0.866694381422,1.),.UNSPECIFIED.);
#4167 = CARTESIAN_POINT('',(4.433813870113,61.525126265847));
#4168 = CARTESIAN_POINT('',(4.447977324339,61.402569412748));
#4169 = CARTESIAN_POINT('',(4.463150454077,61.284857835112));
#4170 = CARTESIAN_POINT('',(4.479339819385,61.172755693922));
#4171 = CARTESIAN_POINT('',(4.496549402509,61.0671323841));
#4172 = CARTESIAN_POINT('',(4.514779393283,60.968976208326));
#4173 = CARTESIAN_POINT('',(4.534024949896,60.879411108669));
#4174 = CARTESIAN_POINT('',(4.574802139059,60.718930797273));
#4175 = CARTESIAN_POINT('',(4.596462057513,60.647891773202));
#4176 = CARTESIAN_POINT('',(4.619069585709,60.588866712886));
#4177 = CARTESIAN_POINT('',(4.642423081183,60.543588186591));
#4178 = CARTESIAN_POINT('',(4.666311548679,60.513285768366));
#4179 = CARTESIAN_POINT('',(4.690518799013,60.498698583958));
#4180 = CARTESIAN_POINT('',(4.731714993363,60.501020716998));
#4181 = CARTESIAN_POINT('',(4.74856938349,60.509673858545));
#4182 = CARTESIAN_POINT('',(4.765301859081,60.525971027714));
#4183 = CARTESIAN_POINT('',(4.78182723547,60.549705825411));
#4184 = CARTESIAN_POINT('',(4.798061422682,60.580523707323));
#4185 = CARTESIAN_POINT('',(4.813922150398,60.61792011666));
#4186 = CARTESIAN_POINT('',(4.851382724492,60.723231189196));
#4187 = CARTESIAN_POINT('',(4.872500714197,60.79733207432));
#4188 = CARTESIAN_POINT('',(4.892640586948,60.882120820687));
#4189 = CARTESIAN_POINT('',(4.911767559071,60.976277002963));
#4190 = CARTESIAN_POINT('',(4.929854542122,61.078558977664));
#4191 = CARTESIAN_POINT('',(4.946881871603,61.187789243182));
#4192 = CARTESIAN_POINT('',(4.970055747179,61.354891132636));
#4193 = CARTESIAN_POINT('',(4.977061653535,61.408182139978));
#4194 = CARTESIAN_POINT('',(4.983856658265,61.462639075185));
#4195 = CARTESIAN_POINT('',(4.990442014964,61.518190635469));
#4196 = CARTESIAN_POINT('',(4.996818990919,61.574771486196));
#4197 = CARTESIAN_POINT('',(5.00298886711,61.632322260886));
#4198 = CARTESIAN_POINT('',(5.013661438898,61.736948186521));
#4199 = CARTESIAN_POINT('',(5.018241611444,61.783677435217));
#4200 = CARTESIAN_POINT('',(5.022694047735,61.830950720083));
#4201 = CARTESIAN_POINT('',(5.027019281485,61.878742836679));
#4202 = CARTESIAN_POINT('',(5.03121778824,61.927029963338));
#4203 = CARTESIAN_POINT('',(5.035289985382,61.97578966117));
#4204 = CARTESIAN_POINT('',(5.045435130843,62.102303522501));
#4205 = CARTESIAN_POINT('',(5.051323519827,62.180723460196));
#4206 = CARTESIAN_POINT('',(5.056902456117,62.260175201221));
#4207 = CARTESIAN_POINT('',(5.062172748131,62.340579562217));
#4208 = CARTESIAN_POINT('',(5.067134989226,62.421863612141));
#4209 = CARTESIAN_POINT('',(5.071789591254,62.503960622007));
#4210 = CARTESIAN_POINT('',(5.086219104822,62.778958102107));
#4211 = CARTESIAN_POINT('',(5.094651767258,62.975223244248));
#4212 = CARTESIAN_POINT('',(5.10142585538,63.174673217455));
#4213 = CARTESIAN_POINT('',(5.106533893079,63.376470554397));
#4214 = CARTESIAN_POINT('',(5.109970013568,63.579843426973));
#4215 = CARTESIAN_POINT('',(5.111730094767,63.78405652927));
#4216 = CARTESIAN_POINT('',(5.111883601785,64.167496884971));
#4217 = CARTESIAN_POINT('',(5.110665562817,64.346595791712));
#4218 = CARTESIAN_POINT('',(5.108158636337,64.525176828472));
#4219 = CARTESIAN_POINT('',(5.104365207007,64.702734955229));
#4220 = CARTESIAN_POINT('',(5.099289119511,64.878747528626));
#4221 = CARTESIAN_POINT('',(5.092935612493,65.052659886374));
#4222 = CARTESIAN_POINT('',(5.080232526357,65.337917750847));
#4223 = CARTESIAN_POINT('',(5.074589703876,65.450770830555));
#4224 = CARTESIAN_POINT('',(5.068382772924,65.562291052523));
#4225 = CARTESIAN_POINT('',(5.061611321908,65.672320684331));
#4226 = CARTESIAN_POINT('',(5.054274397845,65.780683109109));
#4227 = CARTESIAN_POINT('',(5.046370364454,65.887182555249));
#4228 = CARTESIAN_POINT('',(5.028716150906,66.104737608532));
#4229 = CARTESIAN_POINT('',(5.018866784552,66.21543371293));
#4230 = CARTESIAN_POINT('',(5.008343133675,66.323445012933));
#4231 = CARTESIAN_POINT('',(4.99713840254,66.428479132212));
#4232 = CARTESIAN_POINT('',(4.985245057188,66.530190394321));
#4233 = CARTESIAN_POINT('',(4.972655355443,66.628171772543));
#4234 = CARTESIAN_POINT('',(4.950386169619,66.785263416594));
#4235 = CARTESIAN_POINT('',(4.941087752374,66.84667556948));
#4236 = CARTESIAN_POINT('',(4.931466280354,66.906019420951));
#4237 = CARTESIAN_POINT('',(4.921522007863,66.963119187683));
#4238 = CARTESIAN_POINT('',(4.91125572758,67.017786936963));
#4239 = CARTESIAN_POINT('',(4.900668709803,67.069822343189));
#4240 = CARTESIAN_POINT('',(4.877190061819,67.175719084121));
#4241 = CARTESIAN_POINT('',(4.864180875869,67.22870096613));
#4242 = CARTESIAN_POINT('',(4.850760013715,67.277510792476));
#4243 = CARTESIAN_POINT('',(4.836954235165,67.321733078147));
#4244 = CARTESIAN_POINT('',(4.822792080869,67.360982138561));
#4245 = CARTESIAN_POINT('',(4.808303823224,67.394900077101));
#4246 = CARTESIAN_POINT('',(4.772495710413,67.463342746679));
#4247 = CARTESIAN_POINT('',(4.750878418085,67.492067204823));
#4248 = CARTESIAN_POINT('',(4.728887502791,67.50814082668));
#4249 = CARTESIAN_POINT('',(4.706745627729,67.510943280177));
#4250 = CARTESIAN_POINT('',(4.684677202582,67.500398988709));
#4251 = CARTESIAN_POINT('',(4.662905600372,67.476976367255));
#4252 = CARTESIAN_POINT('',(4.628033763015,67.41911463171));
#4253 = CARTESIAN_POINT('',(4.614635246508,67.391669539505));
#4254 = CARTESIAN_POINT('',(4.601484349745,67.359606934488));
#4255 = CARTESIAN_POINT('',(4.588609229205,67.323188464889));
#4256 = CARTESIAN_POINT('',(4.576036844332,67.282705168862));
#4257 = CARTESIAN_POINT('',(4.563792957918,67.238478899784));
#4258 = CARTESIAN_POINT('',(4.53874228342,67.138166941791));
#4259 = CARTESIAN_POINT('',(4.526006221248,67.081285003773));
#4260 = CARTESIAN_POINT('',(4.513699078806,67.020571395105));
#4261 = CARTESIAN_POINT('',(4.501825082376,66.956358856522));
#4262 = CARTESIAN_POINT('',(4.49038742769,66.888960083939));
#4263 = CARTESIAN_POINT('',(4.479388151926,66.818668400524));
#4264 = CARTESIAN_POINT('',(4.423109321212,66.430104845036));
#4265 = CARTESIAN_POINT('',(4.385344370973,66.063460967478));
#4266 = CARTESIAN_POINT('',(4.355432537042,65.664626823852));
#4267 = CARTESIAN_POINT('',(4.333260162828,65.244868041462));
#4268 = CARTESIAN_POINT('',(4.318778570946,64.812123998655));
#4269 = CARTESIAN_POINT('',(4.311981850381,64.372018756416));
#4270 = CARTESIAN_POINT('',(4.313940877741,63.55994860532));
#4271 = CARTESIAN_POINT('',(4.320336696749,63.191893061628));
#4272 = CARTESIAN_POINT('',(4.332160309851,62.829302185677));
#4273 = CARTESIAN_POINT('',(4.349398771092,62.475821843609));
#4274 = CARTESIAN_POINT('',(4.372060135458,62.136073460354));
#4275 = CARTESIAN_POINT('',(4.400180145455,61.816160033904));
#4276 = CARTESIAN_POINT('',(4.433813870113,61.525126265847));
#4277 = ( GEOMETRIC_REPRESENTATION_CONTEXT(2) 
PARAMETRIC_REPRESENTATION_CONTEXT() REPRESENTATION_CONTEXT('2D SPACE',''
  ) );
#4278 = PCURVE('',#4279,#4284);
#4279 = CYLINDRICAL_SURFACE('',#4280,3.5);
#4280 = AXIS2_PLACEMENT_3D('',#4281,#4282,#4283);
#4281 = CARTESIAN_POINT('',(-10.,45.254833995939,-45.25483399593));
#4282 = DIRECTION('',(1.,-0.,0.));
#4283 = DIRECTION('',(-0.,0.,1.));
#4284 = DEFINITIONAL_REPRESENTATION('',(#4285),#4396);
#4285 = B_SPLINE_CURVE_WITH_KNOTS('',7,(#4286,#4287,#4288,#4289,#4290,
    #4291,#4292,#4293,#4294,#4295,#4296,#4297,#4298,#4299,#4300,#4301,
    #4302,#4303,#4304,#4305,#4306,#4307,#4308,#4309,#4310,#4311,#4312,
    #4313,#4314,#4315,#4316,#4317,#4318,#4319,#4320,#4321,#4322,#4323,
    #4324,#4325,#4326,#4327,#4328,#4329,#4330,#4331,#4332,#4333,#4334,
    #4335,#4336,#4337,#4338,#4339,#4340,#4341,#4342,#4343,#4344,#4345,
    #4346,#4347,#4348,#4349,#4350,#4351,#4352,#4353,#4354,#4355,#4356,
    #4357,#4358,#4359,#4360,#4361,#4362,#4363,#4364,#4365,#4366,#4367,
    #4368,#4369,#4370,#4371,#4372,#4373,#4374,#4375,#4376,#4377,#4378,
    #4379,#4380,#4381,#4382,#4383,#4384,#4385,#4386,#4387,#4388,#4389,
    #4390,#4391,#4392,#4393,#4394,#4395),.UNSPECIFIED.,.F.,.F.,(8,6,6,6,
    6,6,6,6,6,6,6,6,6,6,6,6,6,6,8),(0.,5.645703695572E-02,0.113686961046
    ,0.153456795912,0.210377792124,0.236127535975,0.256456382551,
    0.288389626779,0.362450662242,0.427373744455,0.470620200928,
    0.517474976366,0.549111146619,0.585581510915,0.637455014603,
    0.670687119134,0.707465874514,0.866694381422,1.),.UNSPECIFIED.);
#4286 = CARTESIAN_POINT('',(-8.881784197001E-16,18.653034149938));
#4287 = CARTESIAN_POINT('',(4.952044680414E-02,18.688086910787));
#4288 = CARTESIAN_POINT('',(9.994414373635E-02,18.723613390926));
#4289 = CARTESIAN_POINT('',(0.151348261949,18.759098436582));
#4290 = CARTESIAN_POINT('',(0.203815614538,18.793953568676));
#4291 = CARTESIAN_POINT('',(0.257435001243,18.827512661251));
#4292 = CARTESIAN_POINT('',(0.312305243635,18.859037604125));
#4293 = CARTESIAN_POINT('',(0.425550461917,18.916823143453));
#4294 = CARTESIAN_POINT('',(0.484242475491,18.943148272477));
#4295 = CARTESIAN_POINT('',(0.544233193584,18.965559562786));
#4296 = CARTESIAN_POINT('',(0.605216350972,18.983041066315));
#4297 = CARTESIAN_POINT('',(0.666935611298,18.994833698521));
#4298 = CARTESIAN_POINT('',(0.729159548471,19.000506097592));
#4299 = CARTESIAN_POINT('',(0.835094383108,18.999603060886));
#4300 = CARTESIAN_POINT('',(0.878446654378,18.996238115023));
#4301 = CARTESIAN_POINT('',(0.921610683818,18.989903506082));
#4302 = CARTESIAN_POINT('',(0.964478730425,18.980717711345));
#4303 = CARTESIAN_POINT('',(1.006937482653,18.96889024444));
#4304 = CARTESIAN_POINT('',(1.048862535193,18.954711044156));
#4305 = CARTESIAN_POINT('',(1.149151888043,18.915374732538));
#4306 = CARTESIAN_POINT('',(1.206789487625,18.888127792374));
#4307 = CARTESIAN_POINT('',(1.263115980305,18.857628796166));
#4308 = CARTESIAN_POINT('',(1.318197310996,18.824715911802));
#4309 = CARTESIAN_POINT('',(1.372082365561,18.79019255391));
#4310 = CARTESIAN_POINT('',(1.424805946404,18.754802028873));
#4311 = CARTESIAN_POINT('',(1.499721108289,18.703111579339));
#4312 = CARTESIAN_POINT('',(1.522844552493,18.686954630391));
#4313 = CARTESIAN_POINT('',(1.545768149624,18.670795501069));
#4314 = CARTESIAN_POINT('',(1.568502580666,18.65468555383));
#4315 = CARTESIAN_POINT('',(1.591058412013,18.638672949677));
#4316 = CARTESIAN_POINT('',(1.613446095469,18.622802648167));
#4317 = CARTESIAN_POINT('',(1.653225955372,18.594732471326));
#4318 = CARTESIAN_POINT('',(1.670677446145,18.582463458392));
#4319 = CARTESIAN_POINT('',(1.688035442357,18.570330037243));
#4320 = CARTESIAN_POINT('',(1.705304787825,18.558351955161));
#4321 = CARTESIAN_POINT('',(1.722490168385,18.546548038065));
#4322 = CARTESIAN_POINT('',(1.739596111897,18.53493619051));
#4323 = CARTESIAN_POINT('',(1.783379668561,18.505621497419));
#4324 = CARTESIAN_POINT('',(1.80994830931,18.48822471618));
#4325 = CARTESIAN_POINT('',(1.836348693501,18.471410002103));
#4326 = CARTESIAN_POINT('',(1.86259577852,18.455239044885));
#4327 = CARTESIAN_POINT('',(1.888704061097,18.439768425203));
#4328 = CARTESIAN_POINT('',(1.914687942283,18.425049766129));
#4329 = CARTESIAN_POINT('',(2.000570600701,18.378846260748));
#4330 = CARTESIAN_POINT('',(2.060010816089,18.35084727322));
#4331 = CARTESIAN_POINT('',(2.119007314699,18.327754392173));
#4332 = CARTESIAN_POINT('',(2.177677688004,18.310037993753));
#4333 = CARTESIAN_POINT('',(2.236135963934,18.298016649122));
#4334 = CARTESIAN_POINT('',(2.294496027971,18.291856413534));
#4335 = CARTESIAN_POINT('',(2.404051018892,18.291319141928));
#4336 = CARTESIAN_POINT('',(2.455212257749,18.29558219569));
#4337 = CARTESIAN_POINT('',(2.506434349704,18.304359525908));
#4338 = CARTESIAN_POINT('',(2.55779131393,18.31755907866));
#4339 = CARTESIAN_POINT('',(2.609357178798,18.334997147462));
#4340 = CARTESIAN_POINT('',(2.661207560779,18.356399023835));
#4341 = CARTESIAN_POINT('',(2.748201735504,18.398053022335));
#4342 = CARTESIAN_POINT('',(2.783144885093,18.416303917478));
#4343 = CARTESIAN_POINT('',(2.818286015372,18.436050674055));
#4344 = CARTESIAN_POINT('',(2.853659045341,18.457175771426));
#4345 = CARTESIAN_POINT('',(2.889298023164,18.479545266134));
#4346 = CARTESIAN_POINT('',(2.925238659585,18.503008230482));
#4347 = CARTESIAN_POINT('',(3.000828227849,18.553818989922));
#4348 = CARTESIAN_POINT('',(3.040536981013,18.581327981915));
#4349 = CARTESIAN_POINT('',(3.080705430532,18.609715754312));
#4350 = CARTESIAN_POINT('',(3.121393037596,18.63874886612));
#4351 = CARTESIAN_POINT('',(3.162660564374,18.66816388068));
#4352 = CARTESIAN_POINT('',(3.204571223495,18.697663398215));
#4353 = CARTESIAN_POINT('',(3.275969100975,18.746660695282));
#4354 = CARTESIAN_POINT('',(3.305076030935,18.7662990825));
#4355 = CARTESIAN_POINT('',(3.334526480152,18.785719274778));
#4356 = CARTESIAN_POINT('',(3.36433451068,18.804805311627));
#4357 = CARTESIAN_POINT('',(3.394514976394,18.823433976694));
#4358 = CARTESIAN_POINT('',(3.425084115501,18.84147552713));
#4359 = CARTESIAN_POINT('',(3.491769490931,18.878759748551));
#4360 = CARTESIAN_POINT('',(3.528055297331,18.897784709777));
#4361 = CARTESIAN_POINT('',(3.564879906832,18.915620349088));
#4362 = CARTESIAN_POINT('',(3.602213327204,18.932022544931));
#4363 = CARTESIAN_POINT('',(3.640031952151,18.946758455711));
#4364 = CARTESIAN_POINT('',(3.678317284056,18.95961296377));
#4365 = CARTESIAN_POINT('',(3.772152632363,18.985731083195));
#4366 = CARTESIAN_POINT('',(3.828155998534,18.996871948576));
#4367 = CARTESIAN_POINT('',(3.884694013769,19.003179169694));
#4368 = CARTESIAN_POINT('',(3.94144073616,19.004280389185));
#4369 = CARTESIAN_POINT('',(3.998086766562,19.00012981382));
#4370 = CARTESIAN_POINT('',(4.054311193305,18.991012381607));
#4371 = CARTESIAN_POINT('',(4.14527230423,18.96882987954));
#4372 = CARTESIAN_POINT('',(4.180453630132,18.958364892572));
#4373 = CARTESIAN_POINT('',(4.215276424366,18.946230043984));
#4374 = CARTESIAN_POINT('',(4.249716964231,18.932580965342));
#4375 = CARTESIAN_POINT('',(4.283747801029,18.917591185681));
#4376 = CARTESIAN_POINT('',(4.317336465023,18.901447681969));
#4377 = CARTESIAN_POINT('',(4.387085250264,18.865420069455));
#4378 = CARTESIAN_POINT('',(4.423161291571,18.845308133401));
#4379 = CARTESIAN_POINT('',(4.45869930381,18.824231552408));
#4380 = CARTESIAN_POINT('',(4.493722269779,18.802403104288));
#4381 = CARTESIAN_POINT('',(4.528250265171,18.780025330249));
#4382 = CARTESIAN_POINT('',(4.562301578183,18.757288451463));
#4383 = CARTESIAN_POINT('',(4.741326808152,18.635138615012));
#4384 = CARTESIAN_POINT('',(4.879037654917,18.531871761356));
#4385 = CARTESIAN_POINT('',(5.011343990686,18.438035640677));
#4386 = CARTESIAN_POINT('',(5.139850134004,18.362844865363));
#4387 = CARTESIAN_POINT('',(5.266075555671,18.311898561672));
#4388 = CARTESIAN_POINT('',(5.391472140404,18.288126077341));
#4389 = CARTESIAN_POINT('',(5.623538597642,18.29498130176));
#4390 = CARTESIAN_POINT('',(5.728979194277,18.317354518586));
#4391 = CARTESIAN_POINT('',(5.835048893006,18.358542068009));
#4392 = CARTESIAN_POINT('',(5.942587299086,18.416751357902));
#4393 = CARTESIAN_POINT('',(6.052458502516,18.488781413751));
#4394 = CARTESIAN_POINT('',(6.165589906638,18.5697949282));
#4395 = CARTESIAN_POINT('',(6.28318530718,18.653034149938));
#4396 = ( GEOMETRIC_REPRESENTATION_CONTEXT(2) 
PARAMETRIC_REPRESENTATION_CONTEXT() REPRESENTATION_CONTEXT('2D SPACE',''
  ) );
#4397 = FACE_BOUND('',#4398,.T.);
#4398 = EDGE_LOOP('',(#4399));
#4399 = ORIENTED_EDGE('',*,*,#4400,.T.);
#4400 = EDGE_CURVE('',#4401,#4401,#4403,.T.);
#4401 = VERTEX_POINT('',#4402);
#4402 = CARTESIAN_POINT('',(-8.653034149938,45.254833995939,
    -41.75483399593));
#4403 = SURFACE_CURVE('',#4404,(#4515,#4629),.PCURVE_S1.);
#4404 = B_SPLINE_CURVE_WITH_KNOTS('',7,(#4405,#4406,#4407,#4408,#4409,
    #4410,#4411,#4412,#4413,#4414,#4415,#4416,#4417,#4418,#4419,#4420,
    #4421,#4422,#4423,#4424,#4425,#4426,#4427,#4428,#4429,#4430,#4431,
    #4432,#4433,#4434,#4435,#4436,#4437,#4438,#4439,#4440,#4441,#4442,
    #4443,#4444,#4445,#4446,#4447,#4448,#4449,#4450,#4451,#4452,#4453,
    #4454,#4455,#4456,#4457,#4458,#4459,#4460,#4461,#4462,#4463,#4464,
    #4465,#4466,#4467,#4468,#4469,#4470,#4471,#4472,#4473,#4474,#4475,
    #4476,#4477,#4478,#4479,#4480,#4481,#4482,#4483,#4484,#4485,#4486,
    #4487,#4488,#4489,#4490,#4491,#4492,#4493,#4494,#4495,#4496,#4497,
    #4498,#4499,#4500,#4501,#4502,#4503,#4504,#4505,#4506,#4507,#4508,
    #4509,#4510,#4511,#4512,#4513,#4514),.UNSPECIFIED.,.T.,.F.,(8,6,6,6,
    6,6,6,6,6,6,6,6,6,6,6,6,6,6,8),(0.,5.645703720178E-02,0.113686961548
    ,0.153456796592,0.210377793059,0.236127537025,0.256456383692,
    0.288389628063,0.362450663857,0.427373748695,0.470620205344,
    0.517474980973,0.549111151342,0.585581515752,0.637455019588,
    0.67068712423,0.707465879759,0.866694383012,1.),.UNSPECIFIED.);
#4405 = CARTESIAN_POINT('',(-8.653034149938,45.254833995939,
    -41.75483399593));
#4406 = CARTESIAN_POINT('',(-8.688086910791,45.081512432104,
    -41.75483399593));
#4407 = CARTESIAN_POINT('',(-8.723613390925,44.905029597852,
    -41.76484752067));
#4408 = CARTESIAN_POINT('',(-8.759098436578,44.725809050446,
    -41.78553169965));
#4409 = CARTESIAN_POINT('',(-8.793953568673,44.544370359549,
    -41.81759647328));
#4410 = CARTESIAN_POINT('',(-8.827512661252,44.361354142941,
    -41.86179889487));
#4411 = CARTESIAN_POINT('',(-8.859037604128,44.177551239638,
    -41.91893761951));
#4412 = CARTESIAN_POINT('',(-8.916823143453,43.807807140318,
    -42.06172828597));
#4413 = CARTESIAN_POINT('',(-8.943148272477,43.620959051491,
    -42.1481120235));
#4414 = CARTESIAN_POINT('',(-8.965559562786,43.436148642472,
    -42.2494483917));
#4415 = CARTESIAN_POINT('',(-8.983041066315,43.255923645152,
    -42.36563988305));
#4416 = CARTESIAN_POINT('',(-8.994833698521,43.082599351981,
    -42.4961100854));
#4417 = CARTESIAN_POINT('',(-9.000506097592,42.918220560192,
    -42.63985948316));
#4418 = CARTESIAN_POINT('',(-8.999603060886,42.657692358372,
    -42.90367167702));
#4419 = CARTESIAN_POINT('',(-8.996238115023,42.556555864361,
    -43.01704556116));
#4420 = CARTESIAN_POINT('',(-8.989903506082,42.461655504845,
    -43.13499359835));
#4421 = CARTESIAN_POINT('',(-8.980717711345,42.373436581283,
    -43.25677859471));
#4422 = CARTESIAN_POINT('',(-8.96889024444,42.292224637089,
    -43.38157360547));
#4423 = CARTESIAN_POINT('',(-8.954711044156,42.218214581243,
    -43.50847017058));
#4424 = CARTESIAN_POINT('',(-8.915374732538,42.055911333056,
    -43.81970576582));
#4425 = CARTESIAN_POINT('',(-8.888127792374,41.97525364682,
    -44.00515792878));
#4426 = CARTESIAN_POINT('',(-8.857628796166,41.908803461102,
    -44.19151750955));
#4427 = CARTESIAN_POINT('',(-8.824715911802,41.855849348203,
    -44.3776285724));
#4428 = CARTESIAN_POINT('',(-8.79019255391,41.815650694106,
    -44.56247578231));
#4429 = CARTESIAN_POINT('',(-8.754802028873,41.7874391276,
    -44.74516227173));
#4430 = CARTESIAN_POINT('',(-8.703111579339,41.762721474992,
    -45.0061976827));
#4431 = CARTESIAN_POINT('',(-8.686954630391,41.757305535468,
    -45.08697848756));
#4432 = CARTESIAN_POINT('',(-8.670795501069,41.754103741648,
    -45.16719401772));
#4433 = CARTESIAN_POINT('',(-8.65468555383,41.753051169489,
    -45.24680835984));
#4434 = CARTESIAN_POINT('',(-8.638672949677,41.754086779188,
    -45.32579015661));
#4435 = CARTESIAN_POINT('',(-8.622802648167,41.757153415169,
    -45.40411260672));
#4436 = CARTESIAN_POINT('',(-8.594732471326,41.766180239853,
    -45.54304918505));
#4437 = CARTESIAN_POINT('',(-8.582463458392,41.771395305297,
    -45.60391925687));
#4438 = CARTESIAN_POINT('',(-8.570330037243,41.777816887595,
    -45.66435219516));
#4439 = CARTESIAN_POINT('',(-8.558351955161,41.785420214983,
    -45.72433712724));
#4440 = CARTESIAN_POINT('',(-8.546548038065,41.794181858766,
    -45.78386379287));
#4441 = CARTESIAN_POINT('',(-8.53493619051,41.804079733321,
    -45.84292254428));
#4442 = CARTESIAN_POINT('',(-8.505621497419,41.832393261245,
    -45.99352663488));
#4443 = CARTESIAN_POINT('',(-8.48822471618,41.852446526873,
    -46.0843759087));
#4444 = CARTESIAN_POINT('',(-8.471410002103,41.875171893203,
    -46.17401227209));
#4445 = CARTESIAN_POINT('',(-8.455239044885,41.900494603884,
    -46.2623984992));
#4446 = CARTESIAN_POINT('',(-8.439768425203,41.92834609962,
    -46.34950000927));
#4447 = CARTESIAN_POINT('',(-8.425049766129,41.958663971806,
    -46.43528484187));
#4448 = CARTESIAN_POINT('',(-8.378846260748,42.067296056374,
    -46.71555792327));
#4449 = CARTESIAN_POINT('',(-8.35084727322,42.156191659454,
    -46.90422314603));
#4450 = CARTESIAN_POINT('',(-8.327754392173,42.257322672153,
    -47.08515699046));
#4451 = CARTESIAN_POINT('',(-8.310037993753,42.370018111222,
    -47.25784608214));
#4452 = CARTESIAN_POINT('',(-8.298016649122,42.493677849035,
    -47.42179901894));
#4453 = CARTESIAN_POINT('',(-8.291856413534,42.627758399213,
    -47.57651940765));
#4454 = CARTESIAN_POINT('',(-8.291319141919,42.897991663889,
    -47.84855270347));
#4455 = CARTESIAN_POINT('',(-8.295582195167,43.031775352423,
    -47.96805309975));
#4456 = CARTESIAN_POINT('',(-8.30435952588,43.172748015251,
    -48.07963216278));
#4457 = CARTESIAN_POINT('',(-8.317559079357,43.320564657482,
    -48.18292064593));
#4458 = CARTESIAN_POINT('',(-8.334997147847,43.474884003141,
    -48.27752067067));
#4459 = CARTESIAN_POINT('',(-8.356399022926,43.635355456377,
    -48.36299841457));
#4460 = CARTESIAN_POINT('',(-8.398053022335,43.912348638392,
    -48.48942078207));
#4461 = CARTESIAN_POINT('',(-8.416303917478,44.025660041085,
    -48.53570773526));
#4462 = CARTESIAN_POINT('',(-8.436050674055,44.141468552662,
    -48.57761263406));
#4463 = CARTESIAN_POINT('',(-8.457175771426,44.259695146955,
    -48.61499143734));
#4464 = CARTESIAN_POINT('',(-8.479545266134,44.380253313081,
    -48.64768088198));
#4465 = CARTESIAN_POINT('',(-8.503008230482,44.503048878812,
    -48.67549827737));
#4466 = CARTESIAN_POINT('',(-8.553818989922,44.763334550258,
    -48.72288191284));
#4467 = CARTESIAN_POINT('',(-8.581327981915,44.901198210237,
    -48.741566185));
#4468 = CARTESIAN_POINT('',(-8.609715754312,45.041473994687,
    -48.7540414459));
#4469 = CARTESIAN_POINT('',(-8.63874886612,45.184042724978,
    -48.76001339161));
#4470 = CARTESIAN_POINT('',(-8.668163880679,45.328751680511,
    -48.7591458824));
#4471 = CARTESIAN_POINT('',(-8.697663398215,45.475403416198,
    -48.75106074065));
#4472 = CARTESIAN_POINT('',(-8.746660695274,45.723903982392,
    -48.72472130798));
#4473 = CARTESIAN_POINT('',(-8.7662990825,45.824854382162,
    -48.71062080775));
#4474 = CARTESIAN_POINT('',(-8.785719274784,45.926493663718,
    -48.69290640581));
#4475 = CARTESIAN_POINT('',(-8.804805311632,46.028706271802,
    -48.67144506224));
#4476 = CARTESIAN_POINT('',(-8.823433976693,46.131362854428,
    -48.64610035204));
#4477 = CARTESIAN_POINT('',(-8.841475527123,46.234319905887,
    -48.61673247777));
#4478 = CARTESIAN_POINT('',(-8.878759748547,46.456273127895,
    -48.54453986301));
#4479 = CARTESIAN_POINT('',(-8.897784709777,46.575435007452,
    -48.50030567957));
#4480 = CARTESIAN_POINT('',(-8.915620349091,46.694438401383,
    -48.45032980405));
#4481 = CARTESIAN_POINT('',(-8.932022544933,46.812819595582,
    -48.394488366));
#4482 = CARTESIAN_POINT('',(-8.94675845571,46.93011665224,
    -48.33269786288));
#4483 = CARTESIAN_POINT('',(-8.959612963768,47.045868253195,
    -48.26491347061));
#4484 = CARTESIAN_POINT('',(-8.985731083195,47.321396363222,
    -48.08617791215));
#4485 = CARTESIAN_POINT('',(-8.996871948576,47.479092545618,
    -47.96910424803));
#4486 = CARTESIAN_POINT('',(-9.003179169694,47.630410496561,
    -47.84051783112));
#4487 = CARTESIAN_POINT('',(-9.004280389185,47.773387753685,
    -47.70150384174));
#4488 = CARTESIAN_POINT('',(-9.00012981382,47.906419065798,
    -47.55356064962));
#4489 = CARTESIAN_POINT('',(-8.991012381607,48.028300807753,
    -47.39855431874));
#4490 = CARTESIAN_POINT('',(-8.968829879536,48.208754384523,
    -47.13627189081));
#4491 = CARTESIAN_POINT('',(-8.95836489257,48.274304909795,
    -47.03190814393));
#4492 = CARTESIAN_POINT('',(-8.946230043988,48.334900460236,
    -46.92596922265));
#4493 = CARTESIAN_POINT('',(-8.932580965348,48.39053191258,
    -46.81883427669));
#4494 = CARTESIAN_POINT('',(-8.917591185681,48.441224176986,
    -46.71088998597));
#4495 = CARTESIAN_POINT('',(-8.901447681961,48.487037507587,
    -46.60253126579));
#4496 = CARTESIAN_POINT('',(-8.865420069451,48.573479128419,
    -46.37422711351));
#4497 = CARTESIAN_POINT('',(-8.8453081334,48.613062313742,-46.25420072)
  );
#4498 = CARTESIAN_POINT('',(-8.824231552411,48.647036497303,
    -46.13436452766));
#4499 = CARTESIAN_POINT('',(-8.802403104292,48.675617071639,
    -46.01497371039));
#4500 = CARTESIAN_POINT('',(-8.780025330249,48.699016758001,
    -45.89625776573));
#4501 = CARTESIAN_POINT('',(-8.757288451459,48.717445670829,
    -45.77842140088));
#4502 = CARTESIAN_POINT('',(-8.635138617711,48.790275177718,
    -45.15608005614));
#4503 = CARTESIAN_POINT('',(-8.531871752918,48.760517422024,
    -44.66732500399));
#4504 = CARTESIAN_POINT('',(-8.438035652401,48.657133973075,
    -44.20667194473));
#4505 = CARTESIAN_POINT('',(-8.362844857175,48.491037490662,
    -43.77913967394));
#4506 = CARTESIAN_POINT('',(-8.311898564053,48.269869078103,
    -43.38831573777));
#4507 = CARTESIAN_POINT('',(-8.288126077412,47.9985217645,
    -43.03726018626));
#4508 = CARTESIAN_POINT('',(-8.294981301735,47.41281523679,
    -42.47452610878));
#4509 = CARTESIAN_POINT('',(-8.317354519357,47.115058175689,
    -42.25177400791));
#4510 = CARTESIAN_POINT('',(-8.358542065646,46.789287683453,
    -42.06476361077));
#4511 = CARTESIAN_POINT('',(-8.416751361162,46.437635347076,
    -41.91651919625));
#4512 = CARTESIAN_POINT('',(-8.48878141143,46.062376859977,
    -41.81130095552));
#4513 = CARTESIAN_POINT('',(-8.56979492895,45.666417894128,
    -41.75483399593));
#4514 = CARTESIAN_POINT('',(-8.653034149938,45.254833995939,
    -41.75483399593));
#4515 = PCURVE('',#2755,#4516);
#4516 = DEFINITIONAL_REPRESENTATION('',(#4517),#4628);
#4517 = B_SPLINE_CURVE_WITH_KNOTS('',7,(#4518,#4519,#4520,#4521,#4522,
    #4523,#4524,#4525,#4526,#4527,#4528,#4529,#4530,#4531,#4532,#4533,
    #4534,#4535,#4536,#4537,#4538,#4539,#4540,#4541,#4542,#4543,#4544,
    #4545,#4546,#4547,#4548,#4549,#4550,#4551,#4552,#4553,#4554,#4555,
    #4556,#4557,#4558,#4559,#4560,#4561,#4562,#4563,#4564,#4565,#4566,
    #4567,#4568,#4569,#4570,#4571,#4572,#4573,#4574,#4575,#4576,#4577,
    #4578,#4579,#4580,#4581,#4582,#4583,#4584,#4585,#4586,#4587,#4588,
    #4589,#4590,#4591,#4592,#4593,#4594,#4595,#4596,#4597,#4598,#4599,
    #4600,#4601,#4602,#4603,#4604,#4605,#4606,#4607,#4608,#4609,#4610,
    #4611,#4612,#4613,#4614,#4615,#4616,#4617,#4618,#4619,#4620,#4621,
    #4622,#4623,#4624,#4625,#4626,#4627),.UNSPECIFIED.,.T.,.F.,(8,6,6,6,
    6,6,6,6,6,6,6,6,6,6,6,6,6,6,8),(0.,5.645703720178E-02,0.113686961548
    ,0.153456796592,0.210377793059,0.236127537025,0.256456383692,
    0.288389628063,0.362450663857,0.427373748695,0.470620205344,
    0.517474980973,0.549111151342,0.585581515752,0.637455019588,
    0.67068712423,0.707465879759,0.866694383012,1.),.UNSPECIFIED.);
#4518 = CARTESIAN_POINT('',(1.849371437067,61.525126265847));
#4519 = CARTESIAN_POINT('',(1.835207982839,61.402569412734));
#4520 = CARTESIAN_POINT('',(1.820034853102,61.284857835114));
#4521 = CARTESIAN_POINT('',(1.803845487797,61.172755693934));
#4522 = CARTESIAN_POINT('',(1.786635904672,61.067132384107));
#4523 = CARTESIAN_POINT('',(1.768405913896,60.968976208322));
#4524 = CARTESIAN_POINT('',(1.749160357281,60.87941110866));
#4525 = CARTESIAN_POINT('',(1.708383168121,60.718930797273));
#4526 = CARTESIAN_POINT('',(1.686723249666,60.647891773202));
#4527 = CARTESIAN_POINT('',(1.66411572147,60.588866712886));
#4528 = CARTESIAN_POINT('',(1.640762225997,60.543588186591));
#4529 = CARTESIAN_POINT('',(1.616873758501,60.513285768366));
#4530 = CARTESIAN_POINT('',(1.592666508167,60.498698583958));
#4531 = CARTESIAN_POINT('',(1.551470313816,60.501020716998));
#4532 = CARTESIAN_POINT('',(1.53461592369,60.509673858545));
#4533 = CARTESIAN_POINT('',(1.517883448099,60.525971027714));
#4534 = CARTESIAN_POINT('',(1.501358071709,60.549705825411));
#4535 = CARTESIAN_POINT('',(1.485123884497,60.580523707323));
#4536 = CARTESIAN_POINT('',(1.469263156782,60.61792011666));
#4537 = CARTESIAN_POINT('',(1.431802582688,60.723231189196));
#4538 = CARTESIAN_POINT('',(1.410684592983,60.79733207432));
#4539 = CARTESIAN_POINT('',(1.390544720231,60.882120820687));
#4540 = CARTESIAN_POINT('',(1.371417748109,60.976277002963));
#4541 = CARTESIAN_POINT('',(1.353330765057,61.078558977664));
#4542 = CARTESIAN_POINT('',(1.336303435577,61.187789243182));
#4543 = CARTESIAN_POINT('',(1.313129560001,61.354891132636));
#4544 = CARTESIAN_POINT('',(1.306123653645,61.408182139978));
#4545 = CARTESIAN_POINT('',(1.299328648914,61.462639075185));
#4546 = CARTESIAN_POINT('',(1.292743292215,61.518190635469));
#4547 = CARTESIAN_POINT('',(1.286366316261,61.574771486196));
#4548 = CARTESIAN_POINT('',(1.280196440069,61.632322260886));
#4549 = CARTESIAN_POINT('',(1.269523868282,61.736948186521));
#4550 = CARTESIAN_POINT('',(1.264943695735,61.783677435217));
#4551 = CARTESIAN_POINT('',(1.260491259444,61.830950720083));
#4552 = CARTESIAN_POINT('',(1.256166025695,61.878742836679));
#4553 = CARTESIAN_POINT('',(1.251967518939,61.927029963338));
#4554 = CARTESIAN_POINT('',(1.247895321798,61.97578966117));
#4555 = CARTESIAN_POINT('',(1.237750176336,62.102303522501));
#4556 = CARTESIAN_POINT('',(1.231861787353,62.180723460196));
#4557 = CARTESIAN_POINT('',(1.226282851063,62.260175201221));
#4558 = CARTESIAN_POINT('',(1.221012559048,62.340579562217));
#4559 = CARTESIAN_POINT('',(1.216050317954,62.421863612141));
#4560 = CARTESIAN_POINT('',(1.211395715926,62.503960622007));
#4561 = CARTESIAN_POINT('',(1.196966202358,62.778958102107));
#4562 = CARTESIAN_POINT('',(1.188533539922,62.975223244248));
#4563 = CARTESIAN_POINT('',(1.181759451799,63.174673217455));
#4564 = CARTESIAN_POINT('',(1.176651414101,63.376470554397));
#4565 = CARTESIAN_POINT('',(1.173215293612,63.579843426973));
#4566 = CARTESIAN_POINT('',(1.171455212413,63.78405652927));
#4567 = CARTESIAN_POINT('',(1.171301705392,64.16749689141));
#4568 = CARTESIAN_POINT('',(1.172519744204,64.346595785345));
#4569 = CARTESIAN_POINT('',(1.175026670834,64.525176823299));
#4570 = CARTESIAN_POINT('',(1.178820100384,64.702734960251));
#4571 = CARTESIAN_POINT('',(1.183896187784,64.878747535029));
#4572 = CARTESIAN_POINT('',(1.190249694409,65.052659880149));
#4573 = CARTESIAN_POINT('',(1.202952780823,65.337917750847));
#4574 = CARTESIAN_POINT('',(1.208595603303,65.450770830555));
#4575 = CARTESIAN_POINT('',(1.214802534255,65.562291052524));
#4576 = CARTESIAN_POINT('',(1.221573985271,65.672320684331));
#4577 = CARTESIAN_POINT('',(1.228910909334,65.780683109109));
#4578 = CARTESIAN_POINT('',(1.236814942725,65.887182555249));
#4579 = CARTESIAN_POINT('',(1.254469156273,66.104737608532));
#4580 = CARTESIAN_POINT('',(1.264318522628,66.21543371293));
#4581 = CARTESIAN_POINT('',(1.274842173505,66.323445012933));
#4582 = CARTESIAN_POINT('',(1.28604690464,66.428479132212));
#4583 = CARTESIAN_POINT('',(1.297940249992,66.530190394321));
#4584 = CARTESIAN_POINT('',(1.310529951736,66.628171772542));
#4585 = CARTESIAN_POINT('',(1.332799137558,66.785263416571));
#4586 = CARTESIAN_POINT('',(1.342097554805,66.84667556948));
#4587 = CARTESIAN_POINT('',(1.351719026828,66.90601942097));
#4588 = CARTESIAN_POINT('',(1.36166329932,66.963119187698));
#4589 = CARTESIAN_POINT('',(1.371929579599,67.017786936959));
#4590 = CARTESIAN_POINT('',(1.382516597372,67.06982234317));
#4591 = CARTESIAN_POINT('',(1.405995245358,67.175719084109));
#4592 = CARTESIAN_POINT('',(1.41900443131,67.228700966131));
#4593 = CARTESIAN_POINT('',(1.432425293467,67.277510792486));
#4594 = CARTESIAN_POINT('',(1.446231072017,67.321733078152));
#4595 = CARTESIAN_POINT('',(1.46039322631,67.360982138558));
#4596 = CARTESIAN_POINT('',(1.474881483952,67.394900077094));
#4597 = CARTESIAN_POINT('',(1.510689596767,67.463342746679));
#4598 = CARTESIAN_POINT('',(1.532306889095,67.492067204823));
#4599 = CARTESIAN_POINT('',(1.554297804388,67.50814082668));
#4600 = CARTESIAN_POINT('',(1.576439679451,67.510943280177));
#4601 = CARTESIAN_POINT('',(1.598508104598,67.500398988709));
#4602 = CARTESIAN_POINT('',(1.620279706808,67.476976367255));
#4603 = CARTESIAN_POINT('',(1.655151544171,67.419114631698));
#4604 = CARTESIAN_POINT('',(1.668550060672,67.391669539499));
#4605 = CARTESIAN_POINT('',(1.681700957429,67.359606934499));
#4606 = CARTESIAN_POINT('',(1.69457607797,67.323188464907));
#4607 = CARTESIAN_POINT('',(1.707148462848,67.282705168865));
#4608 = CARTESIAN_POINT('',(1.719392349267,67.238478899761));
#4609 = CARTESIAN_POINT('',(1.744443023763,67.13816694178));
#4610 = CARTESIAN_POINT('',(1.757179085932,67.081285003769));
#4611 = CARTESIAN_POINT('',(1.769486228372,67.020571395114));
#4612 = CARTESIAN_POINT('',(1.781360224801,66.956358856534));
#4613 = CARTESIAN_POINT('',(1.79279787949,66.88896008394));
#4614 = CARTESIAN_POINT('',(1.803797155255,66.81866840051));
#4615 = CARTESIAN_POINT('',(1.860075984725,66.430104853621));
#4616 = CARTESIAN_POINT('',(1.897840939906,66.063460931068));
#4617 = CARTESIAN_POINT('',(1.927752765177,65.664626891273));
#4618 = CARTESIAN_POINT('',(1.949925147738,65.244867974373));
#4619 = CARTESIAN_POINT('',(1.964406735252,64.812124034559));
#4620 = CARTESIAN_POINT('',(1.971203456778,64.372018748003));
#4621 = CARTESIAN_POINT('',(1.969244429445,63.559948608286));
#4622 = CARTESIAN_POINT('',(1.962848610152,63.191893050186));
#4623 = CARTESIAN_POINT('',(1.951024998205,62.829302206044));
#4624 = CARTESIAN_POINT('',(1.933786534849,62.475821823596));
#4625 = CARTESIAN_POINT('',(1.911125172628,62.136073471144));
#4626 = CARTESIAN_POINT('',(1.883005161422,61.816160031284));
#4627 = CARTESIAN_POINT('',(1.849371437067,61.525126265847));
#4628 = ( GEOMETRIC_REPRESENTATION_CONTEXT(2) 
PARAMETRIC_REPRESENTATION_CONTEXT() REPRESENTATION_CONTEXT('2D SPACE',''
  ) );
#4629 = PCURVE('',#4279,#4630);
#4630 = DEFINITIONAL_REPRESENTATION('',(#4631),#4742);
#4631 = B_SPLINE_CURVE_WITH_KNOTS('',7,(#4632,#4633,#4634,#4635,#4636,
    #4637,#4638,#4639,#4640,#4641,#4642,#4643,#4644,#4645,#4646,#4647,
    #4648,#4649,#4650,#4651,#4652,#4653,#4654,#4655,#4656,#4657,#4658,
    #4659,#4660,#4661,#4662,#4663,#4664,#4665,#4666,#4667,#4668,#4669,
    #4670,#4671,#4672,#4673,#4674,#4675,#4676,#4677,#4678,#4679,#4680,
    #4681,#4682,#4683,#4684,#4685,#4686,#4687,#4688,#4689,#4690,#4691,
    #4692,#4693,#4694,#4695,#4696,#4697,#4698,#4699,#4700,#4701,#4702,
    #4703,#4704,#4705,#4706,#4707,#4708,#4709,#4710,#4711,#4712,#4713,
    #4714,#4715,#4716,#4717,#4718,#4719,#4720,#4721,#4722,#4723,#4724,
    #4725,#4726,#4727,#4728,#4729,#4730,#4731,#4732,#4733,#4734,#4735,
    #4736,#4737,#4738,#4739,#4740,#4741),.UNSPECIFIED.,.F.,.F.,(8,6,6,6,
    6,6,6,6,6,6,6,6,6,6,6,6,6,6,8),(0.,5.645703720178E-02,0.113686961548
    ,0.153456796592,0.210377793059,0.236127537025,0.256456383692,
    0.288389628063,0.362450663857,0.427373748695,0.470620205344,
    0.517474980973,0.549111151342,0.585581515752,0.637455019588,
    0.67068712423,0.707465879759,0.866694383012,1.),.UNSPECIFIED.);
#4632 = CARTESIAN_POINT('',(-8.881784197001E-16,1.346965850062));
#4633 = CARTESIAN_POINT('',(4.952044680998E-02,1.311913089209));
#4634 = CARTESIAN_POINT('',(9.99441437362E-02,1.276386609075));
#4635 = CARTESIAN_POINT('',(0.151348261944,1.240901563422));
#4636 = CARTESIAN_POINT('',(0.203815614534,1.206046431327));
#4637 = CARTESIAN_POINT('',(0.257435001245,1.172487338748));
#4638 = CARTESIAN_POINT('',(0.312305243642,1.140962395872));
#4639 = CARTESIAN_POINT('',(0.425550461917,1.083176856547));
#4640 = CARTESIAN_POINT('',(0.484242475491,1.056851727523));
#4641 = CARTESIAN_POINT('',(0.544233193584,1.034440437214));
#4642 = CARTESIAN_POINT('',(0.605216350972,1.016958933685));
#4643 = CARTESIAN_POINT('',(0.666935611298,1.005166301479));
#4644 = CARTESIAN_POINT('',(0.729159548471,0.999493902408));
#4645 = CARTESIAN_POINT('',(0.835094383108,1.000396939114));
#4646 = CARTESIAN_POINT('',(0.878446654378,1.003761884977));
#4647 = CARTESIAN_POINT('',(0.921610683818,1.010096493918));
#4648 = CARTESIAN_POINT('',(0.964478730425,1.019282288655));
#4649 = CARTESIAN_POINT('',(1.006937482653,1.03110975556));
#4650 = CARTESIAN_POINT('',(1.048862535193,1.045288955844));
#4651 = CARTESIAN_POINT('',(1.149151888043,1.084625267462));
#4652 = CARTESIAN_POINT('',(1.206789487625,1.111872207626));
#4653 = CARTESIAN_POINT('',(1.263115980305,1.142371203834));
#4654 = CARTESIAN_POINT('',(1.318197310996,1.175284088198));
#4655 = CARTESIAN_POINT('',(1.372082365561,1.20980744609));
#4656 = CARTESIAN_POINT('',(1.424805946404,1.245197971127));
#4657 = CARTESIAN_POINT('',(1.499721108289,1.296888420661));
#4658 = CARTESIAN_POINT('',(1.522844552493,1.313045369609));
#4659 = CARTESIAN_POINT('',(1.545768149624,1.329204498931));
#4660 = CARTESIAN_POINT('',(1.568502580666,1.34531444617));
#4661 = CARTESIAN_POINT('',(1.591058412013,1.361327050323));
#4662 = CARTESIAN_POINT('',(1.613446095469,1.377197351833));
#4663 = CARTESIAN_POINT('',(1.653225955372,1.405267528674));
#4664 = CARTESIAN_POINT('',(1.670677446145,1.417536541608));
#4665 = CARTESIAN_POINT('',(1.688035442357,1.429669962757));
#4666 = CARTESIAN_POINT('',(1.705304787825,1.441648044839));
#4667 = CARTESIAN_POINT('',(1.722490168385,1.453451961935));
#4668 = CARTESIAN_POINT('',(1.739596111897,1.46506380949));
#4669 = CARTESIAN_POINT('',(1.783379668561,1.494378502581));
#4670 = CARTESIAN_POINT('',(1.80994830931,1.51177528382));
#4671 = CARTESIAN_POINT('',(1.836348693501,1.528589997897));
#4672 = CARTESIAN_POINT('',(1.86259577852,1.544760955115));
#4673 = CARTESIAN_POINT('',(1.888704061097,1.560231574797));
#4674 = CARTESIAN_POINT('',(1.914687942283,1.574950233871));
#4675 = CARTESIAN_POINT('',(2.000570600701,1.621153739252));
#4676 = CARTESIAN_POINT('',(2.060010816089,1.64915272678));
#4677 = CARTESIAN_POINT('',(2.119007314699,1.672245607827));
#4678 = CARTESIAN_POINT('',(2.177677688004,1.689962006247));
#4679 = CARTESIAN_POINT('',(2.236135963934,1.701983350878));
#4680 = CARTESIAN_POINT('',(2.294496027971,1.708143586466));
#4681 = CARTESIAN_POINT('',(2.404051020732,1.708680858081));
#4682 = CARTESIAN_POINT('',(2.455212255868,1.704417804833));
#4683 = CARTESIAN_POINT('',(2.506434348226,1.69564047412));
#4684 = CARTESIAN_POINT('',(2.557791315453,1.682440920643));
#4685 = CARTESIAN_POINT('',(2.609357180671,1.665002852153));
#4686 = CARTESIAN_POINT('',(2.661207558881,1.643600977074));
#4687 = CARTESIAN_POINT('',(2.748201735504,1.601946977665));
#4688 = CARTESIAN_POINT('',(2.783144885093,1.583696082522));
#4689 = CARTESIAN_POINT('',(2.818286015372,1.563949325945));
#4690 = CARTESIAN_POINT('',(2.853659045341,1.542824228574));
#4691 = CARTESIAN_POINT('',(2.889298023164,1.520454733866));
#4692 = CARTESIAN_POINT('',(2.925238659585,1.496991769518));
#4693 = CARTESIAN_POINT('',(3.000828227849,1.446181010078));
#4694 = CARTESIAN_POINT('',(3.040536981013,1.418672018085));
#4695 = CARTESIAN_POINT('',(3.080705430532,1.390284245688));
#4696 = CARTESIAN_POINT('',(3.121393037596,1.36125113388));
#4697 = CARTESIAN_POINT('',(3.162660564374,1.331836119321));
#4698 = CARTESIAN_POINT('',(3.204571223495,1.302336601785));
#4699 = CARTESIAN_POINT('',(3.275969100964,1.253339304726));
#4700 = CARTESIAN_POINT('',(3.305076030934,1.2337009175));
#4701 = CARTESIAN_POINT('',(3.334526480161,1.214280725216));
#4702 = CARTESIAN_POINT('',(3.364334510689,1.195194688368));
#4703 = CARTESIAN_POINT('',(3.394514976393,1.176566023307));
#4704 = CARTESIAN_POINT('',(3.425084115489,1.158524472877));
#4705 = CARTESIAN_POINT('',(3.491769490923,1.121240251453));
#4706 = CARTESIAN_POINT('',(3.528055297331,1.102215290223));
#4707 = CARTESIAN_POINT('',(3.564879906839,1.084379650909));
#4708 = CARTESIAN_POINT('',(3.60221332721,1.067977455067));
#4709 = CARTESIAN_POINT('',(3.64003195215,1.05324154429));
#4710 = CARTESIAN_POINT('',(3.678317284047,1.040387036232));
#4711 = CARTESIAN_POINT('',(3.772152632363,1.014268916805));
#4712 = CARTESIAN_POINT('',(3.828155998534,1.003128051424));
#4713 = CARTESIAN_POINT('',(3.884694013769,0.996820830306));
#4714 = CARTESIAN_POINT('',(3.94144073616,0.995719610815));
#4715 = CARTESIAN_POINT('',(3.998086766562,0.99987018618));
#4716 = CARTESIAN_POINT('',(4.054311193305,1.008987618393));
#4717 = CARTESIAN_POINT('',(4.145272304248,1.031170120464));
#4718 = CARTESIAN_POINT('',(4.180453630134,1.04163510743));
#4719 = CARTESIAN_POINT('',(4.215276424352,1.053769956012));
#4720 = CARTESIAN_POINT('',(4.249716964217,1.067419034652));
#4721 = CARTESIAN_POINT('',(4.28374780103,1.082408814319));
#4722 = CARTESIAN_POINT('',(4.317336465039,1.098552318039));
#4723 = CARTESIAN_POINT('',(4.387085250272,1.134579930549));
#4724 = CARTESIAN_POINT('',(4.423161291572,1.1546918666));
#4725 = CARTESIAN_POINT('',(4.458699303804,1.175768447589));
#4726 = CARTESIAN_POINT('',(4.493722269773,1.197596895708));
#4727 = CARTESIAN_POINT('',(4.528250265172,1.219974669751));
#4728 = CARTESIAN_POINT('',(4.56230157819,1.242711548541));
#4729 = CARTESIAN_POINT('',(4.741326804197,1.364861382289));
#4730 = CARTESIAN_POINT('',(4.879037669524,1.468128247082));
#4731 = CARTESIAN_POINT('',(5.011343966063,1.561964347599));
#4732 = CARTESIAN_POINT('',(5.139850156703,1.637155142825));
#4733 = CARTESIAN_POINT('',(5.26607554439,1.688101435947));
#4734 = CARTESIAN_POINT('',(5.391472142808,1.711873922588));
#4735 = CARTESIAN_POINT('',(5.623538596794,1.705018698265));
#4736 = CARTESIAN_POINT('',(5.728979197766,1.682645480643));
#4737 = CARTESIAN_POINT('',(5.835048886438,1.641457934354));
#4738 = CARTESIAN_POINT('',(5.942587305928,1.583248638838));
#4739 = CARTESIAN_POINT('',(6.05245849856,1.51121858857));
#4740 = CARTESIAN_POINT('',(6.165589907697,1.43020507105));
#4741 = CARTESIAN_POINT('',(6.28318530718,1.346965850062));
#4742 = ( GEOMETRIC_REPRESENTATION_CONTEXT(2) 
PARAMETRIC_REPRESENTATION_CONTEXT() REPRESENTATION_CONTEXT('2D SPACE',''
  ) );
#4743 = ADVANCED_FACE('',(#4744,#4798),#2855,.T.);
#4744 = FACE_BOUND('',#4745,.T.);
#4745 = EDGE_LOOP('',(#4746,#4747,#4770,#4797));
#4746 = ORIENTED_EDGE('',*,*,#2769,.T.);
#4747 = ORIENTED_EDGE('',*,*,#4748,.T.);
#4748 = EDGE_CURVE('',#2770,#4749,#4751,.T.);
#4749 = VERTEX_POINT('',#4750);
#4750 = CARTESIAN_POINT('',(-110.,4.166248410699E-15,-17.01));
#4751 = SEAM_CURVE('',#4752,(#4756,#4763),.PCURVE_S1.);
#4752 = LINE('',#4753,#4754);
#4753 = CARTESIAN_POINT('',(0.,4.166248410699E-15,-17.01));
#4754 = VECTOR('',#4755,1.);
#4755 = DIRECTION('',(-1.,0.,0.));
#4756 = PCURVE('',#2855,#4757);
#4757 = DEFINITIONAL_REPRESENTATION('',(#4758),#4762);
#4758 = LINE('',#4759,#4760);
#4759 = CARTESIAN_POINT('',(0.,-0.));
#4760 = VECTOR('',#4761,1.);
#4761 = DIRECTION('',(0.,1.));
#4762 = ( GEOMETRIC_REPRESENTATION_CONTEXT(2) 
PARAMETRIC_REPRESENTATION_CONTEXT() REPRESENTATION_CONTEXT('2D SPACE',''
  ) );
#4763 = PCURVE('',#2855,#4764);
#4764 = DEFINITIONAL_REPRESENTATION('',(#4765),#4769);
#4765 = LINE('',#4766,#4767);
#4766 = CARTESIAN_POINT('',(6.28318530718,-0.));
#4767 = VECTOR('',#4768,1.);
#4768 = DIRECTION('',(0.,1.));
#4769 = ( GEOMETRIC_REPRESENTATION_CONTEXT(2) 
PARAMETRIC_REPRESENTATION_CONTEXT() REPRESENTATION_CONTEXT('2D SPACE',''
  ) );
#4770 = ORIENTED_EDGE('',*,*,#4771,.F.);
#4771 = EDGE_CURVE('',#4749,#4749,#4772,.T.);
#4772 = SURFACE_CURVE('',#4773,(#4778,#4785),.PCURVE_S1.);
#4773 = CIRCLE('',#4774,17.01);
#4774 = AXIS2_PLACEMENT_3D('',#4775,#4776,#4777);
#4775 = CARTESIAN_POINT('',(-110.,0.,0.));
#4776 = DIRECTION('',(-1.,0.,0.));
#4777 = DIRECTION('',(0.,0.,-1.));
#4778 = PCURVE('',#2855,#4779);
#4779 = DEFINITIONAL_REPRESENTATION('',(#4780),#4784);
#4780 = LINE('',#4781,#4782);
#4781 = CARTESIAN_POINT('',(0.,110.));
#4782 = VECTOR('',#4783,1.);
#4783 = DIRECTION('',(1.,0.));
#4784 = ( GEOMETRIC_REPRESENTATION_CONTEXT(2) 
PARAMETRIC_REPRESENTATION_CONTEXT() REPRESENTATION_CONTEXT('2D SPACE',''
  ) );
#4785 = PCURVE('',#4786,#4791);
#4786 = PLANE('',#4787);
#4787 = AXIS2_PLACEMENT_3D('',#4788,#4789,#4790);
#4788 = CARTESIAN_POINT('',(-110.,0.,0.));
#4789 = DIRECTION('',(-1.,0.,0.));
#4790 = DIRECTION('',(0.,0.,-1.));
#4791 = DEFINITIONAL_REPRESENTATION('',(#4792),#4796);
#4792 = CIRCLE('',#4793,17.01);
#4793 = AXIS2_PLACEMENT_2D('',#4794,#4795);
#4794 = CARTESIAN_POINT('',(0.,0.));
#4795 = DIRECTION('',(1.,0.));
#4796 = ( GEOMETRIC_REPRESENTATION_CONTEXT(2) 
PARAMETRIC_REPRESENTATION_CONTEXT() REPRESENTATION_CONTEXT('2D SPACE',''
  ) );
#4797 = ORIENTED_EDGE('',*,*,#4748,.F.);
#4798 = FACE_BOUND('',#4799,.T.);
#4799 = EDGE_LOOP('',(#4800));
#4800 = ORIENTED_EDGE('',*,*,#4801,.F.);
#4801 = EDGE_CURVE('',#4802,#4802,#4804,.T.);
#4802 = VERTEX_POINT('',#4803);
#4803 = CARTESIAN_POINT('',(-70.,16.743359877874,3.));
#4804 = SURFACE_CURVE('',#4805,(#4864,#4926),.PCURVE_S1.);
#4805 = B_SPLINE_CURVE_WITH_KNOTS('',8,(#4806,#4807,#4808,#4809,#4810,
    #4811,#4812,#4813,#4814,#4815,#4816,#4817,#4818,#4819,#4820,#4821,
    #4822,#4823,#4824,#4825,#4826,#4827,#4828,#4829,#4830,#4831,#4832,
    #4833,#4834,#4835,#4836,#4837,#4838,#4839,#4840,#4841,#4842,#4843,
    #4844,#4845,#4846,#4847,#4848,#4849,#4850,#4851,#4852,#4853,#4854,
    #4855,#4856,#4857,#4858,#4859,#4860,#4861,#4862,#4863),
  .UNSPECIFIED.,.T.,.F.,(9,7,7,7,7,7,7,7,9),(0.,0.121216247037,
    0.229928436077,0.322777865987,0.434997136937,0.559275406054,
    0.673073666776,0.815739130658,1.),.UNSPECIFIED.);
#4806 = CARTESIAN_POINT('',(-70.,16.743359877874,3.));
#4807 = CARTESIAN_POINT('',(-69.75294362597,16.743359877874,3.));
#4808 = CARTESIAN_POINT('',(-69.5060833785,16.747526006564,
    2.976748270571));
#4809 = CARTESIAN_POINT('',(-69.26066516232,16.75584719633,
    2.930306973892));
#4810 = CARTESIAN_POINT('',(-69.01801561644,16.768187096352,
    2.860394520774));
#4811 = CARTESIAN_POINT('',(-68.77966305652,16.784277658831,
    2.766438733894));
#4812 = CARTESIAN_POINT('',(-68.54748274401,16.80368045639,
    2.647629751684));
#4813 = CARTESIAN_POINT('',(-68.32388176806,16.825729057848,
    2.502984915712));
#4814 = CARTESIAN_POINT('',(-67.9220485373,16.870753959363,
    2.177586781435));
#4815 = CARTESIAN_POINT('',(-67.73930844725,16.893647230013,
    2.000309998225));
#4816 = CARTESIAN_POINT('',(-67.56806584397,16.917335222713,
    1.799224480238));
#4817 = CARTESIAN_POINT('',(-67.41262234471,16.940715855418,1.5746081146
    ));
#4818 = CARTESIAN_POINT('',(-67.27732415462,16.962453377884,
    1.327374325576));
#4819 = CARTESIAN_POINT('',(-67.16657433951,16.98108324201,
    1.059081840831));
#4820 = CARTESIAN_POINT('',(-67.08487846813,16.995170042357,
    0.772006677247));
#4821 = CARTESIAN_POINT('',(-66.99598717147,17.010660400714,
    0.210769118281));
#4822 = CARTESIAN_POINT('',(-66.98053814235,17.013461562788,
    -5.36240197232E-02));
#4823 = CARTESIAN_POINT('',(-66.99197646281,17.011449704973,
    -0.319127948375));
#4824 = CARTESIAN_POINT('',(-67.03023731718,17.004580759468,
    -0.580798007956));
#4825 = CARTESIAN_POINT('',(-67.09386341915,16.993341599784,
    -0.833800716223));
#4826 = CARTESIAN_POINT('',(-67.18003371559,16.97866376075,
    -1.073703832325));
#4827 = CARTESIAN_POINT('',(-67.28456902882,16.961728008287,
    -1.296735593483));
#4828 = CARTESIAN_POINT('',(-67.543760584,16.92198473568,-1.745668535945
    ));
#4829 = CARTESIAN_POINT('',(-67.70669888165,16.898325352789,
    -1.966575912707));
#4830 = CARTESIAN_POINT('',(-67.88607816101,16.874167804913,
    -2.162883549247));
#4831 = CARTESIAN_POINT('',(-68.07823067926,16.850675535431,
    -2.335198960494));
#4832 = CARTESIAN_POINT('',(-68.28025380941,16.828734581129,
    -2.484334778205));
#4833 = CARTESIAN_POINT('',(-68.48984732478,16.808992554296,
    -2.611144210883));
#4834 = CARTESIAN_POINT('',(-68.7051982816,16.791918964947,
    -2.716407168717));
#4835 = CARTESIAN_POINT('',(-69.1682025884,16.762250206466,
    -2.894137870166));
#4836 = CARTESIAN_POINT('',(-69.41694551026,16.750326850143,
    -2.96190627439));
#4837 = CARTESIAN_POINT('',(-69.66913241389,16.742527876909,
    -3.004808273803));
#4838 = CARTESIAN_POINT('',(-69.92311349867,16.739110325223,
    -3.023320535702));
#4839 = CARTESIAN_POINT('',(-70.17741587685,16.740172265779,
    -3.017640737263));
#4840 = CARTESIAN_POINT('',(-70.43059444073,16.745669472692,
    -2.987686844865));
#4841 = CARTESIAN_POINT('',(-70.68108571004,16.75540699984,
    -2.933088510697));
#4842 = CARTESIAN_POINT('',(-71.15227475291,16.781456027164,
    -2.77998991002));
#4843 = CARTESIAN_POINT('',(-71.37364592149,16.797140611512,
    -2.685598807632));
#4844 = CARTESIAN_POINT('',(-71.58987132877,16.815771458878,
    -2.569454408576));
#4845 = CARTESIAN_POINT('',(-71.79928350934,16.836929056904,
    -2.430796678442));
#4846 = CARTESIAN_POINT('',(-71.999745756,16.860026000306,-2.26873512487
    ));
#4847 = CARTESIAN_POINT('',(-72.18852564279,16.8842425429,
    -2.082358315274));
#4848 = CARTESIAN_POINT('',(-72.36211967131,16.908475672024,
    -1.870890054139));
#4849 = CARTESIAN_POINT('',(-72.70894152603,16.960013685642,
    -1.336831231366));
#4850 = CARTESIAN_POINT('',(-72.87882515961,16.98771512803,
    -0.987467563875));
#4851 = CARTESIAN_POINT('',(-73.00124645771,17.009779794147,
    -0.596252272724));
#4852 = CARTESIAN_POINT('',(-73.06095500517,17.021327063684,
    -0.179109290288));
#4853 = CARTESIAN_POINT('',(-73.05148172708,17.019266664096,
    0.24416717674));
#4854 = CARTESIAN_POINT('',(-72.97486160043,17.004848536975,
    0.653341759282));
#4855 = CARTESIAN_POINT('',(-72.84198719051,16.982024340641,
    1.03035387714));
#4856 = CARTESIAN_POINT('',(-72.4547879184,16.920982309618,
    1.790275236303));
#4857 = CARTESIAN_POINT('',(-72.17275376571,16.879648865371,
    2.149905382742));
#4858 = CARTESIAN_POINT('',(-71.84992084805,16.838250271154,
    2.441187562436));
#4859 = CARTESIAN_POINT('',(-71.50074514898,16.801777174929,
    2.66815815509));
#4860 = CARTESIAN_POINT('',(-71.13530904337,16.772941496396,
    2.834879561808));
#4861 = CARTESIAN_POINT('',(-70.7603250037,16.753244904438,
    2.944835063333));
#4862 = CARTESIAN_POINT('',(-70.38053963605,16.743359877874,3.));
#4863 = CARTESIAN_POINT('',(-70.,16.743359877874,3.));
#4864 = PCURVE('',#2855,#4865);
#4865 = DEFINITIONAL_REPRESENTATION('',(#4866),#4925);
#4866 = B_SPLINE_CURVE_WITH_KNOTS('',8,(#4867,#4868,#4869,#4870,#4871,
    #4872,#4873,#4874,#4875,#4876,#4877,#4878,#4879,#4880,#4881,#4882,
    #4883,#4884,#4885,#4886,#4887,#4888,#4889,#4890,#4891,#4892,#4893,
    #4894,#4895,#4896,#4897,#4898,#4899,#4900,#4901,#4902,#4903,#4904,
    #4905,#4906,#4907,#4908,#4909,#4910,#4911,#4912,#4913,#4914,#4915,
    #4916,#4917,#4918,#4919,#4920,#4921,#4922,#4923,#4924),
  .UNSPECIFIED.,.T.,.F.,(9,7,7,7,7,7,7,7,9),(0.,0.121216247037,
    0.229928436077,0.322777865987,0.434997136937,0.559275406054,
    0.673073666776,0.815739130658,1.),.UNSPECIFIED.);
#4867 = CARTESIAN_POINT('',(4.535094774297,70.));
#4868 = CARTESIAN_POINT('',(4.535094774297,69.752943625973));
#4869 = CARTESIAN_POINT('',(4.536483486909,69.5060833785));
#4870 = CARTESIAN_POINT('',(4.539257204889,69.260665162329));
#4871 = CARTESIAN_POINT('',(4.543430795941,69.018015616443));
#4872 = CARTESIAN_POINT('',(4.549034614516,68.779663056528));
#4873 = CARTESIAN_POINT('',(4.556111299875,68.547482744015));
#4874 = CARTESIAN_POINT('',(4.564712227798,68.323881768066));
#4875 = CARTESIAN_POINT('',(4.584024302041,67.922048537305));
#4876 = CARTESIAN_POINT('',(4.594532329971,67.739308447256));
#4877 = CARTESIAN_POINT('',(4.606434392905,67.568065843971));
#4878 = CARTESIAN_POINT('',(4.619708089148,67.412622344715));
#4879 = CARTESIAN_POINT('',(4.634294524316,67.277324154621));
#4880 = CARTESIAN_POINT('',(4.650099972393,67.166574339515));
#4881 = CARTESIAN_POINT('',(4.66699324192,67.084878468138));
#4882 = CARTESIAN_POINT('',(4.700000372314,66.995987171473));
#4883 = CARTESIAN_POINT('',(4.715542400043,66.980538142356));
#4884 = CARTESIAN_POINT('',(4.731147220411,66.991976462811));
#4885 = CARTESIAN_POINT('',(4.746530641616,67.030237317181));
#4886 = CARTESIAN_POINT('',(4.761414683746,67.093863419151));
#4887 = CARTESIAN_POINT('',(4.775542144432,67.180033715599));
#4888 = CARTESIAN_POINT('',(4.78869065843,67.284569028828));
#4889 = CARTESIAN_POINT('',(4.815186173501,67.543760584006));
#4890 = CARTESIAN_POINT('',(4.828245144859,67.706698881659));
#4891 = CARTESIAN_POINT('',(4.839870797648,67.886078161014));
#4892 = CARTESIAN_POINT('',(4.850093399548,68.07823067926));
#4893 = CARTESIAN_POINT('',(4.858954653984,68.280253809411));
#4894 = CARTESIAN_POINT('',(4.866499181147,68.489847324786));
#4895 = CARTESIAN_POINT('',(4.872768289801,68.705198281605));
#4896 = CARTESIAN_POINT('',(4.883361470506,69.168202588409));
#4897 = CARTESIAN_POINT('',(4.887406544432,69.416945510267));
#4898 = CARTESIAN_POINT('',(4.889970034299,69.669132413893));
#4899 = CARTESIAN_POINT('',(4.891076772473,69.92311349867));
#4900 = CARTESIAN_POINT('',(4.890737055447,70.177415876853));
#4901 = CARTESIAN_POINT('',(4.88894667909,70.430594440736));
#4902 = CARTESIAN_POINT('',(4.885686353622,70.681085710048));
#4903 = CARTESIAN_POINT('',(4.876556497552,71.152274752919));
#4904 = CARTESIAN_POINT('',(4.870931296871,71.373645921497));
#4905 = CARTESIAN_POINT('',(4.864016190152,71.589871328775));
#4906 = CARTESIAN_POINT('',(4.855770806302,71.799283509343));
#4907 = CARTESIAN_POINT('',(4.846148211992,71.999745756));
#4908 = CARTESIAN_POINT('',(4.835101042943,72.188525642798));
#4909 = CARTESIAN_POINT('',(4.822589689365,72.362119671312));
#4910 = CARTESIAN_POINT('',(4.791047077161,72.708941526035));
#4911 = CARTESIAN_POINT('',(4.770446954056,72.878825159612));
#4912 = CARTESIAN_POINT('',(4.747421000276,73.001246457717));
#4913 = CARTESIAN_POINT('',(4.722910055664,73.060955005175));
#4914 = CARTESIAN_POINT('',(4.698050261051,73.051481727088));
#4915 = CARTESIAN_POINT('',(4.673992913024,72.974861600436));
#4916 = CARTESIAN_POINT('',(4.651792553536,72.841987190515));
#4917 = CARTESIAN_POINT('',(4.606973678061,72.454787918407));
#4918 = CARTESIAN_POINT('',(4.585704734771,72.172753765719));
#4919 = CARTESIAN_POINT('',(4.568415998688,71.849920848053));
#4920 = CARTESIAN_POINT('',(4.554903102964,71.500745148991));
#4921 = CARTESIAN_POINT('',(4.544956658785,71.13530904337));
#4922 = CARTESIAN_POINT('',(4.538389501059,70.760325003708));
#4923 = CARTESIAN_POINT('',(4.535094774297,70.38053963605));
#4924 = CARTESIAN_POINT('',(4.535094774297,70.));
#4925 = ( GEOMETRIC_REPRESENTATION_CONTEXT(2) 
PARAMETRIC_REPRESENTATION_CONTEXT() REPRESENTATION_CONTEXT('2D SPACE',''
  ) );
#4926 = PCURVE('',#4927,#4932);
#4927 = CYLINDRICAL_SURFACE('',#4928,3.);
#4928 = AXIS2_PLACEMENT_3D('',#4929,#4930,#4931);
#4929 = CARTESIAN_POINT('',(-70.,0.,0.));
#4930 = DIRECTION('',(0.,1.,-0.));
#4931 = DIRECTION('',(0.,0.,1.));
#4932 = DEFINITIONAL_REPRESENTATION('',(#4933),#4992);
#4933 = B_SPLINE_CURVE_WITH_KNOTS('',8,(#4934,#4935,#4936,#4937,#4938,
    #4939,#4940,#4941,#4942,#4943,#4944,#4945,#4946,#4947,#4948,#4949,
    #4950,#4951,#4952,#4953,#4954,#4955,#4956,#4957,#4958,#4959,#4960,
    #4961,#4962,#4963,#4964,#4965,#4966,#4967,#4968,#4969,#4970,#4971,
    #4972,#4973,#4974,#4975,#4976,#4977,#4978,#4979,#4980,#4981,#4982,
    #4983,#4984,#4985,#4986,#4987,#4988,#4989,#4990,#4991),
  .UNSPECIFIED.,.F.,.F.,(9,7,7,7,7,7,7,7,9),(0.,0.121216247037,
    0.229928436077,0.322777865987,0.434997136937,0.559275406054,
    0.673073666776,0.815739130658,1.),.UNSPECIFIED.);
#4934 = CARTESIAN_POINT('',(0.,16.743359877874));
#4935 = CARTESIAN_POINT('',(8.235212467552E-02,16.743359877874));
#4936 = CARTESIAN_POINT('',(0.164638782859,16.747526006564));
#4937 = CARTESIAN_POINT('',(0.247296224993,16.75584719633));
#4938 = CARTESIAN_POINT('',(0.330726543413,16.768187096352));
#4939 = CARTESIAN_POINT('',(0.415336737447,16.784277658831));
#4940 = CARTESIAN_POINT('',(0.50154852298,16.80368045639));
#4941 = CARTESIAN_POINT('',(0.589814764586,16.825729057848));
#4942 = CARTESIAN_POINT('',(0.762169015778,16.870753959363));
#4943 = CARTESIAN_POINT('',(0.846695413935,16.893647230013));
#4944 = CARTESIAN_POINT('',(0.93406312743,16.917335222713));
#4945 = CARTESIAN_POINT('',(1.024180321224,16.940715855418));
#4946 = CARTESIAN_POINT('',(1.117055256637,16.962453377884));
#4947 = CARTESIAN_POINT('',(1.212784117775,16.98108324201));
#4948 = CARTESIAN_POINT('',(1.311557855244,16.995170042357));
#4949 = CARTESIAN_POINT('',(1.500969007156,17.010660400714));
#4950 = CARTESIAN_POINT('',(1.588820466992,17.013461562788));
#4951 = CARTESIAN_POINT('',(1.676648422012,17.011449704973));
#4952 = CARTESIAN_POINT('',(1.763897070365,17.004580759468));
#4953 = CARTESIAN_POINT('',(1.850007297033,16.993341599784));
#4954 = CARTESIAN_POINT('',(1.934352189027,16.97866376075));
#4955 = CARTESIAN_POINT('',(2.016158595847,16.961728008287));
#4956 = CARTESIAN_POINT('',(2.188952965966,16.92198473568));
#4957 = CARTESIAN_POINT('',(2.279879949216,16.898325352789));
#4958 = CARTESIAN_POINT('',(2.367733302055,16.874167804913));
#4959 = CARTESIAN_POINT('',(2.452952879644,16.850675535431));
#4960 = CARTESIAN_POINT('',(2.535932439178,16.828734581129));
#4961 = CARTESIAN_POINT('',(2.617040803351,16.808992554296));
#4962 = CARTESIAN_POINT('',(2.696630752903,16.791918964947));
#4963 = CARTESIAN_POINT('',(2.861945667991,16.762250206466));
#4964 = CARTESIAN_POINT('',(2.947448173043,16.750326850143));
#4965 = CARTESIAN_POINT('',(3.032050997853,16.742527876909));
#4966 = CARTESIAN_POINT('',(3.116164658803,16.739110325223));
#4967 = CARTESIAN_POINT('',(3.200185725095,16.740172265779));
#4968 = CARTESIAN_POINT('',(3.284509819332,16.745669472692));
#4969 = CARTESIAN_POINT('',(3.369544187911,16.75540699984));
#4970 = CARTESIAN_POINT('',(3.534690014262,16.781456027164));
#4971 = CARTESIAN_POINT('',(3.61459151565,16.797140611512));
#4972 = CARTESIAN_POINT('',(3.695852655979,16.815771458878));
#4973 = CARTESIAN_POINT('',(3.778847506784,16.836929056904));
#4974 = CARTESIAN_POINT('',(3.863963713659,16.860026000306));
#4975 = CARTESIAN_POINT('',(3.95161148869,16.8842425429));
#4976 = CARTESIAN_POINT('',(4.042244378595,16.908475672024));
#4977 = CARTESIAN_POINT('',(4.254508424092,16.960013685642));
#4978 = CARTESIAN_POINT('',(4.383018546508,16.98771512803));
#4979 = CARTESIAN_POINT('',(4.517110926363,17.009779794147));
#4980 = CARTESIAN_POINT('',(4.653980968592,17.021327063684));
#4981 = CARTESIAN_POINT('',(4.791461427674,17.019266664096));
#4982 = CARTESIAN_POINT('',(4.927484247468,17.004848536975));
#4983 = CARTESIAN_POINT('',(5.059566825716,16.982024340641));
#4984 = CARTESIAN_POINT('',(5.343860052359,16.920982309618));
#4985 = CARTESIAN_POINT('',(5.49335260298,16.879648865371));
#4986 = CARTESIAN_POINT('',(5.634978465177,16.838250271154));
#4987 = CARTESIAN_POINT('',(5.770537485668,16.801777174929));
#4988 = CARTESIAN_POINT('',(5.901643336944,16.772941496396));
#4989 = CARTESIAN_POINT('',(6.029742693958,16.753244904438));
#4990 = CARTESIAN_POINT('',(6.15633876183,16.743359877874));
#4991 = CARTESIAN_POINT('',(6.28318530718,16.743359877874));
#4992 = ( GEOMETRIC_REPRESENTATION_CONTEXT(2) 
PARAMETRIC_REPRESENTATION_CONTEXT() REPRESENTATION_CONTEXT('2D SPACE',''
  ) );
#4993 = ADVANCED_FACE('',(#4994,#5048),#2962,.T.);
#4994 = FACE_BOUND('',#4995,.T.);
#4995 = EDGE_LOOP('',(#4996,#4997,#5020,#5047));
#4996 = ORIENTED_EDGE('',*,*,#2869,.T.);
#4997 = ORIENTED_EDGE('',*,*,#4998,.T.);
#4998 = EDGE_CURVE('',#2870,#4999,#5001,.T.);
#4999 = VERTEX_POINT('',#5000);
#5000 = CARTESIAN_POINT('',(-4.915732251777E-15,-109.5862468718,
    22.218447212884));
#5001 = SEAM_CURVE('',#5002,(#5006,#5013),.PCURVE_S1.);
#5002 = LINE('',#5003,#5004);
#5003 = CARTESIAN_POINT('',(-4.915732251777E-15,-7.453810874427,
    -18.63452718606));
#5004 = VECTOR('',#5005,1.);
#5005 = DIRECTION('',(0.,-0.928476690885,0.371390676354));
#5006 = PCURVE('',#2962,#5007);
#5007 = DEFINITIONAL_REPRESENTATION('',(#5008),#5012);
#5008 = LINE('',#5009,#5010);
#5009 = CARTESIAN_POINT('',(0.,-0.));
#5010 = VECTOR('',#5011,1.);
#5011 = DIRECTION('',(0.,1.));
#5012 = ( GEOMETRIC_REPRESENTATION_CONTEXT(2) 
PARAMETRIC_REPRESENTATION_CONTEXT() REPRESENTATION_CONTEXT('2D SPACE',''
  ) );
#5013 = PCURVE('',#2962,#5014);
#5014 = DEFINITIONAL_REPRESENTATION('',(#5015),#5019);
#5015 = LINE('',#5016,#5017);
#5016 = CARTESIAN_POINT('',(6.28318530718,-0.));
#5017 = VECTOR('',#5018,1.);
#5018 = DIRECTION('',(0.,1.));
#5019 = ( GEOMETRIC_REPRESENTATION_CONTEXT(2) 
PARAMETRIC_REPRESENTATION_CONTEXT() REPRESENTATION_CONTEXT('2D SPACE',''
  ) );
#5020 = ORIENTED_EDGE('',*,*,#5021,.F.);
#5021 = EDGE_CURVE('',#4999,#4999,#5022,.T.);
#5022 = SURFACE_CURVE('',#5023,(#5028,#5035),.PCURVE_S1.);
#5023 = CIRCLE('',#5024,20.07);
#5024 = AXIS2_PLACEMENT_3D('',#5025,#5026,#5027);
#5025 = CARTESIAN_POINT('',(0.,-102.1324359973,40.852974398951));
#5026 = DIRECTION('',(0.,-0.928476690885,0.371390676354));
#5027 = DIRECTION('',(0.,-0.371390676354,-0.928476690885));
#5028 = PCURVE('',#2962,#5029);
#5029 = DEFINITIONAL_REPRESENTATION('',(#5030),#5034);
#5030 = LINE('',#5031,#5032);
#5031 = CARTESIAN_POINT('',(0.,110.));
#5032 = VECTOR('',#5033,1.);
#5033 = DIRECTION('',(1.,0.));
#5034 = ( GEOMETRIC_REPRESENTATION_CONTEXT(2) 
PARAMETRIC_REPRESENTATION_CONTEXT() REPRESENTATION_CONTEXT('2D SPACE',''
  ) );
#5035 = PCURVE('',#5036,#5041);
#5036 = PLANE('',#5037);
#5037 = AXIS2_PLACEMENT_3D('',#5038,#5039,#5040);
#5038 = CARTESIAN_POINT('',(0.,-102.1324359973,40.852974398951));
#5039 = DIRECTION('',(0.,-0.928476690885,0.371390676354));
#5040 = DIRECTION('',(0.,-0.371390676354,-0.928476690885));
#5041 = DEFINITIONAL_REPRESENTATION('',(#5042),#5046);
#5042 = CIRCLE('',#5043,20.07);
#5043 = AXIS2_PLACEMENT_2D('',#5044,#5045);
#5044 = CARTESIAN_POINT('',(0.,0.));
#5045 = DIRECTION('',(1.,0.));
#5046 = ( GEOMETRIC_REPRESENTATION_CONTEXT(2) 
PARAMETRIC_REPRESENTATION_CONTEXT() REPRESENTATION_CONTEXT('2D SPACE',''
  ) );
#5047 = ORIENTED_EDGE('',*,*,#4998,.F.);
#5048 = FACE_BOUND('',#5049,.T.);
#5049 = EDGE_LOOP('',(#5050));
#5050 = ORIENTED_EDGE('',*,*,#5051,.F.);
#5051 = EDGE_CURVE('',#5052,#5052,#5054,.T.);
#5052 = VERTEX_POINT('',#5053);
#5053 = CARTESIAN_POINT('',(-19.87577116265,-64.99336836196,
    22.997347344787));
#5054 = SURFACE_CURVE('',#5055,(#5112,#5172),.PCURVE_S1.);
#5055 = B_SPLINE_CURVE_WITH_KNOTS('',7,(#5056,#5057,#5058,#5059,#5060,
    #5061,#5062,#5063,#5064,#5065,#5066,#5067,#5068,#5069,#5070,#5071,
    #5072,#5073,#5074,#5075,#5076,#5077,#5078,#5079,#5080,#5081,#5082,
    #5083,#5084,#5085,#5086,#5087,#5088,#5089,#5090,#5091,#5092,#5093,
    #5094,#5095,#5096,#5097,#5098,#5099,#5100,#5101,#5102,#5103,#5104,
    #5105,#5106,#5107,#5108,#5109,#5110,#5111),.UNSPECIFIED.,.T.,.F.,(8,
    6,6,6,6,6,6,6,6,8),(0.,6.825670632093E-02,0.189736563472,
    0.297911892854,0.390340619714,0.501982115735,0.667277870581,
    0.769409805032,0.864478840093,1.),.UNSPECIFIED.);
#5056 = CARTESIAN_POINT('',(-19.87577116265,-64.99336836196,
    22.997347344787));
#5057 = CARTESIAN_POINT('',(-19.86719459724,-65.1581520184,
    22.997347344787));
#5058 = CARTESIAN_POINT('',(-19.85985976137,-65.32117409507,
    23.007907008201));
#5059 = CARTESIAN_POINT('',(-19.85387323393,-65.48199948101,
    23.028620369039));
#5060 = CARTESIAN_POINT('',(-19.84931041832,-65.64024523917,
    23.059153575204));
#5061 = CARTESIAN_POINT('',(-19.84621894196,-65.7955578699,
    23.09924039559));
#5062 = CARTESIAN_POINT('',(-19.84462205582,-65.94759057426,
    23.148677727185));
#5063 = CARTESIAN_POINT('',(-19.84434401996,-66.36007748433,
    23.311691635117));
#5064 = CARTESIAN_POINT('',(-19.84890681636,-66.61235369933,
    23.445110306853));
#5065 = CARTESIAN_POINT('',(-19.85820135123,-66.85100135852,
    23.606731554719));
#5066 = CARTESIAN_POINT('',(-19.87200858774,-67.07379117778,
    23.796324684575));
#5067 = CARTESIAN_POINT('',(-19.88988544136,-67.27780866019,
    24.014006741372));
#5068 = CARTESIAN_POINT('',(-19.91102971393,-67.45910387966,
    24.25993632547));
#5069 = CARTESIAN_POINT('',(-19.95468888264,-67.74847338018,
    24.777731992268));
#5070 = CARTESIAN_POINT('',(-19.9770795394,-67.86424462781,
    25.047122520318));
#5071 = CARTESIAN_POINT('',(-20.00019924737,-67.95288446142,
    25.340011604556));
#5072 = CARTESIAN_POINT('',(-20.02245247869,-68.00821543323,
    25.653122191554));
#5073 = CARTESIAN_POINT('',(-20.04187332954,-68.02448537422,
    25.981970433362));
#5074 = CARTESIAN_POINT('',(-20.05642725043,-67.99634513681,
    26.320787793934));
#5075 = CARTESIAN_POINT('',(-20.07142046727,-67.85254290102,
    26.953663634569));
#5076 = CARTESIAN_POINT('',(-20.07343637638,-67.7518413693,
    27.239910263367));
#5077 = CARTESIAN_POINT('',(-20.06990842501,-67.61744435088,
    27.512941253556));
#5078 = CARTESIAN_POINT('',(-20.06092081409,-67.45293746583,
    27.765597536952));
#5079 = CARTESIAN_POINT('',(-20.04751863553,-67.26429225868,
    27.992139950674));
#5080 = CARTESIAN_POINT('',(-20.03129468686,-67.05953606148,
    28.188931038216));
#5081 = CARTESIAN_POINT('',(-19.99281822169,-66.59367525498,
    28.555508787232));
#5082 = CARTESIAN_POINT('',(-19.969620173,-66.32493809553,28.71492978757
    ));
#5083 = CARTESIAN_POINT('',(-19.94619369929,-66.04917156071,
    28.83622347688));
#5084 = CARTESIAN_POINT('',(-19.92403313945,-65.77105827222,
    28.922487973545));
#5085 = CARTESIAN_POINT('',(-19.90414016549,-65.49390973748,
    28.976556603314));
#5086 = CARTESIAN_POINT('',(-19.88719125152,-65.22011024158,
    29.000812531407));
#5087 = CARTESIAN_POINT('',(-19.85352500925,-64.55356908003,
    28.991488856036));
#5088 = CARTESIAN_POINT('',(-19.84083256737,-64.1668698645,
    28.924509891832));
#5089 = CARTESIAN_POINT('',(-19.83694580859,-63.79686221954,
    28.801920790349));
#5090 = CARTESIAN_POINT('',(-19.84223509471,-63.44776343734,
    28.62656013096));
#5091 = CARTESIAN_POINT('',(-19.856468077,-63.12471862935,
    28.399589473633));
#5092 = CARTESIAN_POINT('',(-19.87864022079,-62.83445407864,
    28.120827690996));
#5093 = CARTESIAN_POINT('',(-19.92343751949,-62.43571812668,
    27.585854907171));
#5094 = CARTESIAN_POINT('',(-19.94272171956,-62.29954131981,
    27.360897264287));
#5095 = CARTESIAN_POINT('',(-19.96359337961,-62.18274844326,
    27.115551298135));
#5096 = CARTESIAN_POINT('',(-19.98518924934,-62.08912773866,
    26.850521099527));
#5097 = CARTESIAN_POINT('',(-20.00634159532,-62.02300216874,
    26.567110314518));
#5098 = CARTESIAN_POINT('',(-20.02555058432,-61.98929576101,
    26.267512728855));
#5099 = CARTESIAN_POINT('',(-20.05573607979,-61.99772594809,
    25.664846240544));
#5100 = CARTESIAN_POINT('',(-20.06722891682,-62.03478934091,
    25.362662625387));
#5101 = CARTESIAN_POINT('',(-20.07395060343,-62.10963959868,
    25.059070707106));
#5102 = CARTESIAN_POINT('',(-20.07464881008,-62.22270847592,
    24.764365968831));
#5103 = CARTESIAN_POINT('',(-20.06922940738,-62.37054021851,
    24.487982383208));
#5104 = CARTESIAN_POINT('',(-20.05880106495,-62.54621070662,
    24.237434470485));
#5105 = CARTESIAN_POINT('',(-20.02532847111,-63.01533678576,
    23.703465953054));
#5106 = CARTESIAN_POINT('',(-19.99888168457,-63.32602555661,
    23.45265017751));
#5107 = CARTESIAN_POINT('',(-19.96953728795,-63.65571644251,
    23.261546686361));
#5108 = CARTESIAN_POINT('',(-19.9407212517,-63.99386632786,
    23.125221012917));
#5109 = CARTESIAN_POINT('',(-19.91465379138,-64.3328163089,
    23.038704007893));
#5110 = CARTESIAN_POINT('',(-19.89274405511,-64.66726401317,
    22.997347344787));
#5111 = CARTESIAN_POINT('',(-19.87577116265,-64.99336836196,
    22.997347344787));
#5112 = PCURVE('',#2962,#5113);
#5113 = DEFINITIONAL_REPRESENTATION('',(#5114),#5171);
#5114 = B_SPLINE_CURVE_WITH_KNOTS('',7,(#5115,#5116,#5117,#5118,#5119,
    #5120,#5121,#5122,#5123,#5124,#5125,#5126,#5127,#5128,#5129,#5130,
    #5131,#5132,#5133,#5134,#5135,#5136,#5137,#5138,#5139,#5140,#5141,
    #5142,#5143,#5144,#5145,#5146,#5147,#5148,#5149,#5150,#5151,#5152,
    #5153,#5154,#5155,#5156,#5157,#5158,#5159,#5160,#5161,#5162,#5163,
    #5164,#5165,#5166,#5167,#5168,#5169,#5170),.UNSPECIFIED.,.T.,.F.,(8,
    6,6,6,6,6,6,6,6,8),(0.,6.825670632093E-02,0.189736563472,
    0.297911892854,0.390340619714,0.501982115735,0.667277870581,
    0.769409805032,0.864478840093,1.),.UNSPECIFIED.);
#5115 = CARTESIAN_POINT('',(4.851624177135,68.885827970938));
#5116 = CARTESIAN_POINT('',(4.85470325835,69.038825754979));
#5117 = CARTESIAN_POINT('',(4.857257690583,69.194109713805));
#5118 = CARTESIAN_POINT('',(4.859297399958,69.351125085039));
#5119 = CARTESIAN_POINT('',(4.860830129896,69.509392331018));
#5120 = CARTESIAN_POINT('',(4.861861235499,69.668484359782));
#5121 = CARTESIAN_POINT('',(4.862393477943,69.828003746048));
#5122 = CARTESIAN_POINT('',(4.862486157359,70.27153007287));
#5123 = CARTESIAN_POINT('',(4.860965180213,70.555313108891));
#5124 = CARTESIAN_POINT('',(4.857869550572,70.836916522343));
#5125 = CARTESIAN_POINT('',(4.853170682872,71.114184797222));
#5126 = CARTESIAN_POINT('',(4.846813152139,71.384455360475));
#5127 = CARTESIAN_POINT('',(4.838722732101,71.644119700501));
#5128 = CARTESIAN_POINT('',(4.819996447776,72.105097019695));
#5129 = CARTESIAN_POINT('',(4.809616515465,72.312637055006));
#5130 = CARTESIAN_POINT('',(4.797652861566,72.503713349487));
#5131 = CARTESIAN_POINT('',(4.784148814556,72.67137321978));
#5132 = CARTESIAN_POINT('',(4.769209829771,72.808610651695));
#5133 = CARTESIAN_POINT('',(4.753002232824,72.908316705885));
#5134 = CARTESIAN_POINT('',(4.721054420393,73.009843868361));
#5135 = CARTESIAN_POINT('',(4.705950419778,73.022654172494));
#5136 = CARTESIAN_POINT('',(4.69083556177,72.99927083768));
#5137 = CARTESIAN_POINT('',(4.676100605399,72.940364217393));
#5138 = CARTESIAN_POINT('',(4.66211605657,72.849347279962));
#5139 = CARTESIAN_POINT('',(4.649198806458,72.732322298647));
#5140 = CARTESIAN_POINT('',(4.623547829682,72.435924956764));
#5141 = CARTESIAN_POINT('',(4.611147940294,72.245616241376));
#5142 = CARTESIAN_POINT('',(4.600371869384,72.034620786986));
#5143 = CARTESIAN_POINT('',(4.591168942043,71.808436910955));
#5144 = CARTESIAN_POINT('',(4.583475217228,71.571191541515));
#5145 = CARTESIAN_POINT('',(4.577229201552,71.325983517131));
#5146 = CARTESIAN_POINT('',(4.565208725932,70.703652859015));
#5147 = CARTESIAN_POINT('',(4.561102957136,70.319736288195));
#5148 = CARTESIAN_POINT('',(4.559911199135,69.930664365091));
#5149 = CARTESIAN_POINT('',(4.561584666299,69.541406969101));
#5150 = CARTESIAN_POINT('',(4.566162418611,69.157172608836));
#5151 = CARTESIAN_POINT('',(4.573766639361,68.784139212318));
#5152 = CARTESIAN_POINT('',(4.591279810243,68.215238271093));
#5153 = CARTESIAN_POINT('',(4.599225005103,68.005254108931));
#5154 = CARTESIAN_POINT('',(4.6084720384,67.805695441083));
#5155 = CARTESIAN_POINT('',(4.619054014981,67.620341054365));
#5156 = CARTESIAN_POINT('',(4.630985924739,67.453688880887));
#5157 = CARTESIAN_POINT('',(4.644254417796,67.311125517));
#5158 = CARTESIAN_POINT('',(4.672331236148,67.095128034501));
#5159 = CARTESIAN_POINT('',(4.687006296849,67.017312353595));
#5160 = CARTESIAN_POINT('',(4.702435973113,66.974057865384));
#5161 = CARTESIAN_POINT('',(4.718156355486,66.969589090292));
#5162 = CARTESIAN_POINT('',(4.733676396172,67.00420113066));
#5163 = CARTESIAN_POINT('',(4.748525404696,67.074255925385));
#5164 = CARTESIAN_POINT('',(4.781950515566,67.311517626106));
#5165 = CARTESIAN_POINT('',(4.799347078955,67.506834267446));
#5166 = CARTESIAN_POINT('',(4.814355554219,67.741970515364));
#5167 = CARTESIAN_POINT('',(4.826999740942,68.005304717879));
#5168 = CARTESIAN_POINT('',(4.837355493155,68.287880265632));
#5169 = CARTESIAN_POINT('',(4.845530722262,68.583047684288));
#5170 = CARTESIAN_POINT('',(4.851624177135,68.885827970938));
#5171 = ( GEOMETRIC_REPRESENTATION_CONTEXT(2) 
PARAMETRIC_REPRESENTATION_CONTEXT() REPRESENTATION_CONTEXT('2D SPACE',''
  ) );
#5172 = PCURVE('',#5173,#5178);
#5173 = CYLINDRICAL_SURFACE('',#5174,3.);
#5174 = AXIS2_PLACEMENT_3D('',#5175,#5176,#5177);
#5175 = CARTESIAN_POINT('',(0.,-64.99336836196,25.997347344787));
#5176 = DIRECTION('',(-1.,0.,0.));
#5177 = DIRECTION('',(0.,0.,-1.));
#5178 = DEFINITIONAL_REPRESENTATION('',(#5179),#5236);
#5179 = B_SPLINE_CURVE_WITH_KNOTS('',7,(#5180,#5181,#5182,#5183,#5184,
    #5185,#5186,#5187,#5188,#5189,#5190,#5191,#5192,#5193,#5194,#5195,
    #5196,#5197,#5198,#5199,#5200,#5201,#5202,#5203,#5204,#5205,#5206,
    #5207,#5208,#5209,#5210,#5211,#5212,#5213,#5214,#5215,#5216,#5217,
    #5218,#5219,#5220,#5221,#5222,#5223,#5224,#5225,#5226,#5227,#5228,
    #5229,#5230,#5231,#5232,#5233,#5234,#5235),.UNSPECIFIED.,.F.,.F.,(8,
    6,6,6,6,6,6,6,6,8),(0.,6.825670632093E-02,0.189736563472,
    0.297911892854,0.390340619714,0.501982115735,0.667277870581,
    0.769409805032,0.864478840093,1.),.UNSPECIFIED.);
#5180 = CARTESIAN_POINT('',(0.,19.875771162658));
#5181 = CARTESIAN_POINT('',(5.492788547914E-02,19.867194597246));
#5182 = CARTESIAN_POINT('',(0.109268706265,19.859859761377));
#5183 = CARTESIAN_POINT('',(0.163147571557,19.853873233939));
#5184 = CARTESIAN_POINT('',(0.216682277304,19.849310418328));
#5185 = CARTESIAN_POINT('',(0.269986638805,19.846218941967));
#5186 = CARTESIAN_POINT('',(0.323173823311,19.844622055823));
#5187 = CARTESIAN_POINT('',(0.471017203339,19.844344019965));
#5188 = CARTESIAN_POINT('',(0.565568886654,19.848906816368));
#5189 = CARTESIAN_POINT('',(0.660736857324,19.858201351234));
#5190 = CARTESIAN_POINT('',(0.757170650374,19.872008587749));
#5191 = CARTESIAN_POINT('',(0.855555233873,19.889885441367));
#5192 = CARTESIAN_POINT('',(0.956596336226,19.911029713936));
#5193 = CARTESIAN_POINT('',(1.15431866127,19.954688882646));
#5194 = CARTESIAN_POINT('',(1.251531087649,19.977079539409));
#5195 = CARTESIAN_POINT('',(1.352489657707,20.000199247378));
#5196 = CARTESIAN_POINT('',(1.457071997878,20.022452478692));
#5197 = CARTESIAN_POINT('',(1.565353972338,20.041873329543));
#5198 = CARTESIAN_POINT('',(1.677564388444,20.056427250432));
#5199 = CARTESIAN_POINT('',(1.893900267391,20.071420467272));
#5200 = CARTESIAN_POINT('',(1.994381547027,20.073436376383));
#5201 = CARTESIAN_POINT('',(2.094674336365,20.069908425012));
#5202 = CARTESIAN_POINT('',(2.193918055169,20.060920814091));
#5203 = CARTESIAN_POINT('',(2.291202043259,20.047518635531));
#5204 = CARTESIAN_POINT('',(2.385404087976,20.031294686861));
#5205 = CARTESIAN_POINT('',(2.583002315898,19.992818221697));
#5206 = CARTESIAN_POINT('',(2.686261574527,19.969620173008));
#5207 = CARTESIAN_POINT('',(2.785565069927,19.946193699293));
#5208 = CARTESIAN_POINT('',(2.881562751101,19.924033139454));
#5209 = CARTESIAN_POINT('',(2.974859443797,19.904140165497));
#5210 = CARTESIAN_POINT('',(3.066003720812,19.887191251523));
#5211 = CARTESIAN_POINT('',(3.288205843755,19.853525009254));
#5212 = CARTESIAN_POINT('',(3.417405205837,19.840832567371));
#5213 = CARTESIAN_POINT('',(3.545110495328,19.836945808599));
#5214 = CARTESIAN_POINT('',(3.672832119669,19.842235094715));
#5215 = CARTESIAN_POINT('',(3.802084161913,19.856468077008));
#5216 = CARTESIAN_POINT('',(3.934408692614,19.878640220797));
#5217 = CARTESIAN_POINT('',(4.156816286113,19.923437519496));
#5218 = CARTESIAN_POINT('',(4.244065761395,19.942721719568));
#5219 = CARTESIAN_POINT('',(4.333904744431,19.963593379619));
#5220 = CARTESIAN_POINT('',(4.42663307814,19.985189249348));
#5221 = CARTESIAN_POINT('',(4.522625055527,20.006341595321));
#5222 = CARTESIAN_POINT('',(4.622324130091,20.025550584327));
#5223 = CARTESIAN_POINT('',(4.823232612348,20.055736079795));
#5224 = CARTESIAN_POINT('',(4.924123454487,20.067228916829));
#5225 = CARTESIAN_POINT('',(5.02714358259,20.073950603433));
#5226 = CARTESIAN_POINT('',(5.130906794265,20.07464881008));
#5227 = CARTESIAN_POINT('',(5.234163861465,20.069229407389));
#5228 = CARTESIAN_POINT('',(5.335553723518,20.05880106495));
#5229 = CARTESIAN_POINT('',(5.572478853682,20.025328471112));
#5230 = CARTESIAN_POINT('',(5.703641932587,19.998881684571));
#5231 = CARTESIAN_POINT('',(5.828434161672,19.969537287955));
#5232 = CARTESIAN_POINT('',(5.947916628179,19.940721251705));
#5233 = CARTESIAN_POINT('',(6.06300214646,19.914653791383));
#5234 = CARTESIAN_POINT('',(6.174483857582,19.89274405511));
#5235 = CARTESIAN_POINT('',(6.28318530718,19.875771162658));
#5236 = ( GEOMETRIC_REPRESENTATION_CONTEXT(2) 
PARAMETRIC_REPRESENTATION_CONTEXT() REPRESENTATION_CONTEXT('2D SPACE',''
  ) );
#5237 = ADVANCED_FACE('',(#5238,#5241),#3016,.T.);
#5238 = FACE_BOUND('',#5239,.T.);
#5239 = EDGE_LOOP('',(#5240));
#5240 = ORIENTED_EDGE('',*,*,#3001,.T.);
#5241 = FACE_BOUND('',#5242,.T.);
#5242 = EDGE_LOOP('',(#5243));
#5243 = ORIENTED_EDGE('',*,*,#5244,.F.);
#5244 = EDGE_CURVE('',#5245,#5245,#5247,.T.);
#5245 = VERTEX_POINT('',#5246);
#5246 = CARTESIAN_POINT('',(110.,2.941601611552E-15,12.01));
#5247 = SURFACE_CURVE('',#5248,(#5253,#5260),.PCURVE_S1.);
#5248 = CIRCLE('',#5249,12.01);
#5249 = AXIS2_PLACEMENT_3D('',#5250,#5251,#5252);
#5250 = CARTESIAN_POINT('',(110.,0.,0.));
#5251 = DIRECTION('',(1.,0.,0.));
#5252 = DIRECTION('',(-0.,0.,1.));
#5253 = PCURVE('',#3016,#5254);
#5254 = DEFINITIONAL_REPRESENTATION('',(#5255),#5259);
#5255 = CIRCLE('',#5256,12.01);
#5256 = AXIS2_PLACEMENT_2D('',#5257,#5258);
#5257 = CARTESIAN_POINT('',(0.,0.));
#5258 = DIRECTION('',(1.,0.));
#5259 = ( GEOMETRIC_REPRESENTATION_CONTEXT(2) 
PARAMETRIC_REPRESENTATION_CONTEXT() REPRESENTATION_CONTEXT('2D SPACE',''
  ) );
#5260 = PCURVE('',#5261,#5266);
#5261 = CYLINDRICAL_SURFACE('',#5262,12.01);
#5262 = AXIS2_PLACEMENT_3D('',#5263,#5264,#5265);
#5263 = CARTESIAN_POINT('',(45.,0.,0.));
#5264 = DIRECTION('',(1.,0.,0.));
#5265 = DIRECTION('',(-0.,0.,1.));
#5266 = DEFINITIONAL_REPRESENTATION('',(#5267),#5271);
#5267 = LINE('',#5268,#5269);
#5268 = CARTESIAN_POINT('',(0.,65.));
#5269 = VECTOR('',#5270,1.);
#5270 = DIRECTION('',(1.,0.));
#5271 = ( GEOMETRIC_REPRESENTATION_CONTEXT(2) 
PARAMETRIC_REPRESENTATION_CONTEXT() REPRESENTATION_CONTEXT('2D SPACE',''
  ) );
#5272 = ADVANCED_FACE('',(#5273),#3158,.F.);
#5273 = FACE_BOUND('',#5274,.F.);
#5274 = EDGE_LOOP('',(#5275,#5276,#5299,#5485));
#5275 = ORIENTED_EDGE('',*,*,#3032,.F.);
#5276 = ORIENTED_EDGE('',*,*,#5277,.F.);
#5277 = EDGE_CURVE('',#5278,#3033,#5280,.T.);
#5278 = VERTEX_POINT('',#5279);
#5279 = CARTESIAN_POINT('',(70.,-11.62927770757,-3.));
#5280 = SEAM_CURVE('',#5281,(#5285,#5292),.PCURVE_S1.);
#5281 = LINE('',#5282,#5283);
#5282 = CARTESIAN_POINT('',(70.,0.,-3.));
#5283 = VECTOR('',#5284,1.);
#5284 = DIRECTION('',(0.,-1.,0.));
#5285 = PCURVE('',#3158,#5286);
#5286 = DEFINITIONAL_REPRESENTATION('',(#5287),#5291);
#5287 = LINE('',#5288,#5289);
#5288 = CARTESIAN_POINT('',(6.28318530718,-0.));
#5289 = VECTOR('',#5290,1.);
#5290 = DIRECTION('',(0.,1.));
#5291 = ( GEOMETRIC_REPRESENTATION_CONTEXT(2) 
PARAMETRIC_REPRESENTATION_CONTEXT() REPRESENTATION_CONTEXT('2D SPACE',''
  ) );
#5292 = PCURVE('',#3158,#5293);
#5293 = DEFINITIONAL_REPRESENTATION('',(#5294),#5298);
#5294 = LINE('',#5295,#5296);
#5295 = CARTESIAN_POINT('',(0.,-0.));
#5296 = VECTOR('',#5297,1.);
#5297 = DIRECTION('',(0.,1.));
#5298 = ( GEOMETRIC_REPRESENTATION_CONTEXT(2) 
PARAMETRIC_REPRESENTATION_CONTEXT() REPRESENTATION_CONTEXT('2D SPACE',''
  ) );
#5299 = ORIENTED_EDGE('',*,*,#5300,.T.);
#5300 = EDGE_CURVE('',#5278,#5278,#5301,.T.);
#5301 = SURFACE_CURVE('',#5302,(#5361,#5423),.PCURVE_S1.);
#5302 = B_SPLINE_CURVE_WITH_KNOTS('',8,(#5303,#5304,#5305,#5306,#5307,
    #5308,#5309,#5310,#5311,#5312,#5313,#5314,#5315,#5316,#5317,#5318,
    #5319,#5320,#5321,#5322,#5323,#5324,#5325,#5326,#5327,#5328,#5329,
    #5330,#5331,#5332,#5333,#5334,#5335,#5336,#5337,#5338,#5339,#5340,
    #5341,#5342,#5343,#5344,#5345,#5346,#5347,#5348,#5349,#5350,#5351,
    #5352,#5353,#5354,#5355,#5356,#5357,#5358,#5359,#5360),
  .UNSPECIFIED.,.T.,.F.,(9,7,7,7,7,7,7,7,9),(0.,0.120362495654,
    0.221829167772,0.313760651329,0.424225707139,0.557098880794,
    0.678541936877,0.821570988189,1.),.UNSPECIFIED.);
#5303 = CARTESIAN_POINT('',(70.,-11.62927770757,-3.));
#5304 = CARTESIAN_POINT('',(70.247574801024,-11.62927770757,-3.));
#5305 = CARTESIAN_POINT('',(70.494916236659,-11.63530114997,
    -2.976650564506));
#5306 = CARTESIAN_POINT('',(70.740699303793,-11.64732877631,
    -2.93002639181));
#5307 = CARTESIAN_POINT('',(70.98352835836,-11.6651411312,
    -2.859892676395));
#5308 = CARTESIAN_POINT('',(71.221828053991,-11.68831064284,
    -2.765753257532));
#5309 = CARTESIAN_POINT('',(71.453708203719,-11.71615871278,
    -2.646895101164));
#5310 = CARTESIAN_POINT('',(71.676787518107,-11.74769199534,
    -2.502442938456));
#5311 = CARTESIAN_POINT('',(72.06598247372,-11.81005951783,-2.1872790776
    ));
#5312 = CARTESIAN_POINT('',(72.237030086715,-11.84046459912,
    -2.023045600704));
#5313 = CARTESIAN_POINT('',(72.398061334198,-11.87182088506,
    -1.838364671676));
#5314 = CARTESIAN_POINT('',(72.545875897924,-11.90291521618,
    -1.633251083627));
#5315 = CARTESIAN_POINT('',(72.677109424273,-11.93229247467,
    -1.408114648592));
#5316 = CARTESIAN_POINT('',(72.788207470494,-11.95832634414,
    -1.163797144713));
#5317 = CARTESIAN_POINT('',(72.875368270964,-11.97933895478,
    -0.901658890817));
#5318 = CARTESIAN_POINT('',(72.987965887011,-12.00688747778,
    -0.371928756108));
#5319 = CARTESIAN_POINT('',(73.017593070669,-12.0143923756,
    -0.111118061464));
#5320 = CARTESIAN_POINT('',(73.020932765601,-12.01532234956,
    0.153792662478));
#5321 = CARTESIAN_POINT('',(72.997254990246,-12.00928028608,
    0.41755633585));
#5322 = CARTESIAN_POINT('',(72.947411724441,-11.99665270169,
    0.674908331324));
#5323 = CARTESIAN_POINT('',(72.873816730493,-11.97855484647,
    0.92088006401));
#5324 = CARTESIAN_POINT('',(72.780470948265,-11.95659450998,
    1.151086300439));
#5325 = CARTESIAN_POINT('',(72.543905783095,-11.90360125336,
    1.615371578838));
#5326 = CARTESIAN_POINT('',(72.392375572336,-11.87117304463,
    1.844897723351));
#5327 = CARTESIAN_POINT('',(72.223181265017,-11.83724197838,
    2.050483309937));
#5328 = CARTESIAN_POINT('',(72.040089487423,-11.80351528918,
    2.232577231227));
#5329 = CARTESIAN_POINT('',(71.846100923889,-11.77134041365,
    2.391883660853));
#5330 = CARTESIAN_POINT('',(71.643604591143,-11.7417390734,2.52918743703
    ));
#5331 = CARTESIAN_POINT('',(71.434486169413,-11.71547848991,
    2.645234444217));
#5332 = CARTESIAN_POINT('',(70.962467208117,-11.66622197718,
    2.855390825796));
#5333 = CARTESIAN_POINT('',(70.69706237095,-11.64494826385,
    2.940363934205));
#5334 = CARTESIAN_POINT('',(70.426690100848,-11.63030614087,
    2.996456798206));
#5335 = CARTESIAN_POINT('',(70.153565026497,-11.62289989787,
    3.02425068049));
#5336 = CARTESIAN_POINT('',(69.879648216833,-11.62299342983,
    3.024019203342));
#5337 = CARTESIAN_POINT('',(69.606839840711,-11.63053982049,
    2.995727757216));
#5338 = CARTESIAN_POINT('',(69.337161159048,-11.64517445501,
    2.939017277861));
#5339 = CARTESIAN_POINT('',(68.83146513328,-11.68535953684,
    2.774706678782));
#5340 = CARTESIAN_POINT('',(68.594721365737,-11.70984861831,
    2.671960310227));
#5341 = CARTESIAN_POINT('',(68.364233666774,-11.73909154643,
    2.544352983294));
#5342 = CARTESIAN_POINT('',(68.142006935135,-11.77229856089,
    2.390996475457));
#5343 = CARTESIAN_POINT('',(67.930670749564,-11.80837205988,
    2.210824374095));
#5344 = CARTESIAN_POINT('',(67.733655951974,-11.84578378786,
    2.002750613923));
#5345 = CARTESIAN_POINT('',(67.555444347465,-11.88248728974,
    1.765905407879));
#5346 = CARTESIAN_POINT('',(67.221115592666,-11.95538209578,
    1.186831018136));
#5347 = CARTESIAN_POINT('',(67.068785577168,-11.99158092578,
    0.823360553885));
#5348 = CARTESIAN_POINT('',(66.968402874931,-12.01775923863,
    0.421918612336));
#5349 = CARTESIAN_POINT('',(66.933502793321,-12.02749143965,
    -1.710631636342E-12));
#5350 = CARTESIAN_POINT('',(66.968402874931,-12.01775923863,
    -0.421918612333));
#5351 = CARTESIAN_POINT('',(67.068785577168,-11.99158092578,
    -0.823360553887));
#5352 = CARTESIAN_POINT('',(67.221115592666,-11.95538209578,
    -1.186831018136));
#5353 = CARTESIAN_POINT('',(67.627482354826,-11.86678060434,
    -1.890678896705));
#5354 = CARTESIAN_POINT('',(67.906441463141,-11.81060484673,
    -2.21880031288));
#5355 = CARTESIAN_POINT('',(68.22026419661,-11.75541039539,
    -2.485285454738));
#5356 = CARTESIAN_POINT('',(68.556953467744,-11.70698688701,
    -2.693575608471));
#5357 = CARTESIAN_POINT('',(68.908201303527,-11.66870574875,
    -2.847149021608));
#5358 = CARTESIAN_POINT('',(69.268314400737,-11.6424872994,
    -2.948796258411));
#5359 = CARTESIAN_POINT('',(69.633381900645,-11.62927770757,-3.));
#5360 = CARTESIAN_POINT('',(70.,-11.62927770757,-3.));
#5361 = PCURVE('',#3158,#5362);
#5362 = DEFINITIONAL_REPRESENTATION('',(#5363),#5422);
#5363 = B_SPLINE_CURVE_WITH_KNOTS('',8,(#5364,#5365,#5366,#5367,#5368,
    #5369,#5370,#5371,#5372,#5373,#5374,#5375,#5376,#5377,#5378,#5379,
    #5380,#5381,#5382,#5383,#5384,#5385,#5386,#5387,#5388,#5389,#5390,
    #5391,#5392,#5393,#5394,#5395,#5396,#5397,#5398,#5399,#5400,#5401,
    #5402,#5403,#5404,#5405,#5406,#5407,#5408,#5409,#5410,#5411,#5412,
    #5413,#5414,#5415,#5416,#5417,#5418,#5419,#5420,#5421),
  .UNSPECIFIED.,.F.,.F.,(9,7,7,7,7,7,7,7,9),(0.,0.120362495654,
    0.221829167772,0.313760651329,0.424225707139,0.557098880794,
    0.678541936877,0.821570988189,1.),.UNSPECIFIED.);
#5364 = CARTESIAN_POINT('',(0.,11.629277707579));
#5365 = CARTESIAN_POINT('',(8.252493367466E-02,11.629277707579));
#5366 = CARTESIAN_POINT('',(0.164971993862,11.635301149971));
#5367 = CARTESIAN_POINT('',(0.247756400031,11.647328776317));
#5368 = CARTESIAN_POINT('',(0.33126158298,11.6651411312));
#5369 = CARTESIAN_POINT('',(0.415877584456,11.688310642845));
#5370 = CARTESIAN_POINT('',(0.502011151192,11.716158712786));
#5371 = CARTESIAN_POINT('',(0.590101834714,11.747691995343));
#5372 = CARTESIAN_POINT('',(0.757035278759,11.810059517835));
#5373 = CARTESIAN_POINT('',(0.835796642393,11.840464599128));
#5374 = CARTESIAN_POINT('',(0.916931550215,11.871820885067));
#5375 = CARTESIAN_POINT('',(1.000464070327,11.90291521618));
#5376 = CARTESIAN_POINT('',(1.086482078745,11.93229247467));
#5377 = CARTESIAN_POINT('',(1.175135227788,11.95832634414));
#5378 = CARTESIAN_POINT('',(1.266645882624,11.979338954784));
#5379 = CARTESIAN_POINT('',(1.44716742297,12.006887477782));
#5380 = CARTESIAN_POINT('',(1.534257683273,12.014392375607));
#5381 = CARTESIAN_POINT('',(1.621826400825,12.015322349566));
#5382 = CARTESIAN_POINT('',(1.70919393238,12.009280286088));
#5383 = CARTESIAN_POINT('',(1.79570441545,11.996652701693));
#5384 = CARTESIAN_POINT('',(1.880643302724,11.978554846478));
#5385 = CARTESIAN_POINT('',(1.963141227594,11.956594509982));
#5386 = CARTESIAN_POINT('',(2.136834410825,11.903601253365));
#5387 = CARTESIAN_POINT('',(2.227935407545,11.871173044633));
#5388 = CARTESIAN_POINT('',(2.315896509695,11.837241978382));
#5389 = CARTESIAN_POINT('',(2.40115694179,11.803515289185));
#5390 = CARTESIAN_POINT('',(2.484108131336,11.771340413659));
#5391 = CARTESIAN_POINT('',(2.565115688038,11.741739073406));
#5392 = CARTESIAN_POINT('',(2.644528784402,11.71547848991));
#5393 = CARTESIAN_POINT('',(2.816758477461,11.666221977187));
#5394 = CARTESIAN_POINT('',(2.909098821672,11.644948263855));
#5395 = CARTESIAN_POINT('',(3.00030368491,11.630306140873));
#5396 = CARTESIAN_POINT('',(3.090852653077,11.622899897878));
#5397 = CARTESIAN_POINT('',(3.181204481777,11.622993429832));
#5398 = CARTESIAN_POINT('',(3.271814214299,11.630539820492));
#5399 = CARTESIAN_POINT('',(3.363148890055,11.645174455018));
#5400 = CARTESIAN_POINT('',(3.540388979403,11.685359536843));
#5401 = CARTESIAN_POINT('',(3.626024416293,11.709848618312));
#5402 = CARTESIAN_POINT('',(3.713162452689,11.739091546436));
#5403 = CARTESIAN_POINT('',(3.802271044242,11.772298560898));
#5404 = CARTESIAN_POINT('',(3.893835633855,11.808372059888));
#5405 = CARTESIAN_POINT('',(3.988369683192,11.845783787864));
#5406 = CARTESIAN_POINT('',(4.086443165574,11.882487289749));
#5407 = CARTESIAN_POINT('',(4.309329002107,11.955382095786));
#5408 = CARTESIAN_POINT('',(4.439643788841,11.991580925785));
#5409 = CARTESIAN_POINT('',(4.57491984937,12.017759238634));
#5410 = CARTESIAN_POINT('',(4.712388980387,12.027491439655));
#5411 = CARTESIAN_POINT('',(4.849858111396,12.017759238634));
#5412 = CARTESIAN_POINT('',(4.98513417193,11.991580925785));
#5413 = CARTESIAN_POINT('',(5.115448958662,11.955382095786));
#5414 = CARTESIAN_POINT('',(5.386360133436,11.866780604343));
#5415 = CARTESIAN_POINT('',(5.527574542108,11.810604846733));
#5416 = CARTESIAN_POINT('',(5.661982378837,11.755410395398));
#5417 = CARTESIAN_POINT('',(5.791136372293,11.706986887015));
#5418 = CARTESIAN_POINT('',(5.91647470785,11.668705748755));
#5419 = CARTESIAN_POINT('',(6.039289379803,11.642487299409));
#5420 = CARTESIAN_POINT('',(6.160979274061,11.629277707579));
#5421 = CARTESIAN_POINT('',(6.28318530718,11.629277707579));
#5422 = ( GEOMETRIC_REPRESENTATION_CONTEXT(2) 
PARAMETRIC_REPRESENTATION_CONTEXT() REPRESENTATION_CONTEXT('2D SPACE',''
  ) );
#5423 = PCURVE('',#5261,#5424);
#5424 = DEFINITIONAL_REPRESENTATION('',(#5425),#5484);
#5425 = B_SPLINE_CURVE_WITH_KNOTS('',8,(#5426,#5427,#5428,#5429,#5430,
    #5431,#5432,#5433,#5434,#5435,#5436,#5437,#5438,#5439,#5440,#5441,
    #5442,#5443,#5444,#5445,#5446,#5447,#5448,#5449,#5450,#5451,#5452,
    #5453,#5454,#5455,#5456,#5457,#5458,#5459,#5460,#5461,#5462,#5463,
    #5464,#5465,#5466,#5467,#5468,#5469,#5470,#5471,#5472,#5473,#5474,
    #5475,#5476,#5477,#5478,#5479,#5480,#5481,#5482,#5483),
  .UNSPECIFIED.,.T.,.F.,(9,7,7,7,7,7,7,7,9),(0.,0.120362495654,
    0.221829167772,0.313760651329,0.424225707139,0.557098880794,
    0.678541936877,0.821570988189,1.),.UNSPECIFIED.);
#5426 = CARTESIAN_POINT('',(1.823261601316,25.));
#5427 = CARTESIAN_POINT('',(1.823261601316,25.247574801024));
#5428 = CARTESIAN_POINT('',(1.821253788198,25.494916236659));
#5429 = CARTESIAN_POINT('',(1.817244574839,25.740699303793));
#5430 = CARTESIAN_POINT('',(1.811219623759,25.98352835836));
#5431 = CARTESIAN_POINT('',(1.803147774149,26.221828053991));
#5432 = CARTESIAN_POINT('',(1.792984660472,26.453708203719));
#5433 = CARTESIAN_POINT('',(1.780676114716,26.676787518107));
#5434 = CARTESIAN_POINT('',(1.753925445993,27.06598247372));
#5435 = CARTESIAN_POINT('',(1.74001939476,27.237030086715));
#5436 = CARTESIAN_POINT('',(1.724425053462,27.398061334198));
#5437 = CARTESIAN_POINT('',(1.707157169356,27.545875897924));
#5438 = CARTESIAN_POINT('',(1.688261663099,27.677109424273));
#5439 = CARTESIAN_POINT('',(1.667814721561,27.788207470494));
#5440 = CARTESIAN_POINT('',(1.645926650785,27.875368270964));
#5441 = CARTESIAN_POINT('',(1.601759625049,27.987965887011));
#5442 = CARTESIAN_POINT('',(1.580040336066,28.017593070669));
#5443 = CARTESIAN_POINT('',(1.557994522171,28.020932765601));
#5444 = CARTESIAN_POINT('',(1.536041813222,27.997254990246));
#5445 = CARTESIAN_POINT('',(1.514601258152,27.947411724441));
#5446 = CARTESIAN_POINT('',(1.494073435889,27.873816730492));
#5447 = CARTESIAN_POINT('',(1.474821863547,27.780470948265));
#5448 = CARTESIAN_POINT('',(1.435912637732,27.543905783095));
#5449 = CARTESIAN_POINT('',(1.416618477892,27.392375572336));
#5450 = CARTESIAN_POINT('',(1.399276021418,27.223181265017));
#5451 = CARTESIAN_POINT('',(1.383861006217,27.040089487423));
#5452 = CARTESIAN_POINT('',(1.370331150049,26.846100923889));
#5453 = CARTESIAN_POINT('',(1.358637098237,26.643604591143));
#5454 = CARTESIAN_POINT('',(1.348730539148,26.434486169413));
#5455 = CARTESIAN_POINT('',(1.330757883888,25.962467208117));
#5456 = CARTESIAN_POINT('',(1.323465149623,25.69706237095));
#5457 = CARTESIAN_POINT('',(1.318638236873,25.426690100848));
#5458 = CARTESIAN_POINT('',(1.316243100002,25.153565026497));
#5459 = CARTESIAN_POINT('',(1.316263807171,24.879648216833));
#5460 = CARTESIAN_POINT('',(1.318701887205,24.606839840711));
#5461 = CARTESIAN_POINT('',(1.323578130422,24.337161159048));
#5462 = CARTESIAN_POINT('',(1.337662495594,23.83146513328));
#5463 = CARTESIAN_POINT('',(1.346457063958,23.594721365737));
#5464 = CARTESIAN_POINT('',(1.357356845313,23.364233666774));
#5465 = CARTESIAN_POINT('',(1.370419853592,23.142006935135));
#5466 = CARTESIAN_POINT('',(1.385714982338,22.930670749564));
#5467 = CARTESIAN_POINT('',(1.403310400776,22.733655951974));
#5468 = CARTESIAN_POINT('',(1.423258333612,22.555444347465));
#5469 = CARTESIAN_POINT('',(1.47185487097,22.221115592666));
#5470 = CARTESIAN_POINT('',(1.502258175041,22.068785577168));
#5471 = CARTESIAN_POINT('',(1.535722891791,21.968402874931));
#5472 = CARTESIAN_POINT('',(1.570796326795,21.933502793321));
#5473 = CARTESIAN_POINT('',(1.605869761799,21.968402874931));
#5474 = CARTESIAN_POINT('',(1.639334478549,22.068785577168));
#5475 = CARTESIAN_POINT('',(1.66973778262,22.221115592666));
#5476 = CARTESIAN_POINT('',(1.728805443582,22.627482354826));
#5477 = CARTESIAN_POINT('',(1.756496367554,22.906441463141));
#5478 = CARTESIAN_POINT('',(1.779139082668,23.22026419661));
#5479 = CARTESIAN_POINT('',(1.796940358647,23.556953467745));
#5480 = CARTESIAN_POINT('',(1.810117905959,23.908201303526));
#5481 = CARTESIAN_POINT('',(1.818858611799,24.268314400737));
#5482 = CARTESIAN_POINT('',(1.823261601316,24.633381900645));
#5483 = CARTESIAN_POINT('',(1.823261601316,25.));
#5484 = ( GEOMETRIC_REPRESENTATION_CONTEXT(2) 
PARAMETRIC_REPRESENTATION_CONTEXT() REPRESENTATION_CONTEXT('2D SPACE',''
  ) );
#5485 = ORIENTED_EDGE('',*,*,#5277,.T.);
#5486 = ADVANCED_FACE('',(#5487,#5490),#3268,.T.);
#5487 = FACE_BOUND('',#5488,.T.);
#5488 = EDGE_LOOP('',(#5489));
#5489 = ORIENTED_EDGE('',*,*,#3253,.T.);
#5490 = FACE_BOUND('',#5491,.T.);
#5491 = EDGE_LOOP('',(#5492));
#5492 = ORIENTED_EDGE('',*,*,#5493,.F.);
#5493 = EDGE_CURVE('',#5494,#5494,#5496,.T.);
#5494 = VERTEX_POINT('',#5495);
#5495 = CARTESIAN_POINT('',(-12.01,-2.941601611552E-15,-110.));
#5496 = SURFACE_CURVE('',#5497,(#5502,#5509),.PCURVE_S1.);
#5497 = CIRCLE('',#5498,12.01);
#5498 = AXIS2_PLACEMENT_3D('',#5499,#5500,#5501);
#5499 = CARTESIAN_POINT('',(0.,0.,-110.));
#5500 = DIRECTION('',(0.,0.,-1.));
#5501 = DIRECTION('',(-1.,0.,-0.));
#5502 = PCURVE('',#3268,#5503);
#5503 = DEFINITIONAL_REPRESENTATION('',(#5504),#5508);
#5504 = CIRCLE('',#5505,12.01);
#5505 = AXIS2_PLACEMENT_2D('',#5506,#5507);
#5506 = CARTESIAN_POINT('',(0.,0.));
#5507 = DIRECTION('',(1.,0.));
#5508 = ( GEOMETRIC_REPRESENTATION_CONTEXT(2) 
PARAMETRIC_REPRESENTATION_CONTEXT() REPRESENTATION_CONTEXT('2D SPACE',''
  ) );
#5509 = PCURVE('',#5510,#5515);
#5510 = CYLINDRICAL_SURFACE('',#5511,12.01);
#5511 = AXIS2_PLACEMENT_3D('',#5512,#5513,#5514);
#5512 = CARTESIAN_POINT('',(0.,0.,-45.));
#5513 = DIRECTION('',(0.,0.,-1.));
#5514 = DIRECTION('',(-1.,0.,-0.));
#5515 = DEFINITIONAL_REPRESENTATION('',(#5516),#5520);
#5516 = LINE('',#5517,#5518);
#5517 = CARTESIAN_POINT('',(0.,65.));
#5518 = VECTOR('',#5519,1.);
#5519 = DIRECTION('',(1.,0.));
#5520 = ( GEOMETRIC_REPRESENTATION_CONTEXT(2) 
PARAMETRIC_REPRESENTATION_CONTEXT() REPRESENTATION_CONTEXT('2D SPACE',''
  ) );
#5521 = ADVANCED_FACE('',(#5522),#3409,.F.);
#5522 = FACE_BOUND('',#5523,.F.);
#5523 = EDGE_LOOP('',(#5524,#5525,#5548,#5734));
#5524 = ORIENTED_EDGE('',*,*,#3283,.F.);
#5525 = ORIENTED_EDGE('',*,*,#5526,.F.);
#5526 = EDGE_CURVE('',#5527,#3284,#5529,.T.);
#5527 = VERTEX_POINT('',#5528);
#5528 = CARTESIAN_POINT('',(-7.347880794884E-16,-12.01,-73.));
#5529 = SEAM_CURVE('',#5530,(#5534,#5541),.PCURVE_S1.);
#5530 = LINE('',#5531,#5532);
#5531 = CARTESIAN_POINT('',(-7.347880794884E-16,0.,-73.));
#5532 = VECTOR('',#5533,1.);
#5533 = DIRECTION('',(0.,-1.,0.));
#5534 = PCURVE('',#3409,#5535);
#5535 = DEFINITIONAL_REPRESENTATION('',(#5536),#5540);
#5536 = LINE('',#5537,#5538);
#5537 = CARTESIAN_POINT('',(6.28318530718,-0.));
#5538 = VECTOR('',#5539,1.);
#5539 = DIRECTION('',(0.,1.));
#5540 = ( GEOMETRIC_REPRESENTATION_CONTEXT(2) 
PARAMETRIC_REPRESENTATION_CONTEXT() REPRESENTATION_CONTEXT('2D SPACE',''
  ) );
#5541 = PCURVE('',#3409,#5542);
#5542 = DEFINITIONAL_REPRESENTATION('',(#5543),#5547);
#5543 = LINE('',#5544,#5545);
#5544 = CARTESIAN_POINT('',(0.,-0.));
#5545 = VECTOR('',#5546,1.);
#5546 = DIRECTION('',(0.,1.));
#5547 = ( GEOMETRIC_REPRESENTATION_CONTEXT(2) 
PARAMETRIC_REPRESENTATION_CONTEXT() REPRESENTATION_CONTEXT('2D SPACE',''
  ) );
#5548 = ORIENTED_EDGE('',*,*,#5549,.T.);
#5549 = EDGE_CURVE('',#5527,#5527,#5550,.T.);
#5550 = SURFACE_CURVE('',#5551,(#5610,#5672),.PCURVE_S1.);
#5551 = B_SPLINE_CURVE_WITH_KNOTS('',8,(#5552,#5553,#5554,#5555,#5556,
    #5557,#5558,#5559,#5560,#5561,#5562,#5563,#5564,#5565,#5566,#5567,
    #5568,#5569,#5570,#5571,#5572,#5573,#5574,#5575,#5576,#5577,#5578,
    #5579,#5580,#5581,#5582,#5583,#5584,#5585,#5586,#5587,#5588,#5589,
    #5590,#5591,#5592,#5593,#5594,#5595,#5596,#5597,#5598,#5599,#5600,
    #5601,#5602,#5603,#5604,#5605,#5606,#5607,#5608,#5609),
  .UNSPECIFIED.,.T.,.F.,(9,7,7,7,7,7,7,7,9),(0.,6.748807732582E-02,
    0.171880696317,0.345315885408,0.435756793544,0.536364976974,
    0.730389549442,0.847047702815,1.),.UNSPECIFIED.);
#5552 = CARTESIAN_POINT('',(8.881784197001E-16,-12.01,-73.));
#5553 = CARTESIAN_POINT('',(0.216548386017,-12.01,-73.));
#5554 = CARTESIAN_POINT('',(0.431387694743,-12.00553812355,
    -72.98213569456));
#5555 = CARTESIAN_POINT('',(0.642258770715,-11.99673572594,
    -72.94690154475));
#5556 = CARTESIAN_POINT('',(0.846985770745,-11.98396917032,
    -72.8952319991));
#5557 = CARTESIAN_POINT('',(1.043541560489,-11.96783795296,
    -72.82849224314));
#5558 = CARTESIAN_POINT('',(1.230112447051,-11.94910926326,
    -72.74847431074));
#5559 = CARTESIAN_POINT('',(1.40516224762,-11.92863897843,
    -72.65739855703));
#5560 = CARTESIAN_POINT('',(1.818598026654,-11.87421350115,
    -72.40404478579));
#5561 = CARTESIAN_POINT('',(2.042480739733,-11.83858436005,
    -72.22809975787));
#5562 = CARTESIAN_POINT('',(2.239522570624,-11.80260030762,
    -72.03522609556));
#5563 = CARTESIAN_POINT('',(2.410555607604,-11.76805310542,
    -71.82936002167));
#5564 = CARTESIAN_POINT('',(2.556572002671,-11.73628826414,
    -71.61353071554));
#5565 = CARTESIAN_POINT('',(2.678530298685,-11.70828220768,
    -71.39007461103));
#5566 = CARTESIAN_POINT('',(2.777223316656,-11.68474404825,
    -71.16078945176));
#5567 = CARTESIAN_POINT('',(2.979344648954,-11.63531167856,
    -70.53872395484));
#5568 = CARTESIAN_POINT('',(3.04231292801,-11.61825911255,
    -70.13939949985));
#5569 = CARTESIAN_POINT('',(3.04503561538,-11.61716593109,
    -69.73594538147));
#5570 = CARTESIAN_POINT('',(2.988070573944,-11.63260981011,
    -69.33362968943));
#5571 = CARTESIAN_POINT('',(2.870296825249,-11.66395306604,
    -68.93812971867));
#5572 = CARTESIAN_POINT('',(2.689132138259,-11.70909247436,
    -68.55645501396));
#5573 = CARTESIAN_POINT('',(2.440783446572,-11.76384373133,
    -68.19814275945));
#5574 = CARTESIAN_POINT('',(1.954730545355,-11.85106638023,
    -67.71208985823));
#5575 = CARTESIAN_POINT('',(1.773152553743,-11.8808812108,
    -67.56041473057));
#5576 = CARTESIAN_POINT('',(1.578181039004,-11.90948628134,
    -67.42527180696));
#5577 = CARTESIAN_POINT('',(1.371600450933,-11.93577214525,
    -67.30803539622));
#5578 = CARTESIAN_POINT('',(1.155342155028,-11.95874334752,
    -67.20983450108));
#5579 = CARTESIAN_POINT('',(0.931448180258,-11.97758834361,
    -67.13154799895));
#5580 = CARTESIAN_POINT('',(0.702041578427,-11.99172579407,
    -67.07379708512));
#5581 = CARTESIAN_POINT('',(0.210401020965,-12.0109518506,
    -66.99592887058));
#5582 = CARTESIAN_POINT('',(-5.433177426083E-02,-12.01491100781,
    -66.98050133627));
#5583 = CARTESIAN_POINT('',(-0.320107026735,-12.01203692839,
    -66.99203387245));
#5584 = CARTESIAN_POINT('',(-0.581949743636,-12.00227890885,
    -67.0304344628));
#5585 = CARTESIAN_POINT('',(-0.834993293243,-11.98632493701,
    -67.0942095328));
#5586 = CARTESIAN_POINT('',(-1.074760770308,-11.96549100422,
    -67.18048094783));
#5587 = CARTESIAN_POINT('',(-1.297420019527,-11.94146097623,
    -67.28496418238));
#5588 = CARTESIAN_POINT('',(-1.890678896705,-11.86678060434,
    -67.62748235482));
#5589 = CARTESIAN_POINT('',(-2.218800312879,-11.81060484673,
    -67.90644146314));
#5590 = CARTESIAN_POINT('',(-2.485285454739,-11.75541039539,
    -68.22026419661));
#5591 = CARTESIAN_POINT('',(-2.693575608471,-11.70698688701,
    -68.55695346774));
#5592 = CARTESIAN_POINT('',(-2.847149021608,-11.66870574875,
    -68.90820130352));
#5593 = CARTESIAN_POINT('',(-2.948796258411,-11.6424872994,
    -69.26831440073));
#5594 = CARTESIAN_POINT('',(-3.,-11.62927770757,-69.63338190064));
#5595 = CARTESIAN_POINT('',(-3.,-11.62927770757,-70.22043079348));
#5596 = CARTESIAN_POINT('',(-2.981489901095,-11.63405290753,
    -70.44073204361));
#5597 = CARTESIAN_POINT('',(-2.94450622962,-11.64359315648,
    -70.65993646211));
#5598 = CARTESIAN_POINT('',(-2.888906064368,-11.6577606113,
    -70.87703797861));
#5599 = CARTESIAN_POINT('',(-2.814386781111,-11.6762824074,
    -71.09093460463));
#5600 = CARTESIAN_POINT('',(-2.720508350512,-11.69873251874,
    -71.30035280053));
#5601 = CARTESIAN_POINT('',(-2.606718189471,-11.72450280687,
    -71.50375334552));
#5602 = CARTESIAN_POINT('',(-2.296243821408,-11.78981597245,
    -71.95549635422));
#5603 = CARTESIAN_POINT('',(-2.079622309348,-11.83223563313,
    -72.20564329205));
#5604 = CARTESIAN_POINT('',(-1.820968325719,-11.87785108067,
    -72.43881898533));
#5605 = CARTESIAN_POINT('',(-1.521141087012,-11.92309437277,
    -72.64460522257));
#5606 = CARTESIAN_POINT('',(-1.183161145283,-11.96329960671,
    -72.81303956156));
#5607 = CARTESIAN_POINT('',(-0.811970873479,-11.99365744073,
    -72.9345759218));
#5608 = CARTESIAN_POINT('',(-0.414413960048,-12.01,-73.));
#5609 = CARTESIAN_POINT('',(8.881784197001E-16,-12.01,-73.));
#5610 = PCURVE('',#3409,#5611);
#5611 = DEFINITIONAL_REPRESENTATION('',(#5612),#5671);
#5612 = B_SPLINE_CURVE_WITH_KNOTS('',8,(#5613,#5614,#5615,#5616,#5617,
    #5618,#5619,#5620,#5621,#5622,#5623,#5624,#5625,#5626,#5627,#5628,
    #5629,#5630,#5631,#5632,#5633,#5634,#5635,#5636,#5637,#5638,#5639,
    #5640,#5641,#5642,#5643,#5644,#5645,#5646,#5647,#5648,#5649,#5650,
    #5651,#5652,#5653,#5654,#5655,#5656,#5657,#5658,#5659,#5660,#5661,
    #5662,#5663,#5664,#5665,#5666,#5667,#5668,#5669,#5670),
  .UNSPECIFIED.,.F.,.F.,(9,7,7,7,7,7,7,7,9),(0.,6.748807732582E-02,
    0.171880696317,0.345315885408,0.435756793544,0.536364976974,
    0.730389549442,0.847047702815,1.),.UNSPECIFIED.);
#5613 = CARTESIAN_POINT('',(0.,12.01));
#5614 = CARTESIAN_POINT('',(7.2182795339E-02,12.01));
#5615 = CARTESIAN_POINT('',(0.143795835317,12.005538123553));
#5616 = CARTESIAN_POINT('',(0.214659503582,11.996735725947));
#5617 = CARTESIAN_POINT('',(0.284582892788,11.983969170323));
#5618 = CARTESIAN_POINT('',(0.353349964007,11.967837952962));
#5619 = CARTESIAN_POINT('',(0.420701901136,11.949109263265));
#5620 = CARTESIAN_POINT('',(0.48631566032,11.928638978431));
#5621 = CARTESIAN_POINT('',(0.647945304461,11.874213501154));
#5622 = CARTESIAN_POINT('',(0.742219610872,11.838584360058));
#5623 = CARTESIAN_POINT('',(0.833254312274,11.802600307622));
#5624 = CARTESIAN_POINT('',(0.921565589281,11.768053105424));
#5625 = CARTESIAN_POINT('',(1.007620512128,11.736288264149));
#5626 = CARTESIAN_POINT('',(1.091861208696,11.70828220768));
#5627 = CARTESIAN_POINT('',(1.174714671392,11.684744048254));
#5628 = CARTESIAN_POINT('',(1.392740795065,11.635311678568));
#5629 = CARTESIAN_POINT('',(1.525821038538,11.618259112556));
#5630 = CARTESIAN_POINT('',(1.657841155798,11.617165931099));
#5631 = CARTESIAN_POINT('',(1.790338462629,11.632609810111));
#5632 = CARTESIAN_POINT('',(1.924744939381,11.663953066049));
#5633 = CARTESIAN_POINT('',(2.062605815425,11.709092474368));
#5634 = CARTESIAN_POINT('',(2.205598139206,11.763843731339));
#5635 = CARTESIAN_POINT('',(2.434725674184,11.851066380235));
#5636 = CARTESIAN_POINT('',(2.513274063481,11.880881210802));
#5637 = CARTESIAN_POINT('',(2.591821108488,11.909486281348));
#5638 = CARTESIAN_POINT('',(2.670360661817,11.935772145259));
#5639 = CARTESIAN_POINT('',(2.748894431907,11.958743347524));
#5640 = CARTESIAN_POINT('',(2.827427884155,11.97758834361));
#5641 = CARTESIAN_POINT('',(2.905966589565,11.991725794078));
#5642 = CARTESIAN_POINT('',(3.071889562516,12.010951850605));
#5643 = CARTESIAN_POINT('',(3.159851703567,12.014911007811));
#5644 = CARTESIAN_POINT('',(3.247768493724,12.012036928397));
#5645 = CARTESIAN_POINT('',(3.335078389121,12.002278908859));
#5646 = CARTESIAN_POINT('',(3.421213006526,11.986324937018));
#5647 = CARTESIAN_POINT('',(3.505528142588,11.965491004227));
#5648 = CARTESIAN_POINT('',(3.587218358349,11.941460976239));
#5649 = CARTESIAN_POINT('',(3.815563806641,11.866780604343));
#5650 = CARTESIAN_POINT('',(3.956778215314,11.810604846733));
#5651 = CARTESIAN_POINT('',(4.091186052042,11.755410395398));
#5652 = CARTESIAN_POINT('',(4.220340045499,11.706986887015));
#5653 = CARTESIAN_POINT('',(4.345678381055,11.668705748755));
#5654 = CARTESIAN_POINT('',(4.468493053008,11.642487299409));
#5655 = CARTESIAN_POINT('',(4.590182947266,11.629277707579));
#5656 = CARTESIAN_POINT('',(4.785865911545,11.629277707579));
#5657 = CARTESIAN_POINT('',(4.859300088326,11.634052907531));
#5658 = CARTESIAN_POINT('',(4.932971632686,11.643593156488));
#5659 = CARTESIAN_POINT('',(5.007149882365,11.657760611303));
#5660 = CARTESIAN_POINT('',(5.082102586567,11.676282407406));
#5661 = CARTESIAN_POINT('',(5.158107722095,11.698732518743));
#5662 = CARTESIAN_POINT('',(5.23546792994,11.724502806871));
#5663 = CARTESIAN_POINT('',(5.418183884098,11.789815972457));
#5664 = CARTESIAN_POINT('',(5.527800246703,11.832235633133));
#5665 = CARTESIAN_POINT('',(5.642385915352,11.877851080675));
#5666 = CARTESIAN_POINT('',(5.761440041098,11.923094372776));
#5667 = CARTESIAN_POINT('',(5.88478278649,11.963299606714));
#5668 = CARTESIAN_POINT('',(6.012528119777,11.993657440736));
#5669 = CARTESIAN_POINT('',(6.145047320497,12.01));
#5670 = CARTESIAN_POINT('',(6.28318530718,12.01));
#5671 = ( GEOMETRIC_REPRESENTATION_CONTEXT(2) 
PARAMETRIC_REPRESENTATION_CONTEXT() REPRESENTATION_CONTEXT('2D SPACE',''
  ) );
#5672 = PCURVE('',#5510,#5673);
#5673 = DEFINITIONAL_REPRESENTATION('',(#5674),#5733);
#5674 = B_SPLINE_CURVE_WITH_KNOTS('',8,(#5675,#5676,#5677,#5678,#5679,
    #5680,#5681,#5682,#5683,#5684,#5685,#5686,#5687,#5688,#5689,#5690,
    #5691,#5692,#5693,#5694,#5695,#5696,#5697,#5698,#5699,#5700,#5701,
    #5702,#5703,#5704,#5705,#5706,#5707,#5708,#5709,#5710,#5711,#5712,
    #5713,#5714,#5715,#5716,#5717,#5718,#5719,#5720,#5721,#5722,#5723,
    #5724,#5725,#5726,#5727,#5728,#5729,#5730,#5731,#5732),
  .UNSPECIFIED.,.T.,.F.,(9,7,7,7,7,7,7,7,9),(0.,6.748807732582E-02,
    0.171880696317,0.345315885408,0.435756793544,0.536364976974,
    0.730389549442,0.847047702815,1.),.UNSPECIFIED.);
#5675 = CARTESIAN_POINT('',(4.712388980385,28.));
#5676 = CARTESIAN_POINT('',(4.694358307111,28.));
#5677 = CARTESIAN_POINT('',(4.676469926705,27.982135694561));
#5678 = CARTESIAN_POINT('',(4.658903071181,27.946901544756));
#5679 = CARTESIAN_POINT('',(4.641830453024,27.895231999101));
#5680 = CARTESIAN_POINT('',(4.625415073193,27.828492243145));
#5681 = CARTESIAN_POINT('',(4.609805958459,27.748474310747));
#5682 = CARTESIAN_POINT('',(4.59513282807,27.657398557036));
#5683 = CARTESIAN_POINT('',(4.560411535067,27.404044785799));
#5684 = CARTESIAN_POINT('',(4.541542446264,27.228099757873));
#5685 = CARTESIAN_POINT('',(4.524870933508,27.035226095565));
#5686 = CARTESIAN_POINT('',(4.510346254214,26.829360021675));
#5687 = CARTESIAN_POINT('',(4.497905736007,26.613530715548));
#5688 = CARTESIAN_POINT('',(4.487487348024,26.390074611033));
#5689 = CARTESIAN_POINT('',(4.479039428184,26.160789451769));
#5690 = CARTESIAN_POINT('',(4.461714005057,25.538723954843));
#5691 = CARTESIAN_POINT('',(4.456283798754,25.139399499852));
#5692 = CARTESIAN_POINT('',(4.456040079641,24.735945381473));
#5693 = CARTESIAN_POINT('',(4.460955043098,24.333629689439));
#5694 = CARTESIAN_POINT('',(4.471103387139,23.938129718677));
#5695 = CARTESIAN_POINT('',(4.486644681785,23.556455013961));
#5696 = CARTESIAN_POINT('',(4.507803267596,23.198142759453));
#5697 = CARTESIAN_POINT('',(4.548920418601,22.712089858235));
#5698 = CARTESIAN_POINT('',(4.564240105121,22.560414730576));
#5699 = CARTESIAN_POINT('',(4.580643888964,22.425271806961));
#5700 = CARTESIAN_POINT('',(4.597976668134,22.308035396228));
#5701 = CARTESIAN_POINT('',(4.616076295178,22.209834501085));
#5702 = CARTESIAN_POINT('',(4.63477674157,22.131547998953));
#5703 = CARTESIAN_POINT('',(4.653909464519,22.07379708512));
#5704 = CARTESIAN_POINT('',(4.694876686847,21.995928870585));
#5705 = CARTESIAN_POINT('',(4.716915447344,21.980501336273));
#5706 = CARTESIAN_POINT('',(4.739033924177,21.992033872454));
#5707 = CARTESIAN_POINT('',(4.760836360552,22.030434462809));
#5708 = CARTESIAN_POINT('',(4.781935097333,22.094209532808));
#5709 = CARTESIAN_POINT('',(4.801966982497,22.180480947832));
#5710 = CARTESIAN_POINT('',(4.820611182574,22.284964182388));
#5711 = CARTESIAN_POINT('',(4.870398097172,22.627482354826));
#5712 = CARTESIAN_POINT('',(4.898089021144,22.90644146314));
#5713 = CARTESIAN_POINT('',(4.920731736258,23.220264196611));
#5714 = CARTESIAN_POINT('',(4.938533012237,23.556953467743));
#5715 = CARTESIAN_POINT('',(4.951710559549,23.908201303528));
#5716 = CARTESIAN_POINT('',(4.960451265389,24.268314400737));
#5717 = CARTESIAN_POINT('',(4.964854254906,24.633381900645));
#5718 = CARTESIAN_POINT('',(4.964854254906,25.220430793481));
#5719 = CARTESIAN_POINT('',(4.963262563337,25.440732043616));
#5720 = CARTESIAN_POINT('',(4.960082369105,25.659936462113));
#5721 = CARTESIAN_POINT('',(4.955304965732,25.877037978616));
#5722 = CARTESIAN_POINT('',(4.948911641982,26.090934604637));
#5723 = CARTESIAN_POINT('',(4.940875313875,26.300352800531));
#5724 = CARTESIAN_POINT('',(4.931161898088,26.503753345521));
#5725 = CARTESIAN_POINT('',(4.904744760159,26.955496354224));
#5726 = CARTESIAN_POINT('',(4.88636721644,27.205643292052));
#5727 = CARTESIAN_POINT('',(4.864504935866,27.438818985338));
#5728 = CARTESIAN_POINT('',(4.839274194345,27.644605222576));
#5729 = CARTESIAN_POINT('',(4.810966256392,27.813039561569));
#5730 = CARTESIAN_POINT('',(4.779996879368,27.934575921804));
#5731 = CARTESIAN_POINT('',(4.74689472227,28.));
#5732 = CARTESIAN_POINT('',(4.712388980385,28.));
#5733 = ( GEOMETRIC_REPRESENTATION_CONTEXT(2) 
PARAMETRIC_REPRESENTATION_CONTEXT() REPRESENTATION_CONTEXT('2D SPACE',''
  ) );
#5734 = ORIENTED_EDGE('',*,*,#5526,.T.);
#5735 = ADVANCED_FACE('',(#5736),#3646,.F.);
#5736 = FACE_BOUND('',#5737,.F.);
#5737 = EDGE_LOOP('',(#5738,#5968,#5989,#5990));
#5738 = ORIENTED_EDGE('',*,*,#5739,.F.);
#5739 = EDGE_CURVE('',#5740,#5740,#5742,.T.);
#5740 = VERTEX_POINT('',#5741);
#5741 = CARTESIAN_POINT('',(-9.797174393179E-16,12.01,-99.));
#5742 = SURFACE_CURVE('',#5743,(#5816,#5892),.PCURVE_S1.);
#5743 = B_SPLINE_CURVE_WITH_KNOTS('',8,(#5744,#5745,#5746,#5747,#5748,
    #5749,#5750,#5751,#5752,#5753,#5754,#5755,#5756,#5757,#5758,#5759,
    #5760,#5761,#5762,#5763,#5764,#5765,#5766,#5767,#5768,#5769,#5770,
    #5771,#5772,#5773,#5774,#5775,#5776,#5777,#5778,#5779,#5780,#5781,
    #5782,#5783,#5784,#5785,#5786,#5787,#5788,#5789,#5790,#5791,#5792,
    #5793,#5794,#5795,#5796,#5797,#5798,#5799,#5800,#5801,#5802,#5803,
    #5804,#5805,#5806,#5807,#5808,#5809,#5810,#5811,#5812,#5813,#5814,
    #5815),.UNSPECIFIED.,.T.,.F.,(9,7,7,7,7,7,7,7,7,7,9),(0.,
    6.658589029513E-02,0.154651012336,0.245914828399,0.430185512174,
    0.499999998055,0.569814483935,0.754085167711,0.845348983774,
    0.933414107375,1.),.UNSPECIFIED.);
#5744 = CARTESIAN_POINT('',(-8.881784197001E-16,12.01,-99.));
#5745 = CARTESIAN_POINT('',(0.256657190216,12.01,-99.));
#5746 = CARTESIAN_POINT('',(0.511601633301,12.003731834286,
    -98.9811789721));
#5747 = CARTESIAN_POINT('',(0.762563567775,11.991340922024,
    -98.94397735829));
#5748 = CARTESIAN_POINT('',(1.007335602089,11.973265974427,
    -98.88926552116));
#5749 = CARTESIAN_POINT('',(1.243827275263,11.950214090873,
    -98.81833827965));
#5750 = CARTESIAN_POINT('',(1.470118606707,11.923110350197,
    -98.73291732493));
#5751 = CARTESIAN_POINT('',(1.684512635242,11.893021897136,
    -98.63516151634));
#5752 = CARTESIAN_POINT('',(2.151523675831,11.818779782144,
    -98.38553891453));
#5753 = CARTESIAN_POINT('',(2.396614623558,11.772830336127,
    -98.22507751895));
#5754 = CARTESIAN_POINT('',(2.62102229224,11.724999783905,
    -98.04954679101));
#5755 = CARTESIAN_POINT('',(2.825177766718,11.676842042181,
    -97.86158987331));
#5756 = CARTESIAN_POINT('',(3.009651515724,11.62965174318,
    -97.66335526322));
#5757 = CARTESIAN_POINT('',(3.175058157151,11.584487040976,
    -97.4565783501));
#5758 = CARTESIAN_POINT('',(3.321985421084,11.542211139382,
    -97.24264295789));
#5759 = CARTESIAN_POINT('',(3.584573454995,11.463437480108,
    -96.79462471841));
#5760 = CARTESIAN_POINT('',(3.698984374093,11.427181508532,
    -96.55995698015));
#5761 = CARTESIAN_POINT('',(3.79457327871,11.395584839567,
    -96.32001127162));
#5762 = CARTESIAN_POINT('',(3.871677924662,11.369294376474,
    -96.0759779712));
#5763 = CARTESIAN_POINT('',(3.930562741701,11.348792575002,
    -95.82889921683));
#5764 = CARTESIAN_POINT('',(3.971409176561,11.33440857669,
    -95.57971431264));
#5765 = CARTESIAN_POINT('',(3.994304483443,11.326325925399,
    -95.32930416814));
#5766 = CARTESIAN_POINT('',(4.00917197173,11.321075536096,
    -94.57220651744));
#5767 = CARTESIAN_POINT('',(3.945771526468,11.343455429824,
    -94.06864200078));
#5768 = CARTESIAN_POINT('',(3.811051914836,11.391289534626,
    -93.57260117648));
#5769 = CARTESIAN_POINT('',(3.603371141681,11.462488442667,
    -93.08936219124));
#5770 = CARTESIAN_POINT('',(3.318798809539,11.553030812011,
    -92.6265458465));
#5771 = CARTESIAN_POINT('',(2.952194224106,11.656074032977,
    -92.19582657333));
#5772 = CARTESIAN_POINT('',(2.497980618316,11.76025578489,
    -91.81438816165));
#5773 = CARTESIAN_POINT('',(1.748571204947,11.883861017694,
    -91.3946987247));
#5774 = CARTESIAN_POINT('',(1.528013638554,11.916038191285,
    -91.28941962033));
#5775 = CARTESIAN_POINT('',(1.29430317596,11.945188198746,
    -91.19714493119));
#5776 = CARTESIAN_POINT('',(1.04925573304,11.970096723619,-91.1203322052
    ));
#5777 = CARTESIAN_POINT('',(0.794952229176,11.989699109449,-91.060951868
    ));
#5778 = CARTESIAN_POINT('',(0.533677529377,12.003172826495,
    -91.02049967311));
#5779 = CARTESIAN_POINT('',(0.267858331701,12.01,-91.));
#5780 = CARTESIAN_POINT('',(-0.267858331701,12.01,-91.));
#5781 = CARTESIAN_POINT('',(-0.533677529377,12.003172826495,
    -91.02049967311));
#5782 = CARTESIAN_POINT('',(-0.794952229176,11.989699109449,
    -91.060951868));
#5783 = CARTESIAN_POINT('',(-1.04925573304,11.970096723619,
    -91.1203322052));
#5784 = CARTESIAN_POINT('',(-1.294303175961,11.945188198746,
    -91.19714493119));
#5785 = CARTESIAN_POINT('',(-1.528013638554,11.916038191285,
    -91.28941962033));
#5786 = CARTESIAN_POINT('',(-1.748571204947,11.883861017694,
    -91.3946987247));
#5787 = CARTESIAN_POINT('',(-2.497980618317,11.76025578489,
    -91.81438816165));
#5788 = CARTESIAN_POINT('',(-2.952194224103,11.656074032977,
    -92.19582657333));
#5789 = CARTESIAN_POINT('',(-3.318798809545,11.553030812011,
    -92.62654584651));
#5790 = CARTESIAN_POINT('',(-3.603371141673,11.462488442668,
    -93.08936219124));
#5791 = CARTESIAN_POINT('',(-3.811051914841,11.391289534626,
    -93.57260117649));
#5792 = CARTESIAN_POINT('',(-3.945771526467,11.343455429824,
    -94.06864200078));
#5793 = CARTESIAN_POINT('',(-4.00917197173,11.321075536096,
    -94.57220651744));
#5794 = CARTESIAN_POINT('',(-3.994304483443,11.326325925399,
    -95.32930416814));
#5795 = CARTESIAN_POINT('',(-3.971409176561,11.33440857669,
    -95.57971431264));
#5796 = CARTESIAN_POINT('',(-3.930562741701,11.348792575002,
    -95.82889921683));
#5797 = CARTESIAN_POINT('',(-3.871677924662,11.369294376474,
    -96.0759779712));
#5798 = CARTESIAN_POINT('',(-3.79457327871,11.395584839567,
    -96.32001127162));
#5799 = CARTESIAN_POINT('',(-3.698984374093,11.427181508532,
    -96.55995698015));
#5800 = CARTESIAN_POINT('',(-3.584573454995,11.463437480108,
    -96.79462471841));
#5801 = CARTESIAN_POINT('',(-3.3219854188,11.542211140067,
    -97.24264296179));
#5802 = CARTESIAN_POINT('',(-3.175058160353,11.584487039785,
    -97.45657834298));
#5803 = CARTESIAN_POINT('',(-3.009651518094,11.629651743141,
    -97.66335526465));
#5804 = CARTESIAN_POINT('',(-2.825177761237,11.67684204335,
    -97.86158987844));
#5805 = CARTESIAN_POINT('',(-2.621022289879,11.724999783959,
    -98.04954678959));
#5806 = CARTESIAN_POINT('',(-2.39661463211,11.772830334829,
    -98.2250775151));
#5807 = CARTESIAN_POINT('',(-2.151523671233,11.818779782875,
    -98.38553891699));
#5808 = CARTESIAN_POINT('',(-1.684512635242,11.893021897136,
    -98.63516151634));
#5809 = CARTESIAN_POINT('',(-1.470118606707,11.923110350197,
    -98.73291732493));
#5810 = CARTESIAN_POINT('',(-1.243827275263,11.950214090873,
    -98.81833827965));
#5811 = CARTESIAN_POINT('',(-1.007335602089,11.973265974427,
    -98.88926552116));
#5812 = CARTESIAN_POINT('',(-0.762563567775,11.991340922024,
    -98.94397735829));
#5813 = CARTESIAN_POINT('',(-0.511601633301,12.003731834286,
    -98.9811789721));
#5814 = CARTESIAN_POINT('',(-0.256657190215,12.01,-99.));
#5815 = CARTESIAN_POINT('',(-8.881784197001E-16,12.01,-99.));
#5816 = PCURVE('',#3646,#5817);
#5817 = DEFINITIONAL_REPRESENTATION('',(#5818),#5891);
#5818 = B_SPLINE_CURVE_WITH_KNOTS('',8,(#5819,#5820,#5821,#5822,#5823,
    #5824,#5825,#5826,#5827,#5828,#5829,#5830,#5831,#5832,#5833,#5834,
    #5835,#5836,#5837,#5838,#5839,#5840,#5841,#5842,#5843,#5844,#5845,
    #5846,#5847,#5848,#5849,#5850,#5851,#5852,#5853,#5854,#5855,#5856,
    #5857,#5858,#5859,#5860,#5861,#5862,#5863,#5864,#5865,#5866,#5867,
    #5868,#5869,#5870,#5871,#5872,#5873,#5874,#5875,#5876,#5877,#5878,
    #5879,#5880,#5881,#5882,#5883,#5884,#5885,#5886,#5887,#5888,#5889,
    #5890),.UNSPECIFIED.,.F.,.F.,(9,7,7,7,7,7,7,7,7,7,9),(0.,
    6.658589029513E-02,0.154651012336,0.245914828399,0.430185512174,
    0.499999998055,0.569814483935,0.754085167711,0.845348983774,
    0.933414107375,1.),.UNSPECIFIED.);
#5819 = CARTESIAN_POINT('',(0.,7.));
#5820 = CARTESIAN_POINT('',(6.416429755389E-02,7.));
#5821 = CARTESIAN_POINT('',(0.127900365114,7.006268165714));
#5822 = CARTESIAN_POINT('',(0.191043528857,7.018659077976));
#5823 = CARTESIAN_POINT('',(0.253421438362,7.036734025573));
#5824 = CARTESIAN_POINT('',(0.314843019624,7.059785909127));
#5825 = CARTESIAN_POINT('',(0.375084843735,7.086889649803));
#5826 = CARTESIAN_POINT('',(0.433874911234,7.116978102864));
#5827 = CARTESIAN_POINT('',(0.566259473062,7.191220217856));
#5828 = CARTESIAN_POINT('',(0.639207479491,7.237169663873));
#5829 = CARTESIAN_POINT('',(0.710023778914,7.285000216095));
#5830 = CARTESIAN_POINT('',(0.778968115324,7.333157957819));
#5831 = CARTESIAN_POINT('',(0.846278661931,7.38034825682));
#5832 = CARTESIAN_POINT('',(0.912181840754,7.425512959024));
#5833 = CARTESIAN_POINT('',(0.976897873296,7.467788860618));
#5834 = CARTESIAN_POINT('',(1.106722952359,7.546562519892));
#5835 = CARTESIAN_POINT('',(1.17180023906,7.582818491468));
#5836 = CARTESIAN_POINT('',(1.236075545105,7.614415160433));
#5837 = CARTESIAN_POINT('',(1.299719947554,7.640705623526));
#5838 = CARTESIAN_POINT('',(1.362893891142,7.661207424998));
#5839 = CARTESIAN_POINT('',(1.425753949182,7.67559142331));
#5840 = CARTESIAN_POINT('',(1.488456936259,7.683674074601));
#5841 = CARTESIAN_POINT('',(1.67776784041,7.688924463904));
#5842 = CARTESIAN_POINT('',(1.803324329659,7.666544570176));
#5843 = CARTESIAN_POINT('',(1.929737043461,7.618710465374));
#5844 = CARTESIAN_POINT('',(2.058579857388,7.547511557333));
#5845 = CARTESIAN_POINT('',(2.191355361277,7.456969187988));
#5846 = CARTESIAN_POINT('',(2.329682955418,7.353925967023));
#5847 = CARTESIAN_POINT('',(2.47535372142,7.24974421511));
#5848 = CARTESIAN_POINT('',(2.690085195059,7.126138982306));
#5849 = CARTESIAN_POINT('',(2.751054452969,7.093961808715));
#5850 = CARTESIAN_POINT('',(2.813617208546,7.064811801254));
#5851 = CARTESIAN_POINT('',(2.877477745234,7.039903276381));
#5852 = CARTESIAN_POINT('',(2.942396903031,7.020300890551));
#5853 = CARTESIAN_POINT('',(3.008173322271,7.006827173505));
#5854 = CARTESIAN_POINT('',(3.074628070665,7.));
#5855 = CARTESIAN_POINT('',(3.208557236515,7.));
#5856 = CARTESIAN_POINT('',(3.275011984909,7.006827173505));
#5857 = CARTESIAN_POINT('',(3.340788404149,7.020300890551));
#5858 = CARTESIAN_POINT('',(3.405707561945,7.039903276381));
#5859 = CARTESIAN_POINT('',(3.469568098634,7.064811801254));
#5860 = CARTESIAN_POINT('',(3.532130854211,7.093961808715));
#5861 = CARTESIAN_POINT('',(3.593100112121,7.126138982307));
#5862 = CARTESIAN_POINT('',(3.80783158576,7.24974421511));
#5863 = CARTESIAN_POINT('',(3.953502351761,7.353925967023));
#5864 = CARTESIAN_POINT('',(4.091829945904,7.456969187989));
#5865 = CARTESIAN_POINT('',(4.22460544979,7.547511557332));
#5866 = CARTESIAN_POINT('',(4.35344826372,7.618710465374));
#5867 = CARTESIAN_POINT('',(4.47986097752,7.666544570176));
#5868 = CARTESIAN_POINT('',(4.605417466769,7.688924463904));
#5869 = CARTESIAN_POINT('',(4.794728370921,7.683674074601));
#5870 = CARTESIAN_POINT('',(4.857431357998,7.67559142331));
#5871 = CARTESIAN_POINT('',(4.920291416037,7.661207424998));
#5872 = CARTESIAN_POINT('',(4.983465359625,7.640705623526));
#5873 = CARTESIAN_POINT('',(5.047109762075,7.614415160433));
#5874 = CARTESIAN_POINT('',(5.11138506812,7.582818491468));
#5875 = CARTESIAN_POINT('',(5.17646235482,7.546562519892));
#5876 = CARTESIAN_POINT('',(5.306287435013,7.467788859933));
#5877 = CARTESIAN_POINT('',(5.371003464559,7.425512960215));
#5878 = CARTESIAN_POINT('',(5.436906645058,7.380348256859));
#5879 = CARTESIAN_POINT('',(5.504217193789,7.33315795665));
#5880 = CARTESIAN_POINT('',(5.573161528452,7.285000216041));
#5881 = CARTESIAN_POINT('',(5.643977825406,7.237169665171));
#5882 = CARTESIAN_POINT('',(5.716925835421,7.191220217125));
#5883 = CARTESIAN_POINT('',(5.849310395945,7.116978102864));
#5884 = CARTESIAN_POINT('',(5.908100463445,7.086889649803));
#5885 = CARTESIAN_POINT('',(5.968342287556,7.059785909127));
#5886 = CARTESIAN_POINT('',(6.029763868817,7.036734025573));
#5887 = CARTESIAN_POINT('',(6.092141778322,7.018659077976));
#5888 = CARTESIAN_POINT('',(6.155284942066,7.006268165714));
#5889 = CARTESIAN_POINT('',(6.219021009626,7.));
#5890 = CARTESIAN_POINT('',(6.28318530718,7.));
#5891 = ( GEOMETRIC_REPRESENTATION_CONTEXT(2) 
PARAMETRIC_REPRESENTATION_CONTEXT() REPRESENTATION_CONTEXT('2D SPACE',''
  ) );
#5892 = PCURVE('',#5510,#5893);
#5893 = DEFINITIONAL_REPRESENTATION('',(#5894),#5967);
#5894 = B_SPLINE_CURVE_WITH_KNOTS('',8,(#5895,#5896,#5897,#5898,#5899,
    #5900,#5901,#5902,#5903,#5904,#5905,#5906,#5907,#5908,#5909,#5910,
    #5911,#5912,#5913,#5914,#5915,#5916,#5917,#5918,#5919,#5920,#5921,
    #5922,#5923,#5924,#5925,#5926,#5927,#5928,#5929,#5930,#5931,#5932,
    #5933,#5934,#5935,#5936,#5937,#5938,#5939,#5940,#5941,#5942,#5943,
    #5944,#5945,#5946,#5947,#5948,#5949,#5950,#5951,#5952,#5953,#5954,
    #5955,#5956,#5957,#5958,#5959,#5960,#5961,#5962,#5963,#5964,#5965,
    #5966),.UNSPECIFIED.,.T.,.F.,(9,7,7,7,7,7,7,7,7,7,9),(0.,
    6.658589029513E-02,0.154651012336,0.245914828399,0.430185512174,
    0.499999998055,0.569814483935,0.754085167711,0.845348983774,
    0.933414107375,1.),.UNSPECIFIED.);
#5895 = CARTESIAN_POINT('',(1.570796326795,54.));
#5896 = CARTESIAN_POINT('',(1.592166617404,54.));
#5897 = CARTESIAN_POINT('',(1.613394316298,53.981178972102));
#5898 = CARTESIAN_POINT('',(1.634305217646,53.943977358298));
#5899 = CARTESIAN_POINT('',(1.654729727558,53.889265521165));
#5900 = CARTESIAN_POINT('',(1.674504323993,53.81833827965));
#5901 = CARTESIAN_POINT('',(1.69347426134,53.73291732493));
#5902 = CARTESIAN_POINT('',(1.711497519679,53.635161516344));
#5903 = CARTESIAN_POINT('',(1.750870997045,53.385538914538));
#5904 = CARTESIAN_POINT('',(1.771625827485,53.225077518955));
#5905 = CARTESIAN_POINT('',(1.790721626629,53.049546791013));
#5906 = CARTESIAN_POINT('',(1.808179925764,52.861589873316));
#5907 = CARTESIAN_POINT('',(1.824030120913,52.663355263221));
#5908 = CARTESIAN_POINT('',(1.83830443272,52.456578350102));
#5909 = CARTESIAN_POINT('',(1.851033719921,52.242642957896));
#5910 = CARTESIAN_POINT('',(1.873860461429,51.794624718415));
#5911 = CARTESIAN_POINT('',(1.883852458308,51.559956980151));
#5912 = CARTESIAN_POINT('',(1.892234253578,51.320011271626));
#5913 = CARTESIAN_POINT('',(1.899016916627,51.075977971208));
#5914 = CARTESIAN_POINT('',(1.904208528059,50.828899216836));
#5915 = CARTESIAN_POINT('',(1.907814273201,50.579714312649));
#5916 = CARTESIAN_POINT('',(1.909835934521,50.32930416814));
#5917 = CARTESIAN_POINT('',(1.911148784911,49.572206517447));
#5918 = CARTESIAN_POINT('',(1.905550640289,49.06864200078));
#5919 = CARTESIAN_POINT('',(1.893646902479,48.572601176488));
#5920 = CARTESIAN_POINT('',(1.875368387083,48.089362191249));
#5921 = CARTESIAN_POINT('',(1.850515243239,47.626545846507));
#5922 = CARTESIAN_POINT('',(1.818853564026,47.195826573333));
#5923 = CARTESIAN_POINT('',(1.780126480757,46.814388161652));
#5924 = CARTESIAN_POINT('',(1.716884637021,46.394698724701));
#5925 = CARTESIAN_POINT('',(1.698328927515,46.289419620336));
#5926 = CARTESIAN_POINT('',(1.678725744717,46.19714493119));
#5927 = CARTESIAN_POINT('',(1.658228052311,46.120332205202));
#5928 = CARTESIAN_POINT('',(1.637004052806,46.060951868004));
#5929 = CARTESIAN_POINT('',(1.615232445456,46.020499673115));
#5930 = CARTESIAN_POINT('',(1.593099268652,46.));
#5931 = CARTESIAN_POINT('',(1.548493384938,46.));
#5932 = CARTESIAN_POINT('',(1.526360208134,46.020499673115));
#5933 = CARTESIAN_POINT('',(1.504588600784,46.060951868004));
#5934 = CARTESIAN_POINT('',(1.483364601279,46.120332205202));
#5935 = CARTESIAN_POINT('',(1.462866908873,46.19714493119));
#5936 = CARTESIAN_POINT('',(1.443263726074,46.289419620336));
#5937 = CARTESIAN_POINT('',(1.424708016569,46.394698724701));
#5938 = CARTESIAN_POINT('',(1.361466172833,46.814388161652));
#5939 = CARTESIAN_POINT('',(1.322739089564,47.195826573331));
#5940 = CARTESIAN_POINT('',(1.291077410351,47.62654584651));
#5941 = CARTESIAN_POINT('',(1.266224266507,48.089362191246));
#5942 = CARTESIAN_POINT('',(1.247945751111,48.572601176489));
#5943 = CARTESIAN_POINT('',(1.236042013301,49.068642000781));
#5944 = CARTESIAN_POINT('',(1.230443868678,49.572206517447));
#5945 = CARTESIAN_POINT('',(1.231756719068,50.32930416814));
#5946 = CARTESIAN_POINT('',(1.233778380388,50.579714312649));
#5947 = CARTESIAN_POINT('',(1.237384125531,50.828899216836));
#5948 = CARTESIAN_POINT('',(1.242575736962,51.075977971208));
#5949 = CARTESIAN_POINT('',(1.249358400012,51.320011271626));
#5950 = CARTESIAN_POINT('',(1.257740195282,51.559956980151));
#5951 = CARTESIAN_POINT('',(1.267732192161,51.794624718415));
#5952 = CARTESIAN_POINT('',(1.290558933867,52.242642961792));
#5953 = CARTESIAN_POINT('',(1.303288220587,52.456578342979));
#5954 = CARTESIAN_POINT('',(1.317562532483,52.663355264659));
#5955 = CARTESIAN_POINT('',(1.333412728294,52.861589878448));
#5956 = CARTESIAN_POINT('',(1.350871027154,53.049546789596));
#5957 = CARTESIAN_POINT('',(1.369966825385,53.225077515103));
#5958 = CARTESIAN_POINT('',(1.390721656932,53.385538916995));
#5959 = CARTESIAN_POINT('',(1.430095133911,53.635161516344));
#5960 = CARTESIAN_POINT('',(1.448118392249,53.73291732493));
#5961 = CARTESIAN_POINT('',(1.467088329596,53.81833827965));
#5962 = CARTESIAN_POINT('',(1.486862926031,53.889265521165));
#5963 = CARTESIAN_POINT('',(1.507287435944,53.943977358298));
#5964 = CARTESIAN_POINT('',(1.528198337292,53.981178972102));
#5965 = CARTESIAN_POINT('',(1.549426036186,54.));
#5966 = CARTESIAN_POINT('',(1.570796326795,54.));
#5967 = ( GEOMETRIC_REPRESENTATION_CONTEXT(2) 
PARAMETRIC_REPRESENTATION_CONTEXT() REPRESENTATION_CONTEXT('2D SPACE',''
  ) );
#5968 = ORIENTED_EDGE('',*,*,#5969,.F.);
#5969 = EDGE_CURVE('',#3479,#5740,#5970,.T.);
#5970 = SEAM_CURVE('',#5971,(#5975,#5982),.PCURVE_S1.);
#5971 = LINE('',#5972,#5973);
#5972 = CARTESIAN_POINT('',(-9.797174393179E-16,19.01,-99.));
#5973 = VECTOR('',#5974,1.);
#5974 = DIRECTION('',(0.,-1.,0.));
#5975 = PCURVE('',#3646,#5976);
#5976 = DEFINITIONAL_REPRESENTATION('',(#5977),#5981);
#5977 = LINE('',#5978,#5979);
#5978 = CARTESIAN_POINT('',(6.28318530718,-0.));
#5979 = VECTOR('',#5980,1.);
#5980 = DIRECTION('',(0.,1.));
#5981 = ( GEOMETRIC_REPRESENTATION_CONTEXT(2) 
PARAMETRIC_REPRESENTATION_CONTEXT() REPRESENTATION_CONTEXT('2D SPACE',''
  ) );
#5982 = PCURVE('',#3646,#5983);
#5983 = DEFINITIONAL_REPRESENTATION('',(#5984),#5988);
#5984 = LINE('',#5985,#5986);
#5985 = CARTESIAN_POINT('',(0.,-0.));
#5986 = VECTOR('',#5987,1.);
#5987 = DIRECTION('',(0.,1.));
#5988 = ( GEOMETRIC_REPRESENTATION_CONTEXT(2) 
PARAMETRIC_REPRESENTATION_CONTEXT() REPRESENTATION_CONTEXT('2D SPACE',''
  ) );
#5989 = ORIENTED_EDGE('',*,*,#3478,.T.);
#5990 = ORIENTED_EDGE('',*,*,#5969,.T.);
#5991 = ADVANCED_FACE('',(#5992),#3904,.F.);
#5992 = FACE_BOUND('',#5993,.F.);
#5993 = EDGE_LOOP('',(#5994,#5995,#6018,#6246));
#5994 = ORIENTED_EDGE('',*,*,#3736,.F.);
#5995 = ORIENTED_EDGE('',*,*,#5996,.F.);
#5996 = EDGE_CURVE('',#5997,#3737,#5999,.T.);
#5997 = VERTEX_POINT('',#5998);
#5998 = CARTESIAN_POINT('',(-9.797174393179E-16,-12.01,-99.));
#5999 = SEAM_CURVE('',#6000,(#6004,#6011),.PCURVE_S1.);
#6000 = LINE('',#6001,#6002);
#6001 = CARTESIAN_POINT('',(-9.797174393179E-16,19.01,-99.));
#6002 = VECTOR('',#6003,1.);
#6003 = DIRECTION('',(0.,-1.,0.));
#6004 = PCURVE('',#3904,#6005);
#6005 = DEFINITIONAL_REPRESENTATION('',(#6006),#6010);
#6006 = LINE('',#6007,#6008);
#6007 = CARTESIAN_POINT('',(6.28318530718,-0.));
#6008 = VECTOR('',#6009,1.);
#6009 = DIRECTION('',(0.,1.));
#6010 = ( GEOMETRIC_REPRESENTATION_CONTEXT(2) 
PARAMETRIC_REPRESENTATION_CONTEXT() REPRESENTATION_CONTEXT('2D SPACE',''
  ) );
#6011 = PCURVE('',#3904,#6012);
#6012 = DEFINITIONAL_REPRESENTATION('',(#6013),#6017);
#6013 = LINE('',#6014,#6015);
#6014 = CARTESIAN_POINT('',(0.,-0.));
#6015 = VECTOR('',#6016,1.);
#6016 = DIRECTION('',(0.,1.));
#6017 = ( GEOMETRIC_REPRESENTATION_CONTEXT(2) 
PARAMETRIC_REPRESENTATION_CONTEXT() REPRESENTATION_CONTEXT('2D SPACE',''
  ) );
#6018 = ORIENTED_EDGE('',*,*,#6019,.T.);
#6019 = EDGE_CURVE('',#5997,#5997,#6020,.T.);
#6020 = SURFACE_CURVE('',#6021,(#6094,#6170),.PCURVE_S1.);
#6021 = B_SPLINE_CURVE_WITH_KNOTS('',8,(#6022,#6023,#6024,#6025,#6026,
    #6027,#6028,#6029,#6030,#6031,#6032,#6033,#6034,#6035,#6036,#6037,
    #6038,#6039,#6040,#6041,#6042,#6043,#6044,#6045,#6046,#6047,#6048,
    #6049,#6050,#6051,#6052,#6053,#6054,#6055,#6056,#6057,#6058,#6059,
    #6060,#6061,#6062,#6063,#6064,#6065,#6066,#6067,#6068,#6069,#6070,
    #6071,#6072,#6073,#6074,#6075,#6076,#6077,#6078,#6079,#6080,#6081,
    #6082,#6083,#6084,#6085,#6086,#6087,#6088,#6089,#6090,#6091,#6092,
    #6093),.UNSPECIFIED.,.T.,.F.,(9,7,7,7,7,7,7,7,7,7,9),(0.,
    6.658589062852E-02,0.154651012997,0.245914829399,0.430185513859,
    0.499999999999,0.56981448614,0.7540851706,0.845348987003,
    0.933414109371,1.),.UNSPECIFIED.);
#6022 = CARTESIAN_POINT('',(8.881784197001E-16,-12.01,-99.));
#6023 = CARTESIAN_POINT('',(0.256657189925,-12.01,-99.));
#6024 = CARTESIAN_POINT('',(0.511601633187,-12.0037318343,
    -98.98117897214));
#6025 = CARTESIAN_POINT('',(0.762563567919,-11.99134092202,
    -98.9439773583));
#6026 = CARTESIAN_POINT('',(1.007335602344,-11.9732659744,-98.8892655211
    ));
#6027 = CARTESIAN_POINT('',(1.24382727541,-11.95021409084,
    -98.81833827956));
#6028 = CARTESIAN_POINT('',(1.47011860661,-11.9231103502,-98.73291732493
    ));
#6029 = CARTESIAN_POINT('',(1.684512634982,-11.89302189717,
    -98.63516151648));
#6030 = CARTESIAN_POINT('',(2.15152367583,-11.81877978214,
    -98.38553891453));
#6031 = CARTESIAN_POINT('',(2.396614623559,-11.77283033612,
    -98.22507751895));
#6032 = CARTESIAN_POINT('',(2.621022292239,-11.7249997839,
    -98.04954679101));
#6033 = CARTESIAN_POINT('',(2.825177766718,-11.67684204218,
    -97.86158987331));
#6034 = CARTESIAN_POINT('',(3.009651515725,-11.62965174318,
    -97.66335526322));
#6035 = CARTESIAN_POINT('',(3.175058157151,-11.58448704097,
    -97.4565783501));
#6036 = CARTESIAN_POINT('',(3.321985421084,-11.54221113938,
    -97.24264295789));
#6037 = CARTESIAN_POINT('',(3.584573454995,-11.4634374801,
    -96.79462471841));
#6038 = CARTESIAN_POINT('',(3.698984374093,-11.42718150853,
    -96.55995698015));
#6039 = CARTESIAN_POINT('',(3.79457327871,-11.39558483956,
    -96.32001127162));
#6040 = CARTESIAN_POINT('',(3.871677924662,-11.36929437647,
    -96.0759779712));
#6041 = CARTESIAN_POINT('',(3.930562741701,-11.348792575,-95.82889921683
    ));
#6042 = CARTESIAN_POINT('',(3.971409176561,-11.33440857669,
    -95.57971431264));
#6043 = CARTESIAN_POINT('',(3.994304483443,-11.32632592539,
    -95.32930416814));
#6044 = CARTESIAN_POINT('',(4.00917197173,-11.32107553609,
    -94.57220651744));
#6045 = CARTESIAN_POINT('',(3.945771526468,-11.34345542982,
    -94.06864200078));
#6046 = CARTESIAN_POINT('',(3.811051914837,-11.39128953462,
    -93.57260117648));
#6047 = CARTESIAN_POINT('',(3.60337114168,-11.46248844266,
    -93.08936219125));
#6048 = CARTESIAN_POINT('',(3.318798809539,-11.55303081201,
    -92.6265458465));
#6049 = CARTESIAN_POINT('',(2.952194224106,-11.65607403297,
    -92.19582657333));
#6050 = CARTESIAN_POINT('',(2.497980618316,-11.76025578489,
    -91.81438816165));
#6051 = CARTESIAN_POINT('',(1.748571204947,-11.88386101769,
    -91.3946987247));
#6052 = CARTESIAN_POINT('',(1.528013638554,-11.91603819128,
    -91.28941962033));
#6053 = CARTESIAN_POINT('',(1.29430317596,-11.94518819874,
    -91.19714493119));
#6054 = CARTESIAN_POINT('',(1.04925573304,-11.97009672361,-91.1203322052
    ));
#6055 = CARTESIAN_POINT('',(0.794952229176,-11.98969910944,-91.060951868
    ));
#6056 = CARTESIAN_POINT('',(0.533677529377,-12.00317282649,
    -91.02049967311));
#6057 = CARTESIAN_POINT('',(0.267858331701,-12.01,-91.));
#6058 = CARTESIAN_POINT('',(-0.267858331701,-12.01,-91.));
#6059 = CARTESIAN_POINT('',(-0.533677529377,-12.00317282649,
    -91.02049967311));
#6060 = CARTESIAN_POINT('',(-0.794952229176,-11.98969910944,
    -91.060951868));
#6061 = CARTESIAN_POINT('',(-1.04925573304,-11.97009672361,
    -91.1203322052));
#6062 = CARTESIAN_POINT('',(-1.294303175961,-11.94518819874,
    -91.19714493119));
#6063 = CARTESIAN_POINT('',(-1.528013638554,-11.91603819128,
    -91.28941962033));
#6064 = CARTESIAN_POINT('',(-1.748571204947,-11.88386101769,
    -91.3946987247));
#6065 = CARTESIAN_POINT('',(-2.497980618317,-11.76025578489,
    -91.81438816165));
#6066 = CARTESIAN_POINT('',(-2.952194224103,-11.65607403297,
    -92.19582657333));
#6067 = CARTESIAN_POINT('',(-3.318798809545,-11.55303081201,
    -92.62654584651));
#6068 = CARTESIAN_POINT('',(-3.603371141674,-11.46248844266,
    -93.08936219124));
#6069 = CARTESIAN_POINT('',(-3.811051914841,-11.39128953462,
    -93.57260117648));
#6070 = CARTESIAN_POINT('',(-3.945771526467,-11.34345542982,
    -94.06864200078));
#6071 = CARTESIAN_POINT('',(-4.00917197173,-11.32107553609,
    -94.57220651744));
#6072 = CARTESIAN_POINT('',(-3.994304483443,-11.32632592539,
    -95.32930416814));
#6073 = CARTESIAN_POINT('',(-3.971409176561,-11.33440857669,
    -95.57971431264));
#6074 = CARTESIAN_POINT('',(-3.930562741701,-11.348792575,
    -95.82889921683));
#6075 = CARTESIAN_POINT('',(-3.871677924662,-11.36929437647,
    -96.0759779712));
#6076 = CARTESIAN_POINT('',(-3.79457327871,-11.39558483956,
    -96.32001127162));
#6077 = CARTESIAN_POINT('',(-3.698984374093,-11.42718150853,
    -96.55995698015));
#6078 = CARTESIAN_POINT('',(-3.584573454995,-11.4634374801,
    -96.79462471841));
#6079 = CARTESIAN_POINT('',(-3.321985421084,-11.54221113938,
    -97.24264295789));
#6080 = CARTESIAN_POINT('',(-3.17505815715,-11.58448704097,
    -97.4565783501));
#6081 = CARTESIAN_POINT('',(-3.009651515726,-11.62965174318,
    -97.66335526322));
#6082 = CARTESIAN_POINT('',(-2.825177766717,-11.67684204218,
    -97.86158987331));
#6083 = CARTESIAN_POINT('',(-2.621022292238,-11.7249997839,
    -98.04954679101));
#6084 = CARTESIAN_POINT('',(-2.39661462356,-11.77283033612,
    -98.22507751895));
#6085 = CARTESIAN_POINT('',(-2.15152367583,-11.81877978214,
    -98.38553891453));
#6086 = CARTESIAN_POINT('',(-1.684512634983,-11.89302189717,
    -98.63516151648));
#6087 = CARTESIAN_POINT('',(-1.47011860661,-11.9231103502,
    -98.73291732493));
#6088 = CARTESIAN_POINT('',(-1.24382727541,-11.95021409084,
    -98.81833827956));
#6089 = CARTESIAN_POINT('',(-1.007335602344,-11.9732659744,
    -98.8892655211));
#6090 = CARTESIAN_POINT('',(-0.762563567919,-11.99134092202,
    -98.9439773583));
#6091 = CARTESIAN_POINT('',(-0.511601633187,-12.0037318343,
    -98.98117897214));
#6092 = CARTESIAN_POINT('',(-0.256657189925,-12.01,-99.));
#6093 = CARTESIAN_POINT('',(8.881784197001E-16,-12.01,-99.));
#6094 = PCURVE('',#3904,#6095);
#6095 = DEFINITIONAL_REPRESENTATION('',(#6096),#6169);
#6096 = B_SPLINE_CURVE_WITH_KNOTS('',8,(#6097,#6098,#6099,#6100,#6101,
    #6102,#6103,#6104,#6105,#6106,#6107,#6108,#6109,#6110,#6111,#6112,
    #6113,#6114,#6115,#6116,#6117,#6118,#6119,#6120,#6121,#6122,#6123,
    #6124,#6125,#6126,#6127,#6128,#6129,#6130,#6131,#6132,#6133,#6134,
    #6135,#6136,#6137,#6138,#6139,#6140,#6141,#6142,#6143,#6144,#6145,
    #6146,#6147,#6148,#6149,#6150,#6151,#6152,#6153,#6154,#6155,#6156,
    #6157,#6158,#6159,#6160,#6161,#6162,#6163,#6164,#6165,#6166,#6167,
    #6168),.UNSPECIFIED.,.F.,.F.,(9,7,7,7,7,7,7,7,7,7,9),(0.,
    6.658589062852E-02,0.154651012997,0.245914829399,0.430185513859,
    0.499999999999,0.56981448614,0.7540851706,0.845348987003,
    0.933414109371,1.),.UNSPECIFIED.);
#6097 = CARTESIAN_POINT('',(0.,31.02));
#6098 = CARTESIAN_POINT('',(6.416429748113E-02,31.02));
#6099 = CARTESIAN_POINT('',(0.127900365086,31.0137318343));
#6100 = CARTESIAN_POINT('',(0.191043528892,31.001340922026));
#6101 = CARTESIAN_POINT('',(0.253421438426,30.983265974405));
#6102 = CARTESIAN_POINT('',(0.314843019665,30.960214090848));
#6103 = CARTESIAN_POINT('',(0.375084843713,30.933110350202));
#6104 = CARTESIAN_POINT('',(0.433874911161,30.903021897178));
#6105 = CARTESIAN_POINT('',(0.566259473062,30.828779782144));
#6106 = CARTESIAN_POINT('',(0.639207479492,30.782830336127));
#6107 = CARTESIAN_POINT('',(0.710023778914,30.734999783905));
#6108 = CARTESIAN_POINT('',(0.778968115324,30.686842042181));
#6109 = CARTESIAN_POINT('',(0.846278661931,30.63965174318));
#6110 = CARTESIAN_POINT('',(0.912181840754,30.594487040976));
#6111 = CARTESIAN_POINT('',(0.976897873296,30.552211139382));
#6112 = CARTESIAN_POINT('',(1.106722952359,30.473437480108));
#6113 = CARTESIAN_POINT('',(1.17180023906,30.437181508532));
#6114 = CARTESIAN_POINT('',(1.236075545105,30.405584839567));
#6115 = CARTESIAN_POINT('',(1.299719947554,30.379294376474));
#6116 = CARTESIAN_POINT('',(1.362893891142,30.358792575002));
#6117 = CARTESIAN_POINT('',(1.425753949182,30.34440857669));
#6118 = CARTESIAN_POINT('',(1.488456936259,30.336325925399));
#6119 = CARTESIAN_POINT('',(1.677767840411,30.331075536096));
#6120 = CARTESIAN_POINT('',(1.803324329659,30.353455429824));
#6121 = CARTESIAN_POINT('',(1.929737043461,30.401289534626));
#6122 = CARTESIAN_POINT('',(2.058579857388,30.472488442667));
#6123 = CARTESIAN_POINT('',(2.191355361277,30.563030812011));
#6124 = CARTESIAN_POINT('',(2.329682955418,30.666074032977));
#6125 = CARTESIAN_POINT('',(2.47535372142,30.77025578489));
#6126 = CARTESIAN_POINT('',(2.690085195059,30.893861017694));
#6127 = CARTESIAN_POINT('',(2.751054452969,30.926038191285));
#6128 = CARTESIAN_POINT('',(2.813617208546,30.955188198746));
#6129 = CARTESIAN_POINT('',(2.877477745234,30.980096723619));
#6130 = CARTESIAN_POINT('',(2.942396903031,30.999699109449));
#6131 = CARTESIAN_POINT('',(3.008173322271,31.013172826495));
#6132 = CARTESIAN_POINT('',(3.074628070665,31.02));
#6133 = CARTESIAN_POINT('',(3.208557236515,31.02));
#6134 = CARTESIAN_POINT('',(3.275011984909,31.013172826495));
#6135 = CARTESIAN_POINT('',(3.340788404149,30.999699109449));
#6136 = CARTESIAN_POINT('',(3.405707561945,30.980096723619));
#6137 = CARTESIAN_POINT('',(3.469568098634,30.955188198746));
#6138 = CARTESIAN_POINT('',(3.532130854211,30.926038191285));
#6139 = CARTESIAN_POINT('',(3.593100112121,30.893861017693));
#6140 = CARTESIAN_POINT('',(3.80783158576,30.77025578489));
#6141 = CARTESIAN_POINT('',(3.953502351761,30.666074032977));
#6142 = CARTESIAN_POINT('',(4.091829945904,30.563030812011));
#6143 = CARTESIAN_POINT('',(4.22460544979,30.472488442668));
#6144 = CARTESIAN_POINT('',(4.35344826372,30.401289534626));
#6145 = CARTESIAN_POINT('',(4.47986097752,30.353455429824));
#6146 = CARTESIAN_POINT('',(4.605417466769,30.331075536096));
#6147 = CARTESIAN_POINT('',(4.794728370921,30.336325925399));
#6148 = CARTESIAN_POINT('',(4.857431357997,30.34440857669));
#6149 = CARTESIAN_POINT('',(4.920291416037,30.358792575002));
#6150 = CARTESIAN_POINT('',(4.983465359625,30.379294376474));
#6151 = CARTESIAN_POINT('',(5.047109762075,30.405584839567));
#6152 = CARTESIAN_POINT('',(5.11138506812,30.437181508532));
#6153 = CARTESIAN_POINT('',(5.17646235482,30.473437480108));
#6154 = CARTESIAN_POINT('',(5.306287433883,30.552211139382));
#6155 = CARTESIAN_POINT('',(5.371003466426,30.594487040976));
#6156 = CARTESIAN_POINT('',(5.436906645248,30.63965174318));
#6157 = CARTESIAN_POINT('',(5.504217191855,30.686842042181));
#6158 = CARTESIAN_POINT('',(5.573161528266,30.734999783905));
#6159 = CARTESIAN_POINT('',(5.643977827688,30.782830336127));
#6160 = CARTESIAN_POINT('',(5.716925834118,30.828779782144));
#6161 = CARTESIAN_POINT('',(5.849310396019,30.903021897178));
#6162 = CARTESIAN_POINT('',(5.908100463467,30.933110350202));
#6163 = CARTESIAN_POINT('',(5.968342287515,30.960214090848));
#6164 = CARTESIAN_POINT('',(6.029763868753,30.983265974405));
#6165 = CARTESIAN_POINT('',(6.092141778288,31.001340922026));
#6166 = CARTESIAN_POINT('',(6.155284942094,31.0137318343));
#6167 = CARTESIAN_POINT('',(6.219021009698,31.02));
#6168 = CARTESIAN_POINT('',(6.28318530718,31.02));
#6169 = ( GEOMETRIC_REPRESENTATION_CONTEXT(2) 
PARAMETRIC_REPRESENTATION_CONTEXT() REPRESENTATION_CONTEXT('2D SPACE',''
  ) );
#6170 = PCURVE('',#5510,#6171);
#6171 = DEFINITIONAL_REPRESENTATION('',(#6172),#6245);
#6172 = B_SPLINE_CURVE_WITH_KNOTS('',8,(#6173,#6174,#6175,#6176,#6177,
    #6178,#6179,#6180,#6181,#6182,#6183,#6184,#6185,#6186,#6187,#6188,
    #6189,#6190,#6191,#6192,#6193,#6194,#6195,#6196,#6197,#6198,#6199,
    #6200,#6201,#6202,#6203,#6204,#6205,#6206,#6207,#6208,#6209,#6210,
    #6211,#6212,#6213,#6214,#6215,#6216,#6217,#6218,#6219,#6220,#6221,
    #6222,#6223,#6224,#6225,#6226,#6227,#6228,#6229,#6230,#6231,#6232,
    #6233,#6234,#6235,#6236,#6237,#6238,#6239,#6240,#6241,#6242,#6243,
    #6244),.UNSPECIFIED.,.T.,.F.,(9,7,7,7,7,7,7,7,7,7,9),(0.,
    6.658589062852E-02,0.154651012997,0.245914829399,0.430185513859,
    0.499999999999,0.56981448614,0.7540851706,0.845348987003,
    0.933414109371,1.),.UNSPECIFIED.);
#6173 = CARTESIAN_POINT('',(4.712388980385,54.));
#6174 = CARTESIAN_POINT('',(4.6910186898,54.));
#6175 = CARTESIAN_POINT('',(4.669790990891,53.981178972144));
#6176 = CARTESIAN_POINT('',(4.648880089522,53.943977358307));
#6177 = CARTESIAN_POINT('',(4.6284555796,53.889265521101));
#6178 = CARTESIAN_POINT('',(4.608680983174,53.818338279566));
#6179 = CARTESIAN_POINT('',(4.589711045847,53.732917324939));
#6180 = CARTESIAN_POINT('',(4.571687787523,53.635161516483));
#6181 = CARTESIAN_POINT('',(4.532314310134,53.385538914538));
#6182 = CARTESIAN_POINT('',(4.511559479694,53.225077518954));
#6183 = CARTESIAN_POINT('',(4.492463680551,53.049546791014));
#6184 = CARTESIAN_POINT('',(4.475005381416,52.861589873316));
#6185 = CARTESIAN_POINT('',(4.459155186267,52.66335526322));
#6186 = CARTESIAN_POINT('',(4.444880874459,52.456578350103));
#6187 = CARTESIAN_POINT('',(4.432151587258,52.242642957895));
#6188 = CARTESIAN_POINT('',(4.409324845751,51.794624718415));
#6189 = CARTESIAN_POINT('',(4.399332848872,51.559956980151));
#6190 = CARTESIAN_POINT('',(4.390951053602,51.320011271626));
#6191 = CARTESIAN_POINT('',(4.384168390552,51.075977971208));
#6192 = CARTESIAN_POINT('',(4.378976779121,50.828899216836));
#6193 = CARTESIAN_POINT('',(4.375371033978,50.579714312649));
#6194 = CARTESIAN_POINT('',(4.373349372658,50.32930416814));
#6195 = CARTESIAN_POINT('',(4.372036522268,49.572206517446));
#6196 = CARTESIAN_POINT('',(4.377634666891,49.068642000782));
#6197 = CARTESIAN_POINT('',(4.389538404701,48.572601176487));
#6198 = CARTESIAN_POINT('',(4.407816920096,48.089362191249));
#6199 = CARTESIAN_POINT('',(4.432670063941,47.626545846507));
#6200 = CARTESIAN_POINT('',(4.464331743153,47.195826573333));
#6201 = CARTESIAN_POINT('',(4.503058826423,46.814388161651));
#6202 = CARTESIAN_POINT('',(4.566300670159,46.394698724701));
#6203 = CARTESIAN_POINT('',(4.584856379664,46.289419620336));
#6204 = CARTESIAN_POINT('',(4.604459562463,46.19714493119));
#6205 = CARTESIAN_POINT('',(4.624957254869,46.120332205202));
#6206 = CARTESIAN_POINT('',(4.646181254373,46.060951868004));
#6207 = CARTESIAN_POINT('',(4.667952861724,46.020499673115));
#6208 = CARTESIAN_POINT('',(4.690086038528,46.));
#6209 = CARTESIAN_POINT('',(4.734691922242,46.));
#6210 = CARTESIAN_POINT('',(4.756825099046,46.020499673115));
#6211 = CARTESIAN_POINT('',(4.778596706396,46.060951868004));
#6212 = CARTESIAN_POINT('',(4.7998207059,46.120332205202));
#6213 = CARTESIAN_POINT('',(4.820318398306,46.19714493119));
#6214 = CARTESIAN_POINT('',(4.839921581105,46.289419620336));
#6215 = CARTESIAN_POINT('',(4.85847729061,46.394698724701));
#6216 = CARTESIAN_POINT('',(4.921719134347,46.814388161652));
#6217 = CARTESIAN_POINT('',(4.960446217616,47.195826573331));
#6218 = CARTESIAN_POINT('',(4.992107896829,47.62654584651));
#6219 = CARTESIAN_POINT('',(5.016961040673,48.089362191246));
#6220 = CARTESIAN_POINT('',(5.035239556068,48.572601176489));
#6221 = CARTESIAN_POINT('',(5.047143293879,49.068642000781));
#6222 = CARTESIAN_POINT('',(5.052741438501,49.572206517447));
#6223 = CARTESIAN_POINT('',(5.051428588111,50.32930416814));
#6224 = CARTESIAN_POINT('',(5.049406926791,50.579714312649));
#6225 = CARTESIAN_POINT('',(5.045801181649,50.828899216836));
#6226 = CARTESIAN_POINT('',(5.040609570217,51.075977971208));
#6227 = CARTESIAN_POINT('',(5.033826907168,51.320011271626));
#6228 = CARTESIAN_POINT('',(5.025445111898,51.559956980151));
#6229 = CARTESIAN_POINT('',(5.015453115019,51.794624718415));
#6230 = CARTESIAN_POINT('',(4.992626373511,52.242642957895));
#6231 = CARTESIAN_POINT('',(4.97989708631,52.456578350103));
#6232 = CARTESIAN_POINT('',(4.965622774503,52.663355263219));
#6233 = CARTESIAN_POINT('',(4.949772579353,52.861589873316));
#6234 = CARTESIAN_POINT('',(4.932314280218,53.049546791015));
#6235 = CARTESIAN_POINT('',(4.913218481075,53.225077518954));
#6236 = CARTESIAN_POINT('',(4.892463650635,53.385538914538));
#6237 = CARTESIAN_POINT('',(4.853090173247,53.635161516483));
#6238 = CARTESIAN_POINT('',(4.835066914922,53.732917324939));
#6239 = CARTESIAN_POINT('',(4.816096977596,53.818338279566));
#6240 = CARTESIAN_POINT('',(4.796322381169,53.889265521101));
#6241 = CARTESIAN_POINT('',(4.775897871248,53.943977358307));
#6242 = CARTESIAN_POINT('',(4.754986969878,53.981178972144));
#6243 = CARTESIAN_POINT('',(4.73375927097,54.));
#6244 = CARTESIAN_POINT('',(4.712388980385,54.));
#6245 = ( GEOMETRIC_REPRESENTATION_CONTEXT(2) 
PARAMETRIC_REPRESENTATION_CONTEXT() REPRESENTATION_CONTEXT('2D SPACE',''
  ) );
#6246 = ORIENTED_EDGE('',*,*,#5996,.T.);
#6247 = ADVANCED_FACE('',(#6248),#4034,.T.);
#6248 = FACE_BOUND('',#6249,.T.);
#6249 = EDGE_LOOP('',(#6250));
#6250 = ORIENTED_EDGE('',*,*,#4019,.T.);
#6251 = ADVANCED_FACE('',(#6252),#4279,.F.);
#6252 = FACE_BOUND('',#6253,.F.);
#6253 = EDGE_LOOP('',(#6254,#6255,#6276,#6277));
#6254 = ORIENTED_EDGE('',*,*,#4049,.F.);
#6255 = ORIENTED_EDGE('',*,*,#6256,.F.);
#6256 = EDGE_CURVE('',#4401,#4050,#6257,.T.);
#6257 = SEAM_CURVE('',#6258,(#6262,#6269),.PCURVE_S1.);
#6258 = LINE('',#6259,#6260);
#6259 = CARTESIAN_POINT('',(-10.,45.254833995939,-41.75483399593));
#6260 = VECTOR('',#6261,1.);
#6261 = DIRECTION('',(1.,0.,0.));
#6262 = PCURVE('',#4279,#6263);
#6263 = DEFINITIONAL_REPRESENTATION('',(#6264),#6268);
#6264 = LINE('',#6265,#6266);
#6265 = CARTESIAN_POINT('',(6.28318530718,-0.));
#6266 = VECTOR('',#6267,1.);
#6267 = DIRECTION('',(0.,1.));
#6268 = ( GEOMETRIC_REPRESENTATION_CONTEXT(2) 
PARAMETRIC_REPRESENTATION_CONTEXT() REPRESENTATION_CONTEXT('2D SPACE',''
  ) );
#6269 = PCURVE('',#4279,#6270);
#6270 = DEFINITIONAL_REPRESENTATION('',(#6271),#6275);
#6271 = LINE('',#6272,#6273);
#6272 = CARTESIAN_POINT('',(0.,-0.));
#6273 = VECTOR('',#6274,1.);
#6274 = DIRECTION('',(0.,1.));
#6275 = ( GEOMETRIC_REPRESENTATION_CONTEXT(2) 
PARAMETRIC_REPRESENTATION_CONTEXT() REPRESENTATION_CONTEXT('2D SPACE',''
  ) );
#6276 = ORIENTED_EDGE('',*,*,#4400,.T.);
#6277 = ORIENTED_EDGE('',*,*,#6256,.T.);
#6278 = ADVANCED_FACE('',(#6279,#6282),#4786,.T.);
#6279 = FACE_BOUND('',#6280,.T.);
#6280 = EDGE_LOOP('',(#6281));
#6281 = ORIENTED_EDGE('',*,*,#4771,.T.);
#6282 = FACE_BOUND('',#6283,.T.);
#6283 = EDGE_LOOP('',(#6284));
#6284 = ORIENTED_EDGE('',*,*,#6285,.F.);
#6285 = EDGE_CURVE('',#6286,#6286,#6288,.T.);
#6286 = VERTEX_POINT('',#6287);
#6287 = CARTESIAN_POINT('',(-110.,2.941601611552E-15,-12.01));
#6288 = SURFACE_CURVE('',#6289,(#6294,#6301),.PCURVE_S1.);
#6289 = CIRCLE('',#6290,12.01);
#6290 = AXIS2_PLACEMENT_3D('',#6291,#6292,#6293);
#6291 = CARTESIAN_POINT('',(-110.,0.,0.));
#6292 = DIRECTION('',(-1.,0.,0.));
#6293 = DIRECTION('',(0.,0.,-1.));
#6294 = PCURVE('',#4786,#6295);
#6295 = DEFINITIONAL_REPRESENTATION('',(#6296),#6300);
#6296 = CIRCLE('',#6297,12.01);
#6297 = AXIS2_PLACEMENT_2D('',#6298,#6299);
#6298 = CARTESIAN_POINT('',(0.,0.));
#6299 = DIRECTION('',(1.,0.));
#6300 = ( GEOMETRIC_REPRESENTATION_CONTEXT(2) 
PARAMETRIC_REPRESENTATION_CONTEXT() REPRESENTATION_CONTEXT('2D SPACE',''
  ) );
#6301 = PCURVE('',#6302,#6307);
#6302 = CYLINDRICAL_SURFACE('',#6303,12.01);
#6303 = AXIS2_PLACEMENT_3D('',#6304,#6305,#6306);
#6304 = CARTESIAN_POINT('',(-45.,0.,0.));
#6305 = DIRECTION('',(-1.,0.,0.));
#6306 = DIRECTION('',(0.,0.,-1.));
#6307 = DEFINITIONAL_REPRESENTATION('',(#6308),#6312);
#6308 = LINE('',#6309,#6310);
#6309 = CARTESIAN_POINT('',(0.,65.));
#6310 = VECTOR('',#6311,1.);
#6311 = DIRECTION('',(1.,0.));
#6312 = ( GEOMETRIC_REPRESENTATION_CONTEXT(2) 
PARAMETRIC_REPRESENTATION_CONTEXT() REPRESENTATION_CONTEXT('2D SPACE',''
  ) );
#6313 = ADVANCED_FACE('',(#6314),#4927,.F.);
#6314 = FACE_BOUND('',#6315,.F.);
#6315 = EDGE_LOOP('',(#6316,#6317,#6340,#6526));
#6316 = ORIENTED_EDGE('',*,*,#4801,.F.);
#6317 = ORIENTED_EDGE('',*,*,#6318,.F.);
#6318 = EDGE_CURVE('',#6319,#4802,#6321,.T.);
#6319 = VERTEX_POINT('',#6320);
#6320 = CARTESIAN_POINT('',(-70.,11.629277707579,3.));
#6321 = SEAM_CURVE('',#6322,(#6326,#6333),.PCURVE_S1.);
#6322 = LINE('',#6323,#6324);
#6323 = CARTESIAN_POINT('',(-70.,0.,3.));
#6324 = VECTOR('',#6325,1.);
#6325 = DIRECTION('',(0.,1.,0.));
#6326 = PCURVE('',#4927,#6327);
#6327 = DEFINITIONAL_REPRESENTATION('',(#6328),#6332);
#6328 = LINE('',#6329,#6330);
#6329 = CARTESIAN_POINT('',(6.28318530718,-0.));
#6330 = VECTOR('',#6331,1.);
#6331 = DIRECTION('',(0.,1.));
#6332 = ( GEOMETRIC_REPRESENTATION_CONTEXT(2) 
PARAMETRIC_REPRESENTATION_CONTEXT() REPRESENTATION_CONTEXT('2D SPACE',''
  ) );
#6333 = PCURVE('',#4927,#6334);
#6334 = DEFINITIONAL_REPRESENTATION('',(#6335),#6339);
#6335 = LINE('',#6336,#6337);
#6336 = CARTESIAN_POINT('',(0.,-0.));
#6337 = VECTOR('',#6338,1.);
#6338 = DIRECTION('',(0.,1.));
#6339 = ( GEOMETRIC_REPRESENTATION_CONTEXT(2) 
PARAMETRIC_REPRESENTATION_CONTEXT() REPRESENTATION_CONTEXT('2D SPACE',''
  ) );
#6340 = ORIENTED_EDGE('',*,*,#6341,.T.);
#6341 = EDGE_CURVE('',#6319,#6319,#6342,.T.);
#6342 = SURFACE_CURVE('',#6343,(#6402,#6464),.PCURVE_S1.);
#6343 = B_SPLINE_CURVE_WITH_KNOTS('',8,(#6344,#6345,#6346,#6347,#6348,
    #6349,#6350,#6351,#6352,#6353,#6354,#6355,#6356,#6357,#6358,#6359,
    #6360,#6361,#6362,#6363,#6364,#6365,#6366,#6367,#6368,#6369,#6370,
    #6371,#6372,#6373,#6374,#6375,#6376,#6377,#6378,#6379,#6380,#6381,
    #6382,#6383,#6384,#6385,#6386,#6387,#6388,#6389,#6390,#6391,#6392,
    #6393,#6394,#6395,#6396,#6397,#6398,#6399,#6400,#6401),
  .UNSPECIFIED.,.T.,.F.,(9,7,7,7,7,7,7,7,9),(0.,0.120362493059,
    0.221829166366,0.313760651,0.424225708105,0.55709888227,
    0.678541937948,0.821570988784,1.),.UNSPECIFIED.);
#6344 = CARTESIAN_POINT('',(-70.,11.629277707579,3.));
#6345 = CARTESIAN_POINT('',(-69.75242519071,11.629277707579,3.));
#6346 = CARTESIAN_POINT('',(-69.50508377786,11.635301150262,
    2.976650562832));
#6347 = CARTESIAN_POINT('',(-69.25930069487,11.647328775215,
    2.930026397482));
#6348 = CARTESIAN_POINT('',(-69.01647162945,11.665141132124,
    2.859892671935));
#6349 = CARTESIAN_POINT('',(-68.77817194736,11.688310643957,
    2.765753251895));
#6350 = CARTESIAN_POINT('',(-68.54629180788,11.716158710524,
    2.646895112431));
#6351 = CARTESIAN_POINT('',(-68.32321247486,11.747691996469,
    2.502442932765));
#6352 = CARTESIAN_POINT('',(-67.93401752627,11.810059517835,2.1872790776
    ));
#6353 = CARTESIAN_POINT('',(-67.76296991328,11.840464599127,
    2.023045600705));
#6354 = CARTESIAN_POINT('',(-67.6019386658,11.871820885067,
    1.838364671676));
#6355 = CARTESIAN_POINT('',(-67.45412410207,11.90291521618,
    1.633251083627));
#6356 = CARTESIAN_POINT('',(-67.32289057572,11.93229247467,
    1.408114648593));
#6357 = CARTESIAN_POINT('',(-67.2117925295,11.95832634414,1.163797144713
    ));
#6358 = CARTESIAN_POINT('',(-67.12463172903,11.979338954784,
    0.901658890817));
#6359 = CARTESIAN_POINT('',(-67.01203411298,12.006887477782,
    0.371928756108));
#6360 = CARTESIAN_POINT('',(-66.98240692933,12.014392375607,
    0.111118061464));
#6361 = CARTESIAN_POINT('',(-66.97906723439,12.015322349566,
    -0.153792662478));
#6362 = CARTESIAN_POINT('',(-67.00274500975,12.009280286088,
    -0.41755633585));
#6363 = CARTESIAN_POINT('',(-67.05258827555,11.996652701693,
    -0.674908331324));
#6364 = CARTESIAN_POINT('',(-67.1261832695,11.978554846478,
    -0.92088006401));
#6365 = CARTESIAN_POINT('',(-67.21952905173,11.956594509982,
    -1.151086300439));
#6366 = CARTESIAN_POINT('',(-67.4560942169,11.903601253365,
    -1.615371578838));
#6367 = CARTESIAN_POINT('',(-67.60762442766,11.871173044633,
    -1.84489772335));
#6368 = CARTESIAN_POINT('',(-67.77681873498,11.837241978382,
    -2.050483309937));
#6369 = CARTESIAN_POINT('',(-67.95991051257,11.803515289185,
    -2.232577231227));
#6370 = CARTESIAN_POINT('',(-68.15389907611,11.771340413659,
    -2.391883660852));
#6371 = CARTESIAN_POINT('',(-68.35639540885,11.741739073406,
    -2.52918743703));
#6372 = CARTESIAN_POINT('',(-68.56551383058,11.71547848991,
    -2.645234444217));
#6373 = CARTESIAN_POINT('',(-69.03753278985,11.666221977398,
    -2.855390824892));
#6374 = CARTESIAN_POINT('',(-69.3029376324,11.644948263395,
    -2.940363936158));
#6375 = CARTESIAN_POINT('',(-69.57330989929,11.63030614123,
    -2.996456796701));
#6376 = CARTESIAN_POINT('',(-69.84643497036,11.622899897923,
    -3.024250680287));
#6377 = CARTESIAN_POINT('',(-70.12035178302,11.622993429473,
    -3.024019204858));
#6378 = CARTESIAN_POINT('',(-70.39316016265,11.630539820855,
    -2.995727755711));
#6379 = CARTESIAN_POINT('',(-70.66283883905,11.645174454868,
    -2.939017278478));
#6380 = CARTESIAN_POINT('',(-71.16853486672,11.685359536843,
    -2.774706678782));
#6381 = CARTESIAN_POINT('',(-71.40527863426,11.709848618312,
    -2.671960310227));
#6382 = CARTESIAN_POINT('',(-71.63576633322,11.739091546436,
    -2.544352983294));
#6383 = CARTESIAN_POINT('',(-71.85799306486,11.772298560898,
    -2.390996475457));
#6384 = CARTESIAN_POINT('',(-72.06932925043,11.808372059888,
    -2.210824374095));
#6385 = CARTESIAN_POINT('',(-72.26634404802,11.845783787864,
    -2.002750613924));
#6386 = CARTESIAN_POINT('',(-72.44455565253,11.882487289749,
    -1.765905407879));
#6387 = CARTESIAN_POINT('',(-72.77888440733,11.955382095786,
    -1.186831018136));
#6388 = CARTESIAN_POINT('',(-72.93121442283,11.991580925785,
    -0.823360553887));
#6389 = CARTESIAN_POINT('',(-73.03159712506,12.017759238634,
    -0.421918612334));
#6390 = CARTESIAN_POINT('',(-73.06649720667,12.027491439655,
    4.360956040728E-13));
#6391 = CARTESIAN_POINT('',(-73.03159712507,12.017759238634,
    0.421918612334));
#6392 = CARTESIAN_POINT('',(-72.93121442283,11.991580925785,
    0.823360553887));
#6393 = CARTESIAN_POINT('',(-72.77888440733,11.955382095786,
    1.186831018136));
#6394 = CARTESIAN_POINT('',(-72.37251764517,11.866780604343,
    1.890678896706));
#6395 = CARTESIAN_POINT('',(-72.09355853685,11.810604846733,
    2.21880031288));
#6396 = CARTESIAN_POINT('',(-71.77973580339,11.755410395398,
    2.485285454737));
#6397 = CARTESIAN_POINT('',(-71.44304653225,11.706986887014,
    2.693575608474));
#6398 = CARTESIAN_POINT('',(-71.09179869647,11.668705748755,
    2.847149021606));
#6399 = CARTESIAN_POINT('',(-70.73168559926,11.642487299409,
    2.948796258411));
#6400 = CARTESIAN_POINT('',(-70.36661809935,11.629277707579,3.));
#6401 = CARTESIAN_POINT('',(-70.,11.629277707579,3.));
#6402 = PCURVE('',#4927,#6403);
#6403 = DEFINITIONAL_REPRESENTATION('',(#6404),#6463);
#6404 = B_SPLINE_CURVE_WITH_KNOTS('',8,(#6405,#6406,#6407,#6408,#6409,
    #6410,#6411,#6412,#6413,#6414,#6415,#6416,#6417,#6418,#6419,#6420,
    #6421,#6422,#6423,#6424,#6425,#6426,#6427,#6428,#6429,#6430,#6431,
    #6432,#6433,#6434,#6435,#6436,#6437,#6438,#6439,#6440,#6441,#6442,
    #6443,#6444,#6445,#6446,#6447,#6448,#6449,#6450,#6451,#6452,#6453,
    #6454,#6455,#6456,#6457,#6458,#6459,#6460,#6461,#6462),
  .UNSPECIFIED.,.F.,.F.,(9,7,7,7,7,7,7,7,9),(0.,0.120362493059,
    0.221829166366,0.313760651,0.424225708105,0.55709888227,
    0.678541937948,0.821570988784,1.),.UNSPECIFIED.);
#6405 = CARTESIAN_POINT('',(0.,11.629277707579));
#6406 = CARTESIAN_POINT('',(8.252493642882E-02,11.629277707579));
#6407 = CARTESIAN_POINT('',(0.164971989273,11.635301150262));
#6408 = CARTESIAN_POINT('',(0.247756399788,11.647328775215));
#6409 = CARTESIAN_POINT('',(0.33126158751,11.665141132124));
#6410 = CARTESIAN_POINT('',(0.415877584668,11.688310643957));
#6411 = CARTESIAN_POINT('',(0.502011146041,11.716158710524));
#6412 = CARTESIAN_POINT('',(0.590101837728,11.747691996469));
#6413 = CARTESIAN_POINT('',(0.757035278759,11.810059517835));
#6414 = CARTESIAN_POINT('',(0.835796642393,11.840464599127));
#6415 = CARTESIAN_POINT('',(0.916931550215,11.871820885067));
#6416 = CARTESIAN_POINT('',(1.000464070327,11.90291521618));
#6417 = CARTESIAN_POINT('',(1.086482078745,11.93229247467));
#6418 = CARTESIAN_POINT('',(1.175135227788,11.95832634414));
#6419 = CARTESIAN_POINT('',(1.266645882624,11.979338954784));
#6420 = CARTESIAN_POINT('',(1.44716742297,12.006887477782));
#6421 = CARTESIAN_POINT('',(1.534257683273,12.014392375607));
#6422 = CARTESIAN_POINT('',(1.621826400825,12.015322349566));
#6423 = CARTESIAN_POINT('',(1.70919393238,12.009280286088));
#6424 = CARTESIAN_POINT('',(1.79570441545,11.996652701693));
#6425 = CARTESIAN_POINT('',(1.880643302724,11.978554846478));
#6426 = CARTESIAN_POINT('',(1.963141227594,11.956594509982));
#6427 = CARTESIAN_POINT('',(2.136834410825,11.903601253365));
#6428 = CARTESIAN_POINT('',(2.227935407545,11.871173044633));
#6429 = CARTESIAN_POINT('',(2.315896509695,11.837241978382));
#6430 = CARTESIAN_POINT('',(2.40115694179,11.803515289185));
#6431 = CARTESIAN_POINT('',(2.484108131336,11.771340413659));
#6432 = CARTESIAN_POINT('',(2.565115688038,11.741739073406));
#6433 = CARTESIAN_POINT('',(2.644528784402,11.71547848991));
#6434 = CARTESIAN_POINT('',(2.81675847672,11.666221977398));
#6435 = CARTESIAN_POINT('',(2.909098822894,11.644948263395));
#6436 = CARTESIAN_POINT('',(3.000303684932,11.63030614123));
#6437 = CARTESIAN_POINT('',(3.09085265197,11.622899897923));
#6438 = CARTESIAN_POINT('',(3.181204481762,11.622993429473));
#6439 = CARTESIAN_POINT('',(3.271814215455,11.630539820855));
#6440 = CARTESIAN_POINT('',(3.363148889391,11.645174454868));
#6441 = CARTESIAN_POINT('',(3.540388979403,11.685359536843));
#6442 = CARTESIAN_POINT('',(3.626024416293,11.709848618312));
#6443 = CARTESIAN_POINT('',(3.713162452688,11.739091546436));
#6444 = CARTESIAN_POINT('',(3.802271044242,11.772298560898));
#6445 = CARTESIAN_POINT('',(3.893835633855,11.808372059888));
#6446 = CARTESIAN_POINT('',(3.988369683192,11.845783787864));
#6447 = CARTESIAN_POINT('',(4.086443165574,11.882487289749));
#6448 = CARTESIAN_POINT('',(4.309329002107,11.955382095786));
#6449 = CARTESIAN_POINT('',(4.43964378884,11.991580925785));
#6450 = CARTESIAN_POINT('',(4.574919849372,12.017759238634));
#6451 = CARTESIAN_POINT('',(4.712388980384,12.027491439655));
#6452 = CARTESIAN_POINT('',(4.849858111398,12.017759238634));
#6453 = CARTESIAN_POINT('',(4.985134171929,11.991580925785));
#6454 = CARTESIAN_POINT('',(5.115448958662,11.955382095786));
#6455 = CARTESIAN_POINT('',(5.386360133436,11.866780604343));
#6456 = CARTESIAN_POINT('',(5.527574542108,11.810604846733));
#6457 = CARTESIAN_POINT('',(5.661982378837,11.755410395398));
#6458 = CARTESIAN_POINT('',(5.791136372294,11.706986887014));
#6459 = CARTESIAN_POINT('',(5.916474707849,11.668705748755));
#6460 = CARTESIAN_POINT('',(6.039289379803,11.642487299409));
#6461 = CARTESIAN_POINT('',(6.160979274061,11.629277707579));
#6462 = CARTESIAN_POINT('',(6.28318530718,11.629277707579));
#6463 = ( GEOMETRIC_REPRESENTATION_CONTEXT(2) 
PARAMETRIC_REPRESENTATION_CONTEXT() REPRESENTATION_CONTEXT('2D SPACE',''
  ) );
#6464 = PCURVE('',#6302,#6465);
#6465 = DEFINITIONAL_REPRESENTATION('',(#6466),#6525);
#6466 = B_SPLINE_CURVE_WITH_KNOTS('',8,(#6467,#6468,#6469,#6470,#6471,
    #6472,#6473,#6474,#6475,#6476,#6477,#6478,#6479,#6480,#6481,#6482,
    #6483,#6484,#6485,#6486,#6487,#6488,#6489,#6490,#6491,#6492,#6493,
    #6494,#6495,#6496,#6497,#6498,#6499,#6500,#6501,#6502,#6503,#6504,
    #6505,#6506,#6507,#6508,#6509,#6510,#6511,#6512,#6513,#6514,#6515,
    #6516,#6517,#6518,#6519,#6520,#6521,#6522,#6523,#6524),
  .UNSPECIFIED.,.T.,.F.,(9,7,7,7,7,7,7,7,9),(0.,0.120362493059,
    0.221829166366,0.313760651,0.424225708105,0.55709888227,
    0.678541937948,0.821570988784,1.),.UNSPECIFIED.);
#6467 = CARTESIAN_POINT('',(4.459923705864,25.));
#6468 = CARTESIAN_POINT('',(4.459923705864,24.752425190714));
#6469 = CARTESIAN_POINT('',(4.461931519123,24.505083777861));
#6470 = CARTESIAN_POINT('',(4.46594073186,24.25930069487));
#6471 = CARTESIAN_POINT('',(4.4719656838,24.016471629455));
#6472 = CARTESIAN_POINT('',(4.480037533509,23.778171947359));
#6473 = CARTESIAN_POINT('',(4.490200645751,23.546291807881));
#6474 = CARTESIAN_POINT('',(4.502509192947,23.323212474866));
#6475 = CARTESIAN_POINT('',(4.529259861187,22.934017526279));
#6476 = CARTESIAN_POINT('',(4.54316591242,22.762969913285));
#6477 = CARTESIAN_POINT('',(4.558760253718,22.601938665802));
#6478 = CARTESIAN_POINT('',(4.576028137824,22.454124102076));
#6479 = CARTESIAN_POINT('',(4.59492364408,22.322890575727));
#6480 = CARTESIAN_POINT('',(4.615370585618,22.211792529506));
#6481 = CARTESIAN_POINT('',(4.637258656394,22.124631729036));
#6482 = CARTESIAN_POINT('',(4.681425682131,22.012034112989));
#6483 = CARTESIAN_POINT('',(4.703144971113,21.982406929331));
#6484 = CARTESIAN_POINT('',(4.725190785009,21.979067234399));
#6485 = CARTESIAN_POINT('',(4.747143493958,22.002745009754));
#6486 = CARTESIAN_POINT('',(4.768584049027,22.052588275559));
#6487 = CARTESIAN_POINT('',(4.789111871291,22.126183269507));
#6488 = CARTESIAN_POINT('',(4.808363443633,22.219529051735));
#6489 = CARTESIAN_POINT('',(4.847272669448,22.456094216905));
#6490 = CARTESIAN_POINT('',(4.866566829288,22.607624427664));
#6491 = CARTESIAN_POINT('',(4.883909285762,22.776818734983));
#6492 = CARTESIAN_POINT('',(4.899324300963,22.959910512577));
#6493 = CARTESIAN_POINT('',(4.91285415713,23.153899076111));
#6494 = CARTESIAN_POINT('',(4.924548208942,23.356395408857));
#6495 = CARTESIAN_POINT('',(4.934454768031,23.565513830587));
#6496 = CARTESIAN_POINT('',(4.952427423214,24.037532789853));
#6497 = CARTESIAN_POINT('',(4.959720157724,24.302937632407));
#6498 = CARTESIAN_POINT('',(4.964547070177,24.573309899297));
#6499 = CARTESIAN_POINT('',(4.96694220716,24.846434970362));
#6500 = CARTESIAN_POINT('',(4.966921500138,25.120351783021));
#6501 = CARTESIAN_POINT('',(4.964483419846,25.393160162659));
#6502 = CARTESIAN_POINT('',(4.95960717681,25.662838839056));
#6503 = CARTESIAN_POINT('',(4.945522811585,26.16853486672));
#6504 = CARTESIAN_POINT('',(4.936728243222,26.405278634263));
#6505 = CARTESIAN_POINT('',(4.925828461867,26.635766333226));
#6506 = CARTESIAN_POINT('',(4.912765453587,26.857993064865));
#6507 = CARTESIAN_POINT('',(4.897470324842,27.069329250436));
#6508 = CARTESIAN_POINT('',(4.879874906404,27.266344048026));
#6509 = CARTESIAN_POINT('',(4.859926973567,27.444555652535));
#6510 = CARTESIAN_POINT('',(4.81133043621,27.778884407334));
#6511 = CARTESIAN_POINT('',(4.780927132139,27.931214422832));
#6512 = CARTESIAN_POINT('',(4.747462415389,28.031597125069));
#6513 = CARTESIAN_POINT('',(4.712388980385,28.066497206679));
#6514 = CARTESIAN_POINT('',(4.677315545381,28.031597125069));
#6515 = CARTESIAN_POINT('',(4.64385082863,27.931214422832));
#6516 = CARTESIAN_POINT('',(4.61344752456,27.778884407334));
#6517 = CARTESIAN_POINT('',(4.554379863598,27.372517645174));
#6518 = CARTESIAN_POINT('',(4.526688939625,27.09355853686));
#6519 = CARTESIAN_POINT('',(4.504046224512,26.779735803389));
#6520 = CARTESIAN_POINT('',(4.486244948532,26.443046532257));
#6521 = CARTESIAN_POINT('',(4.47306740122,26.091798696472));
#6522 = CARTESIAN_POINT('',(4.46432669538,25.731685599263));
#6523 = CARTESIAN_POINT('',(4.459923705864,25.366618099355));
#6524 = CARTESIAN_POINT('',(4.459923705864,25.));
#6525 = ( GEOMETRIC_REPRESENTATION_CONTEXT(2) 
PARAMETRIC_REPRESENTATION_CONTEXT() REPRESENTATION_CONTEXT('2D SPACE',''
  ) );
#6526 = ORIENTED_EDGE('',*,*,#6318,.T.);
#6527 = ADVANCED_FACE('',(#6528,#6531),#5036,.T.);
#6528 = FACE_BOUND('',#6529,.T.);
#6529 = EDGE_LOOP('',(#6530));
#6530 = ORIENTED_EDGE('',*,*,#5021,.T.);
#6531 = FACE_BOUND('',#6532,.T.);
#6532 = EDGE_LOOP('',(#6533));
#6533 = ORIENTED_EDGE('',*,*,#6534,.F.);
#6534 = EDGE_CURVE('',#6535,#6535,#6537,.T.);
#6535 = VERTEX_POINT('',#6536);
#6536 = CARTESIAN_POINT('',(-3.69108545263E-15,-107.72929349,
    26.860830667311));
#6537 = SURFACE_CURVE('',#6538,(#6543,#6550),.PCURVE_S1.);
#6538 = CIRCLE('',#6539,15.07);
#6539 = AXIS2_PLACEMENT_3D('',#6540,#6541,#6542);
#6540 = CARTESIAN_POINT('',(0.,-102.1324359973,40.852974398951));
#6541 = DIRECTION('',(0.,-0.928476690885,0.371390676354));
#6542 = DIRECTION('',(0.,-0.371390676354,-0.928476690885));
#6543 = PCURVE('',#5036,#6544);
#6544 = DEFINITIONAL_REPRESENTATION('',(#6545),#6549);
#6545 = CIRCLE('',#6546,15.07);
#6546 = AXIS2_PLACEMENT_2D('',#6547,#6548);
#6547 = CARTESIAN_POINT('',(1.319444736062E-15,0.));
#6548 = DIRECTION('',(1.,0.));
#6549 = ( GEOMETRIC_REPRESENTATION_CONTEXT(2) 
PARAMETRIC_REPRESENTATION_CONTEXT() REPRESENTATION_CONTEXT('2D SPACE',''
  ) );
#6550 = PCURVE('',#6551,#6556);
#6551 = CYLINDRICAL_SURFACE('',#6552,15.07);
#6552 = AXIS2_PLACEMENT_3D('',#6553,#6554,#6555);
#6553 = CARTESIAN_POINT('',(0.,-41.78145108983,16.712580435935));
#6554 = DIRECTION('',(0.,-0.928476690885,0.371390676354));
#6555 = DIRECTION('',(0.,-0.371390676354,-0.928476690885));
#6556 = DEFINITIONAL_REPRESENTATION('',(#6557),#6561);
#6557 = LINE('',#6558,#6559);
#6558 = CARTESIAN_POINT('',(0.,65.));
#6559 = VECTOR('',#6560,1.);
#6560 = DIRECTION('',(1.,0.));
#6561 = ( GEOMETRIC_REPRESENTATION_CONTEXT(2) 
PARAMETRIC_REPRESENTATION_CONTEXT() REPRESENTATION_CONTEXT('2D SPACE',''
  ) );
#6562 = ADVANCED_FACE('',(#6563),#5173,.F.);
#6563 = FACE_BOUND('',#6564,.F.);
#6564 = EDGE_LOOP('',(#6565,#6566,#6589,#6769));
#6565 = ORIENTED_EDGE('',*,*,#5051,.F.);
#6566 = ORIENTED_EDGE('',*,*,#6567,.F.);
#6567 = EDGE_CURVE('',#6568,#5052,#6570,.T.);
#6568 = VERTEX_POINT('',#6569);
#6569 = CARTESIAN_POINT('',(-14.81034365942,-64.99336836196,
    22.997347344787));
#6570 = SEAM_CURVE('',#6571,(#6575,#6582),.PCURVE_S1.);
#6571 = LINE('',#6572,#6573);
#6572 = CARTESIAN_POINT('',(0.,-64.99336836196,22.997347344787));
#6573 = VECTOR('',#6574,1.);
#6574 = DIRECTION('',(-1.,0.,0.));
#6575 = PCURVE('',#5173,#6576);
#6576 = DEFINITIONAL_REPRESENTATION('',(#6577),#6581);
#6577 = LINE('',#6578,#6579);
#6578 = CARTESIAN_POINT('',(6.28318530718,-0.));
#6579 = VECTOR('',#6580,1.);
#6580 = DIRECTION('',(0.,1.));
#6581 = ( GEOMETRIC_REPRESENTATION_CONTEXT(2) 
PARAMETRIC_REPRESENTATION_CONTEXT() REPRESENTATION_CONTEXT('2D SPACE',''
  ) );
#6582 = PCURVE('',#5173,#6583);
#6583 = DEFINITIONAL_REPRESENTATION('',(#6584),#6588);
#6584 = LINE('',#6585,#6586);
#6585 = CARTESIAN_POINT('',(0.,-0.));
#6586 = VECTOR('',#6587,1.);
#6587 = DIRECTION('',(0.,1.));
#6588 = ( GEOMETRIC_REPRESENTATION_CONTEXT(2) 
PARAMETRIC_REPRESENTATION_CONTEXT() REPRESENTATION_CONTEXT('2D SPACE',''
  ) );
#6589 = ORIENTED_EDGE('',*,*,#6590,.T.);
#6590 = EDGE_CURVE('',#6568,#6568,#6591,.T.);
#6591 = SURFACE_CURVE('',#6592,(#6649,#6709),.PCURVE_S1.);
#6592 = B_SPLINE_CURVE_WITH_KNOTS('',7,(#6593,#6594,#6595,#6596,#6597,
    #6598,#6599,#6600,#6601,#6602,#6603,#6604,#6605,#6606,#6607,#6608,
    #6609,#6610,#6611,#6612,#6613,#6614,#6615,#6616,#6617,#6618,#6619,
    #6620,#6621,#6622,#6623,#6624,#6625,#6626,#6627,#6628,#6629,#6630,
    #6631,#6632,#6633,#6634,#6635,#6636,#6637,#6638,#6639,#6640,#6641,
    #6642,#6643,#6644,#6645,#6646,#6647,#6648),.UNSPECIFIED.,.T.,.F.,(8,
    6,6,6,6,6,6,6,6,8),(0.,6.814347818213E-02,0.1895058834,0.29775809197
    ,0.390177589876,0.501945657311,0.67158371865,0.787176258312,
    0.882750117579,1.),.UNSPECIFIED.);
#6593 = CARTESIAN_POINT('',(-14.81034365942,-64.99336836196,
    22.997347344787));
#6594 = CARTESIAN_POINT('',(-14.79884248304,-65.15802685759,
    22.997347344787));
#6595 = CARTESIAN_POINT('',(-14.7889964906,-65.32098422043,
    23.00789095044));
#6596 = CARTESIAN_POINT('',(-14.78095356865,-65.48179649206,
    23.028586525366));
#6597 = CARTESIAN_POINT('',(-14.77481955704,-65.64006861529,
    23.059109934178));
#6598 = CARTESIAN_POINT('',(-14.77066213236,-65.79543317115,
    23.099199912823));
#6599 = CARTESIAN_POINT('',(-14.76851469142,-65.94752911578,
    23.148653438934));
#6600 = CARTESIAN_POINT('',(-14.76814076933,-66.36037000345,
    23.311807238023));
#6601 = CARTESIAN_POINT('',(-14.77428575265,-66.61289902751,
    23.445400571739));
#6602 = CARTESIAN_POINT('',(-14.78680194738,-66.85169091712,
    23.607221571571));
#6603 = CARTESIAN_POINT('',(-14.80537592374,-67.07447331665,
    23.796969860798));
#6604 = CARTESIAN_POINT('',(-14.82937638489,-67.27833214859,
    24.014673631694));
#6605 = CARTESIAN_POINT('',(-14.85769524952,-67.45936728025,
    24.260407652561));
#6606 = CARTESIAN_POINT('',(-14.91609556884,-67.74846730725,
    24.77772112541));
#6607 = CARTESIAN_POINT('',(-14.94602858537,-67.86414617415,
    25.046940745595));
#6608 = CARTESIAN_POINT('',(-14.97689530515,-67.95273087475,
    25.33957413002));
#6609 = CARTESIAN_POINT('',(-15.0065766665,-68.00810344066,
    25.652452325409));
#6610 = CARTESIAN_POINT('',(-15.03247875515,-68.02449925519,
    25.981222095755));
#6611 = CARTESIAN_POINT('',(-15.05190375532,-67.99646903478,
    26.320242517095));
#6612 = CARTESIAN_POINT('',(-15.07190016866,-67.85249079003,
    26.953892975853));
#6613 = CARTESIAN_POINT('',(-15.07457858909,-67.75169058501,
    27.240326947927));
#6614 = CARTESIAN_POINT('',(-15.06986530694,-67.61716747752,
    27.513473139395));
#6615 = CARTESIAN_POINT('',(-15.0578811738,-67.45254244794,
    27.766161891299));
#6616 = CARTESIAN_POINT('',(-15.04001007036,-67.26382938416,
    27.992636624389));
#6617 = CARTESIAN_POINT('',(-15.01837895954,-67.0591441773,
    28.189239405048));
#6618 = CARTESIAN_POINT('',(-14.96708565484,-66.5938347604,
    28.555383275199));
#6619 = CARTESIAN_POINT('',(-14.93611928349,-66.32528817886,
    28.714719410907));
#6620 = CARTESIAN_POINT('',(-14.90480862179,-66.0497041863,
    28.835994195388));
#6621 = CARTESIAN_POINT('',(-14.87514072979,-65.77170613018,
    28.922310387695));
#6622 = CARTESIAN_POINT('',(-14.84846355535,-65.49454301556,
    28.976475345833));
#6623 = CARTESIAN_POINT('',(-14.82570028943,-65.22054087392,
    29.000818555155));
#6624 = CARTESIAN_POINT('',(-14.77976497353,-64.54292664885,
    28.99133998815));
#6625 = CARTESIAN_POINT('',(-14.76249970779,-64.14588409605,
    28.920878256982));
#6626 = CARTESIAN_POINT('',(-14.75777020972,-63.76642598917,
    28.791778082288));
#6627 = CARTESIAN_POINT('',(-14.76614373517,-63.4093252877,
    28.606997521788));
#6628 = CARTESIAN_POINT('',(-14.7871925219,-63.08041338803,
    28.367856289047));
#6629 = CARTESIAN_POINT('',(-14.81924002878,-62.78717755164,
    28.074317820691));
#6630 = CARTESIAN_POINT('',(-14.88522728004,-62.37475127269,
    27.489635765399));
#6631 = CARTESIAN_POINT('',(-14.91556217466,-62.22830429508,
    27.225297732659));
#6632 = CARTESIAN_POINT('',(-14.94821996958,-62.10833021314,
    26.934393654928));
#6633 = CARTESIAN_POINT('',(-14.98122663374,-62.02105154977,
    26.618814005204));
#6634 = CARTESIAN_POINT('',(-15.01192711555,-61.97313890316,
    26.281664943781));
#6635 = CARTESIAN_POINT('',(-15.03710223057,-61.97176963437,
    25.927664368441));
#6636 = CARTESIAN_POINT('',(-15.06745642474,-62.06864941257,
    25.263691975749));
#6637 = CARTESIAN_POINT('',(-15.0751029672,-62.14892149227,
    24.961962031813));
#6638 = CARTESIAN_POINT('',(-15.07507758379,-62.26696727403,
    24.668827207046));
#6639 = CARTESIAN_POINT('',(-15.06682076587,-62.42020246773,
    24.393557653193));
#6640 = CARTESIAN_POINT('',(-15.05140761858,-62.60271000373,
    24.143954064715));
#6641 = CARTESIAN_POINT('',(-15.03108135101,-62.8056266287,
    23.925399431716));
#6642 = CARTESIAN_POINT('',(-14.98041602068,-63.27710421957,
    23.512672488771));
#6643 = CARTESIAN_POINT('',(-14.94834329087,-63.55485259763,
    23.331126040784));
#6644 = CARTESIAN_POINT('',(-14.91518278967,-63.84208353492,
    23.192188409793));
#6645 = CARTESIAN_POINT('',(-14.88339746782,-64.13304364328,
    23.092342395934));
#6646 = CARTESIAN_POINT('',(-14.85464669967,-64.42369418659,
    23.02831834581));
#6647 = CARTESIAN_POINT('',(-14.83005552692,-64.71116014793,
    22.997347344787));
#6648 = CARTESIAN_POINT('',(-14.81034365942,-64.99336836196,
    22.997347344787));
#6649 = PCURVE('',#5173,#6650);
#6650 = DEFINITIONAL_REPRESENTATION('',(#6651),#6708);
#6651 = B_SPLINE_CURVE_WITH_KNOTS('',7,(#6652,#6653,#6654,#6655,#6656,
    #6657,#6658,#6659,#6660,#6661,#6662,#6663,#6664,#6665,#6666,#6667,
    #6668,#6669,#6670,#6671,#6672,#6673,#6674,#6675,#6676,#6677,#6678,
    #6679,#6680,#6681,#6682,#6683,#6684,#6685,#6686,#6687,#6688,#6689,
    #6690,#6691,#6692,#6693,#6694,#6695,#6696,#6697,#6698,#6699,#6700,
    #6701,#6702,#6703,#6704,#6705,#6706,#6707),.UNSPECIFIED.,.F.,.F.,(8,
    6,6,6,6,6,6,6,6,8),(0.,6.814347818213E-02,0.1895058834,0.29775809197
    ,0.390177589876,0.501945657311,0.67158371865,0.787176258312,
    0.882750117579,1.),.UNSPECIFIED.);
#6652 = CARTESIAN_POINT('',(0.,14.810343659428));
#6653 = CARTESIAN_POINT('',(5.488616520758E-02,14.79884248304));
#6654 = CARTESIAN_POINT('',(0.109205413152,14.788996490602));
#6655 = CARTESIAN_POINT('',(0.163079294421,14.780953568653));
#6656 = CARTESIAN_POINT('',(0.216621868833,14.774819557041));
#6657 = CARTESIAN_POINT('',(0.269943024252,14.770662132365));
#6658 = CARTESIAN_POINT('',(0.323151795392,14.76851469142));
#6659 = CARTESIAN_POINT('',(0.471122047916,14.768140769332));
#6660 = CARTESIAN_POINT('',(0.565773505247,14.774285752659));
#6661 = CARTESIAN_POINT('',(0.661015247817,14.786801947385));
#6662 = CARTESIAN_POINT('',(0.757478919434,14.805375923746));
#6663 = CARTESIAN_POINT('',(0.855834413506,14.829376384897));
#6664 = CARTESIAN_POINT('',(0.956776314342,14.857695249528));
#6665 = CARTESIAN_POINT('',(1.154314511718,14.916095568846));
#6666 = CARTESIAN_POINT('',(1.25146216188,14.946028585376));
#6667 = CARTESIAN_POINT('',(1.352337305732,14.976895305157));
#6668 = CARTESIAN_POINT('',(1.456850187425,15.006576666508));
#6669 = CARTESIAN_POINT('',(1.565109680387,15.032478755156));
#6670 = CARTESIAN_POINT('',(1.677377996522,15.051903755328));
#6671 = CARTESIAN_POINT('',(1.893978663097,15.071900168666));
#6672 = CARTESIAN_POINT('',(1.99452810717,15.074578589099));
#6673 = CARTESIAN_POINT('',(2.094871571853,15.069865306942));
#6674 = CARTESIAN_POINT('',(2.194144466068,15.057881173809));
#6675 = CARTESIAN_POINT('',(2.291425656763,15.040010070362));
#6676 = CARTESIAN_POINT('',(2.385570308484,15.018378959548));
#6677 = CARTESIAN_POINT('',(2.582934660522,14.96708565484));
#6678 = CARTESIAN_POINT('',(2.686126502063,14.936119283492));
#6679 = CARTESIAN_POINT('',(2.785374415854,14.904808621798));
#6680 = CARTESIAN_POINT('',(2.881342010579,14.875140729799));
#6681 = CARTESIAN_POINT('',(2.974648746497,14.848463555357));
#6682 = CARTESIAN_POINT('',(3.065860162656,14.825700289436));
#6683 = CARTESIAN_POINT('',(3.29175366786,14.779764973531));
#6684 = CARTESIAN_POINT('',(3.424416655741,14.762499707799));
#6685 = CARTESIAN_POINT('',(3.55561631347,14.757770209727));
#6686 = CARTESIAN_POINT('',(3.686920476501,14.766143735174));
#6687 = CARTESIAN_POINT('',(3.819912966739,14.787192521904));
#6688 = CARTESIAN_POINT('',(3.956211033749,14.819240028782));
#6689 = CARTESIAN_POINT('',(4.194712965107,14.885227280041));
#6690 = CARTESIAN_POINT('',(4.294852578985,14.91556217466));
#6691 = CARTESIAN_POINT('',(4.39861923569,14.948219969582));
#6692 = CARTESIAN_POINT('',(4.506246733562,14.981226633745));
#6693 = CARTESIAN_POINT('',(4.618141892962,15.01192711555));
#6694 = CARTESIAN_POINT('',(4.734840171226,15.037102230579));
#6695 = CARTESIAN_POINT('',(4.958507838805,15.067456424742));
#6696 = CARTESIAN_POINT('',(5.061893707044,15.0751029672));
#6697 = CARTESIAN_POINT('',(5.165958062999,15.075077583799));
#6698 = CARTESIAN_POINT('',(5.269533997694,15.066820765872));
#6699 = CARTESIAN_POINT('',(5.371457580908,15.051407618581));
#6700 = CARTESIAN_POINT('',(5.470336573775,15.03108135101));
#6701 = CARTESIAN_POINT('',(5.679205125772,14.980416020687));
#6702 = CARTESIAN_POINT('',(5.788727367815,14.948343290878));
#6703 = CARTESIAN_POINT('',(5.893759552951,14.915182789676));
#6704 = CARTESIAN_POINT('',(5.995049548883,14.883397467829));
#6705 = CARTESIAN_POINT('',(6.093294231896,14.85464669967));
#6706 = CARTESIAN_POINT('',(6.189115902503,14.830055526921));
#6707 = CARTESIAN_POINT('',(6.28318530718,14.810343659428));
#6708 = ( GEOMETRIC_REPRESENTATION_CONTEXT(2) 
PARAMETRIC_REPRESENTATION_CONTEXT() REPRESENTATION_CONTEXT('2D SPACE',''
  ) );
#6709 = PCURVE('',#6551,#6710);
#6710 = DEFINITIONAL_REPRESENTATION('',(#6711),#6768);
#6711 = B_SPLINE_CURVE_WITH_KNOTS('',7,(#6712,#6713,#6714,#6715,#6716,
    #6717,#6718,#6719,#6720,#6721,#6722,#6723,#6724,#6725,#6726,#6727,
    #6728,#6729,#6730,#6731,#6732,#6733,#6734,#6735,#6736,#6737,#6738,
    #6739,#6740,#6741,#6742,#6743,#6744,#6745,#6746,#6747,#6748,#6749,
    #6750,#6751,#6752,#6753,#6754,#6755,#6756,#6757,#6758,#6759,#6760,
    #6761,#6762,#6763,#6764,#6765,#6766,#6767),.UNSPECIFIED.,.T.,.F.,(8,
    6,6,6,6,6,6,6,6,8),(0.,6.814347818213E-02,0.1895058834,0.29775809197
    ,0.390177589876,0.501945657311,0.67158371865,0.787176258312,
    0.882750117579,1.),.UNSPECIFIED.);
#6712 = CARTESIAN_POINT('',(4.898290693546,23.885827970938));
#6713 = CARTESIAN_POINT('',(4.902419742234,24.03870954608));
#6714 = CARTESIAN_POINT('',(4.905848886455,24.193927455922));
#6715 = CARTESIAN_POINT('',(4.908589364899,24.350924045309));
#6716 = CARTESIAN_POINT('',(4.910649906693,24.509212131991));
#6717 = CARTESIAN_POINT('',(4.912036518624,24.668353544973));
#6718 = CARTESIAN_POINT('',(4.912752272359,24.827937662858));
#6719 = CARTESIAN_POINT('',(4.912876914127,25.271844603897));
#6720 = CARTESIAN_POINT('',(4.910828529318,25.555927235069));
#6721 = CARTESIAN_POINT('',(4.906659881878,25.837738749125));
#6722 = CARTESIAN_POINT('',(4.900338408944,26.115057759697));
#6723 = CARTESIAN_POINT('',(4.891800279608,26.385189084105));
#6724 = CARTESIAN_POINT('',(4.880959719533,26.644539308299));
#6725 = CARTESIAN_POINT('',(4.855910663022,27.105087345271));
#6726 = CARTESIAN_POINT('',(4.842032709022,27.312478133637));
#6727 = CARTESIAN_POINT('',(4.82605764705,27.503408273878));
#6728 = CARTESIAN_POINT('',(4.808044134867,27.671020455241));
#6729 = CARTESIAN_POINT('',(4.788128644123,27.808345614238));
#6730 = CARTESIAN_POINT('',(4.76652082116,27.908229231523));
#6731 = CARTESIAN_POINT('',(4.723912108874,28.009880659732));
#6732 = CARTESIAN_POINT('',(4.703784704855,28.022668925553));
#6733 = CARTESIAN_POINT('',(4.683647910491,27.999211304654));
#6734 = CARTESIAN_POINT('',(4.664016674113,27.940207048433));
#6735 = CARTESIAN_POINT('',(4.645380865323,27.849101971749));
#6736 = CARTESIAN_POINT('',(4.628165991517,27.732072967886));
#6737 = CARTESIAN_POINT('',(4.593970455044,27.436026439828));
#6738 = CARTESIAN_POINT('',(4.577412537492,27.245863153662));
#6739 = CARTESIAN_POINT('',(4.563002383176,27.035030164417));
#6740 = CARTESIAN_POINT('',(4.550676826503,26.808972478245));
#6741 = CARTESIAN_POINT('',(4.540356877025,26.57174934718));
#6742 = CARTESIAN_POINT('',(4.531967500297,26.326385586386));
#6743 = CARTESIAN_POINT('',(4.51556637241,25.69371632159));
#6744 = CARTESIAN_POINT('',(4.51000460573,25.298902736031));
#6745 = CARTESIAN_POINT('',(4.508571686908,24.898638127425));
#6746 = CARTESIAN_POINT('',(4.511214933338,24.498452672468));
#6747 = CARTESIAN_POINT('',(4.517989051956,24.104250816098));
#6748 = CARTESIAN_POINT('',(4.529050277527,23.722970726784));
#6749 = CARTESIAN_POINT('',(4.555277202926,23.122897076101));
#6750 = CARTESIAN_POINT('',(4.568112373644,22.888751790174));
#6751 = CARTESIAN_POINT('',(4.583232203692,22.669319589402));
#6752 = CARTESIAN_POINT('',(4.600657110373,22.471080045293));
#6753 = CARTESIAN_POINT('',(4.62034378018,22.301380251762));
#6754 = CARTESIAN_POINT('',(4.642174434907,22.168636404502));
#6755 = CARTESIAN_POINT('',(4.68551675944,22.01199386438));
#6756 = CARTESIAN_POINT('',(4.706086247453,21.974464931355));
#6757 = CARTESIAN_POINT('',(4.727045250831,21.975200147343));
#6758 = CARTESIAN_POINT('',(4.747775912276,22.015242907131));
#6759 = CARTESIAN_POINT('',(4.767670793057,22.091996454671));
#6760 = CARTESIAN_POINT('',(4.786183215618,22.199230658184));
#6761 = CARTESIAN_POINT('',(4.823383208681,22.483703673087));
#6762 = CARTESIAN_POINT('',(4.841531938737,22.674161909941));
#6763 = CARTESIAN_POINT('',(4.857319613541,22.889248999375));
#6764 = CARTESIAN_POINT('',(4.870805404905,23.122316799344));
#6765 = CARTESIAN_POINT('',(4.882074671797,23.368401118725));
#6766 = CARTESIAN_POINT('',(4.891213916539,23.623804222235));
#6767 = CARTESIAN_POINT('',(4.898290693546,23.885827970938));
#6768 = ( GEOMETRIC_REPRESENTATION_CONTEXT(2) 
PARAMETRIC_REPRESENTATION_CONTEXT() REPRESENTATION_CONTEXT('2D SPACE',''
  ) );
#6769 = ORIENTED_EDGE('',*,*,#6567,.T.);
#6770 = ADVANCED_FACE('',(#6771,#6825),#5261,.F.);
#6771 = FACE_BOUND('',#6772,.F.);
#6772 = EDGE_LOOP('',(#6773,#6796,#6797,#6798));
#6773 = ORIENTED_EDGE('',*,*,#6774,.T.);
#6774 = EDGE_CURVE('',#6775,#5245,#6777,.T.);
#6775 = VERTEX_POINT('',#6776);
#6776 = CARTESIAN_POINT('',(45.,2.941601611552E-15,12.01));
#6777 = SEAM_CURVE('',#6778,(#6782,#6789),.PCURVE_S1.);
#6778 = LINE('',#6779,#6780);
#6779 = CARTESIAN_POINT('',(45.,2.941601611552E-15,12.01));
#6780 = VECTOR('',#6781,1.);
#6781 = DIRECTION('',(1.,0.,0.));
#6782 = PCURVE('',#5261,#6783);
#6783 = DEFINITIONAL_REPRESENTATION('',(#6784),#6788);
#6784 = LINE('',#6785,#6786);
#6785 = CARTESIAN_POINT('',(6.28318530718,-0.));
#6786 = VECTOR('',#6787,1.);
#6787 = DIRECTION('',(0.,1.));
#6788 = ( GEOMETRIC_REPRESENTATION_CONTEXT(2) 
PARAMETRIC_REPRESENTATION_CONTEXT() REPRESENTATION_CONTEXT('2D SPACE',''
  ) );
#6789 = PCURVE('',#5261,#6790);
#6790 = DEFINITIONAL_REPRESENTATION('',(#6791),#6795);
#6791 = LINE('',#6792,#6793);
#6792 = CARTESIAN_POINT('',(0.,-0.));
#6793 = VECTOR('',#6794,1.);
#6794 = DIRECTION('',(0.,1.));
#6795 = ( GEOMETRIC_REPRESENTATION_CONTEXT(2) 
PARAMETRIC_REPRESENTATION_CONTEXT() REPRESENTATION_CONTEXT('2D SPACE',''
  ) );
#6796 = ORIENTED_EDGE('',*,*,#5244,.F.);
#6797 = ORIENTED_EDGE('',*,*,#6774,.F.);
#6798 = ORIENTED_EDGE('',*,*,#6799,.T.);
#6799 = EDGE_CURVE('',#6775,#6775,#6800,.T.);
#6800 = SURFACE_CURVE('',#6801,(#6806,#6813),.PCURVE_S1.);
#6801 = CIRCLE('',#6802,12.01);
#6802 = AXIS2_PLACEMENT_3D('',#6803,#6804,#6805);
#6803 = CARTESIAN_POINT('',(45.,0.,0.));
#6804 = DIRECTION('',(1.,0.,0.));
#6805 = DIRECTION('',(-0.,0.,1.));
#6806 = PCURVE('',#5261,#6807);
#6807 = DEFINITIONAL_REPRESENTATION('',(#6808),#6812);
#6808 = LINE('',#6809,#6810);
#6809 = CARTESIAN_POINT('',(0.,0.));
#6810 = VECTOR('',#6811,1.);
#6811 = DIRECTION('',(1.,0.));
#6812 = ( GEOMETRIC_REPRESENTATION_CONTEXT(2) 
PARAMETRIC_REPRESENTATION_CONTEXT() REPRESENTATION_CONTEXT('2D SPACE',''
  ) );
#6813 = PCURVE('',#6814,#6819);
#6814 = PLANE('',#6815);
#6815 = AXIS2_PLACEMENT_3D('',#6816,#6817,#6818);
#6816 = CARTESIAN_POINT('',(45.,0.,0.));
#6817 = DIRECTION('',(1.,0.,0.));
#6818 = DIRECTION('',(-0.,0.,1.));
#6819 = DEFINITIONAL_REPRESENTATION('',(#6820),#6824);
#6820 = CIRCLE('',#6821,12.01);
#6821 = AXIS2_PLACEMENT_2D('',#6822,#6823);
#6822 = CARTESIAN_POINT('',(0.,0.));
#6823 = DIRECTION('',(1.,0.));
#6824 = ( GEOMETRIC_REPRESENTATION_CONTEXT(2) 
PARAMETRIC_REPRESENTATION_CONTEXT() REPRESENTATION_CONTEXT('2D SPACE',''
  ) );
#6825 = FACE_BOUND('',#6826,.F.);
#6826 = EDGE_LOOP('',(#6827));
#6827 = ORIENTED_EDGE('',*,*,#5300,.F.);
#6828 = ADVANCED_FACE('',(#6829,#6883,#6886,#6889),#5510,.F.);
#6829 = FACE_BOUND('',#6830,.F.);
#6830 = EDGE_LOOP('',(#6831,#6860,#6881,#6882));
#6831 = ORIENTED_EDGE('',*,*,#6832,.T.);
#6832 = EDGE_CURVE('',#6833,#6833,#6835,.T.);
#6833 = VERTEX_POINT('',#6834);
#6834 = CARTESIAN_POINT('',(-12.01,-2.941601611552E-15,-45.));
#6835 = SURFACE_CURVE('',#6836,(#6841,#6848),.PCURVE_S1.);
#6836 = CIRCLE('',#6837,12.01);
#6837 = AXIS2_PLACEMENT_3D('',#6838,#6839,#6840);
#6838 = CARTESIAN_POINT('',(0.,0.,-45.));
#6839 = DIRECTION('',(0.,0.,-1.));
#6840 = DIRECTION('',(-1.,0.,-0.));
#6841 = PCURVE('',#5510,#6842);
#6842 = DEFINITIONAL_REPRESENTATION('',(#6843),#6847);
#6843 = LINE('',#6844,#6845);
#6844 = CARTESIAN_POINT('',(0.,0.));
#6845 = VECTOR('',#6846,1.);
#6846 = DIRECTION('',(1.,0.));
#6847 = ( GEOMETRIC_REPRESENTATION_CONTEXT(2) 
PARAMETRIC_REPRESENTATION_CONTEXT() REPRESENTATION_CONTEXT('2D SPACE',''
  ) );
#6848 = PCURVE('',#6849,#6854);
#6849 = PLANE('',#6850);
#6850 = AXIS2_PLACEMENT_3D('',#6851,#6852,#6853);
#6851 = CARTESIAN_POINT('',(0.,0.,-45.));
#6852 = DIRECTION('',(0.,0.,-1.));
#6853 = DIRECTION('',(-1.,0.,-0.));
#6854 = DEFINITIONAL_REPRESENTATION('',(#6855),#6859);
#6855 = CIRCLE('',#6856,12.01);
#6856 = AXIS2_PLACEMENT_2D('',#6857,#6858);
#6857 = CARTESIAN_POINT('',(0.,0.));
#6858 = DIRECTION('',(1.,0.));
#6859 = ( GEOMETRIC_REPRESENTATION_CONTEXT(2) 
PARAMETRIC_REPRESENTATION_CONTEXT() REPRESENTATION_CONTEXT('2D SPACE',''
  ) );
#6860 = ORIENTED_EDGE('',*,*,#6861,.T.);
#6861 = EDGE_CURVE('',#6833,#5494,#6862,.T.);
#6862 = SEAM_CURVE('',#6863,(#6867,#6874),.PCURVE_S1.);
#6863 = LINE('',#6864,#6865);
#6864 = CARTESIAN_POINT('',(-12.01,-2.941601611552E-15,-45.));
#6865 = VECTOR('',#6866,1.);
#6866 = DIRECTION('',(0.,0.,-1.));
#6867 = PCURVE('',#5510,#6868);
#6868 = DEFINITIONAL_REPRESENTATION('',(#6869),#6873);
#6869 = LINE('',#6870,#6871);
#6870 = CARTESIAN_POINT('',(0.,-0.));
#6871 = VECTOR('',#6872,1.);
#6872 = DIRECTION('',(0.,1.));
#6873 = ( GEOMETRIC_REPRESENTATION_CONTEXT(2) 
PARAMETRIC_REPRESENTATION_CONTEXT() REPRESENTATION_CONTEXT('2D SPACE',''
  ) );
#6874 = PCURVE('',#5510,#6875);
#6875 = DEFINITIONAL_REPRESENTATION('',(#6876),#6880);
#6876 = LINE('',#6877,#6878);
#6877 = CARTESIAN_POINT('',(6.28318530718,-0.));
#6878 = VECTOR('',#6879,1.);
#6879 = DIRECTION('',(0.,1.));
#6880 = ( GEOMETRIC_REPRESENTATION_CONTEXT(2) 
PARAMETRIC_REPRESENTATION_CONTEXT() REPRESENTATION_CONTEXT('2D SPACE',''
  ) );
#6881 = ORIENTED_EDGE('',*,*,#5493,.F.);
#6882 = ORIENTED_EDGE('',*,*,#6861,.F.);
#6883 = FACE_BOUND('',#6884,.F.);
#6884 = EDGE_LOOP('',(#6885));
#6885 = ORIENTED_EDGE('',*,*,#5549,.F.);
#6886 = FACE_BOUND('',#6887,.F.);
#6887 = EDGE_LOOP('',(#6888));
#6888 = ORIENTED_EDGE('',*,*,#5739,.T.);
#6889 = FACE_BOUND('',#6890,.F.);
#6890 = EDGE_LOOP('',(#6891));
#6891 = ORIENTED_EDGE('',*,*,#6019,.F.);
#6892 = ADVANCED_FACE('',(#6893,#6947),#6302,.F.);
#6893 = FACE_BOUND('',#6894,.F.);
#6894 = EDGE_LOOP('',(#6895,#6918,#6919,#6920));
#6895 = ORIENTED_EDGE('',*,*,#6896,.T.);
#6896 = EDGE_CURVE('',#6897,#6286,#6899,.T.);
#6897 = VERTEX_POINT('',#6898);
#6898 = CARTESIAN_POINT('',(-45.,2.941601611552E-15,-12.01));
#6899 = SEAM_CURVE('',#6900,(#6904,#6911),.PCURVE_S1.);
#6900 = LINE('',#6901,#6902);
#6901 = CARTESIAN_POINT('',(-45.,2.941601611552E-15,-12.01));
#6902 = VECTOR('',#6903,1.);
#6903 = DIRECTION('',(-1.,0.,0.));
#6904 = PCURVE('',#6302,#6905);
#6905 = DEFINITIONAL_REPRESENTATION('',(#6906),#6910);
#6906 = LINE('',#6907,#6908);
#6907 = CARTESIAN_POINT('',(6.28318530718,-0.));
#6908 = VECTOR('',#6909,1.);
#6909 = DIRECTION('',(0.,1.));
#6910 = ( GEOMETRIC_REPRESENTATION_CONTEXT(2) 
PARAMETRIC_REPRESENTATION_CONTEXT() REPRESENTATION_CONTEXT('2D SPACE',''
  ) );
#6911 = PCURVE('',#6302,#6912);
#6912 = DEFINITIONAL_REPRESENTATION('',(#6913),#6917);
#6913 = LINE('',#6914,#6915);
#6914 = CARTESIAN_POINT('',(0.,-0.));
#6915 = VECTOR('',#6916,1.);
#6916 = DIRECTION('',(0.,1.));
#6917 = ( GEOMETRIC_REPRESENTATION_CONTEXT(2) 
PARAMETRIC_REPRESENTATION_CONTEXT() REPRESENTATION_CONTEXT('2D SPACE',''
  ) );
#6918 = ORIENTED_EDGE('',*,*,#6285,.F.);
#6919 = ORIENTED_EDGE('',*,*,#6896,.F.);
#6920 = ORIENTED_EDGE('',*,*,#6921,.T.);
#6921 = EDGE_CURVE('',#6897,#6897,#6922,.T.);
#6922 = SURFACE_CURVE('',#6923,(#6928,#6935),.PCURVE_S1.);
#6923 = CIRCLE('',#6924,12.01);
#6924 = AXIS2_PLACEMENT_3D('',#6925,#6926,#6927);
#6925 = CARTESIAN_POINT('',(-45.,0.,0.));
#6926 = DIRECTION('',(-1.,0.,0.));
#6927 = DIRECTION('',(0.,0.,-1.));
#6928 = PCURVE('',#6302,#6929);
#6929 = DEFINITIONAL_REPRESENTATION('',(#6930),#6934);
#6930 = LINE('',#6931,#6932);
#6931 = CARTESIAN_POINT('',(0.,0.));
#6932 = VECTOR('',#6933,1.);
#6933 = DIRECTION('',(1.,0.));
#6934 = ( GEOMETRIC_REPRESENTATION_CONTEXT(2) 
PARAMETRIC_REPRESENTATION_CONTEXT() REPRESENTATION_CONTEXT('2D SPACE',''
  ) );
#6935 = PCURVE('',#6936,#6941);
#6936 = PLANE('',#6937);
#6937 = AXIS2_PLACEMENT_3D('',#6938,#6939,#6940);
#6938 = CARTESIAN_POINT('',(-45.,0.,0.));
#6939 = DIRECTION('',(-1.,0.,0.));
#6940 = DIRECTION('',(0.,0.,-1.));
#6941 = DEFINITIONAL_REPRESENTATION('',(#6942),#6946);
#6942 = CIRCLE('',#6943,12.01);
#6943 = AXIS2_PLACEMENT_2D('',#6944,#6945);
#6944 = CARTESIAN_POINT('',(0.,0.));
#6945 = DIRECTION('',(1.,0.));
#6946 = ( GEOMETRIC_REPRESENTATION_CONTEXT(2) 
PARAMETRIC_REPRESENTATION_CONTEXT() REPRESENTATION_CONTEXT('2D SPACE',''
  ) );
#6947 = FACE_BOUND('',#6948,.F.);
#6948 = EDGE_LOOP('',(#6949));
#6949 = ORIENTED_EDGE('',*,*,#6341,.F.);
#6950 = ADVANCED_FACE('',(#6951,#7005),#6551,.F.);
#6951 = FACE_BOUND('',#6952,.F.);
#6952 = EDGE_LOOP('',(#6953,#6976,#6977,#6978));
#6953 = ORIENTED_EDGE('',*,*,#6954,.T.);
#6954 = EDGE_CURVE('',#6955,#6535,#6957,.T.);
#6955 = VERTEX_POINT('',#6956);
#6956 = CARTESIAN_POINT('',(-3.69108545263E-15,-47.37830858249,
    2.720436704294));
#6957 = SEAM_CURVE('',#6958,(#6962,#6969),.PCURVE_S1.);
#6958 = LINE('',#6959,#6960);
#6959 = CARTESIAN_POINT('',(-3.69108545263E-15,-47.37830858249,
    2.720436704294));
#6960 = VECTOR('',#6961,1.);
#6961 = DIRECTION('',(0.,-0.928476690885,0.371390676354));
#6962 = PCURVE('',#6551,#6963);
#6963 = DEFINITIONAL_REPRESENTATION('',(#6964),#6968);
#6964 = LINE('',#6965,#6966);
#6965 = CARTESIAN_POINT('',(6.28318530718,-0.));
#6966 = VECTOR('',#6967,1.);
#6967 = DIRECTION('',(0.,1.));
#6968 = ( GEOMETRIC_REPRESENTATION_CONTEXT(2) 
PARAMETRIC_REPRESENTATION_CONTEXT() REPRESENTATION_CONTEXT('2D SPACE',''
  ) );
#6969 = PCURVE('',#6551,#6970);
#6970 = DEFINITIONAL_REPRESENTATION('',(#6971),#6975);
#6971 = LINE('',#6972,#6973);
#6972 = CARTESIAN_POINT('',(0.,-0.));
#6973 = VECTOR('',#6974,1.);
#6974 = DIRECTION('',(0.,1.));
#6975 = ( GEOMETRIC_REPRESENTATION_CONTEXT(2) 
PARAMETRIC_REPRESENTATION_CONTEXT() REPRESENTATION_CONTEXT('2D SPACE',''
  ) );
#6976 = ORIENTED_EDGE('',*,*,#6534,.F.);
#6977 = ORIENTED_EDGE('',*,*,#6954,.F.);
#6978 = ORIENTED_EDGE('',*,*,#6979,.T.);
#6979 = EDGE_CURVE('',#6955,#6955,#6980,.T.);
#6980 = SURFACE_CURVE('',#6981,(#6986,#6993),.PCURVE_S1.);
#6981 = CIRCLE('',#6982,15.07);
#6982 = AXIS2_PLACEMENT_3D('',#6983,#6984,#6985);
#6983 = CARTESIAN_POINT('',(0.,-41.78145108983,16.712580435935));
#6984 = DIRECTION('',(0.,-0.928476690885,0.371390676354));
#6985 = DIRECTION('',(0.,-0.371390676354,-0.928476690885));
#6986 = PCURVE('',#6551,#6987);
#6987 = DEFINITIONAL_REPRESENTATION('',(#6988),#6992);
#6988 = LINE('',#6989,#6990);
#6989 = CARTESIAN_POINT('',(0.,0.));
#6990 = VECTOR('',#6991,1.);
#6991 = DIRECTION('',(1.,0.));
#6992 = ( GEOMETRIC_REPRESENTATION_CONTEXT(2) 
PARAMETRIC_REPRESENTATION_CONTEXT() REPRESENTATION_CONTEXT('2D SPACE',''
  ) );
#6993 = PCURVE('',#6994,#6999);
#6994 = PLANE('',#6995);
#6995 = AXIS2_PLACEMENT_3D('',#6996,#6997,#6998);
#6996 = CARTESIAN_POINT('',(0.,-41.78145108983,16.712580435935));
#6997 = DIRECTION('',(0.,-0.928476690885,0.371390676354));
#6998 = DIRECTION('',(0.,-0.371390676354,-0.928476690885));
#6999 = DEFINITIONAL_REPRESENTATION('',(#7000),#7004);
#7000 = CIRCLE('',#7001,15.07);
#7001 = AXIS2_PLACEMENT_2D('',#7002,#7003);
#7002 = CARTESIAN_POINT('',(0.,0.));
#7003 = DIRECTION('',(1.,0.));
#7004 = ( GEOMETRIC_REPRESENTATION_CONTEXT(2) 
PARAMETRIC_REPRESENTATION_CONTEXT() REPRESENTATION_CONTEXT('2D SPACE',''
  ) );
#7005 = FACE_BOUND('',#7006,.F.);
#7006 = EDGE_LOOP('',(#7007));
#7007 = ORIENTED_EDGE('',*,*,#6590,.F.);
#7008 = ADVANCED_FACE('',(#7009),#6814,.T.);
#7009 = FACE_BOUND('',#7010,.F.);
#7010 = EDGE_LOOP('',(#7011));
#7011 = ORIENTED_EDGE('',*,*,#6799,.F.);
#7012 = ADVANCED_FACE('',(#7013),#6849,.T.);
#7013 = FACE_BOUND('',#7014,.F.);
#7014 = EDGE_LOOP('',(#7015));
#7015 = ORIENTED_EDGE('',*,*,#6832,.F.);
#7016 = ADVANCED_FACE('',(#7017),#6936,.T.);
#7017 = FACE_BOUND('',#7018,.F.);
#7018 = EDGE_LOOP('',(#7019));
#7019 = ORIENTED_EDGE('',*,*,#6921,.F.);
#7020 = ADVANCED_FACE('',(#7021),#6994,.T.);
#7021 = FACE_BOUND('',#7022,.F.);
#7022 = EDGE_LOOP('',(#7023));
#7023 = ORIENTED_EDGE('',*,*,#6979,.F.);
#7024 = ( GEOMETRIC_REPRESENTATION_CONTEXT(3) 
GLOBAL_UNCERTAINTY_ASSIGNED_CONTEXT((#7028)) 
GLOBAL_UNIT_ASSIGNED_CONTEXT((#7025,#7026,#7027)) REPRESENTATION_CONTEXT
('Context #1','3D Context with UNIT and UNCERTAINTY') );
#7025 = ( LENGTH_UNIT() NAMED_UNIT(*) SI_UNIT(.MILLI.,.METRE.) );
#7026 = ( NAMED_UNIT(*) PLANE_ANGLE_UNIT() SI_UNIT($,.RADIAN.) );
#7027 = ( NAMED_UNIT(*) SI_UNIT($,.STERADIAN.) SOLID_ANGLE_UNIT() );
#7028 = UNCERTAINTY_MEASURE_WITH_UNIT(LENGTH_MEASURE(1.E-07),#7025,
  'distance_accuracy_value','confusion accuracy');
#7029 = CONTEXT_DEPENDENT_SHAPE_REPRESENTATION(#7030,#7032);
#7030 = ( REPRESENTATION_RELATIONSHIP('','',#2440,#10) 
REPRESENTATION_RELATIONSHIP_WITH_TRANSFORMATION(#7031) 
SHAPE_REPRESENTATION_RELATIONSHIP() );
#7031 = ITEM_DEFINED_TRANSFORMATION('','',#11,#19);
#7032 = PRODUCT_DEFINITION_SHAPE('Placement','Placement of an item',
  #7033);
#7033 = NEXT_ASSEMBLY_USAGE_OCCURRENCE('55','S eave x6','',#5,#2435,$);
#7034 = PRODUCT_RELATED_PRODUCT_CATEGORY('part',$,(#2437));
#7035 = SHAPE_DEFINITION_REPRESENTATION(#7036,#7042);
#7036 = PRODUCT_DEFINITION_SHAPE('','',#7037);
#7037 = PRODUCT_DEFINITION('design','',#7038,#7041);
#7038 = PRODUCT_DEFINITION_FORMATION('','',#7039);
#7039 = PRODUCT('S ridge-end x2','S ridge-end x2','',(#7040));
#7040 = PRODUCT_CONTEXT('',#2,'mechanical');
#7041 = PRODUCT_DEFINITION_CONTEXT('part definition',#2,'design');
#7042 = ADVANCED_BREP_SHAPE_REPRESENTATION('',(#11,#7043),#9963);
#7043 = MANIFOLD_SOLID_BREP('',#7044);
#7044 = CLOSED_SHELL('',(#7045,#7538,#7789,#8033,#8277,#9011,#9046,#9260
    ,#9295,#9503,#9538,#9746,#9750,#9777,#9835,#9893,#9951,#9955,#9959)
  );
#7045 = ADVANCED_FACE('',(#7046,#7224,#7331,#7445),#7061,.T.);
#7046 = FACE_BOUND('',#7047,.T.);
#7047 = EDGE_LOOP('',(#7048,#7118,#7142,#7143,#7199,#7223));
#7048 = ORIENTED_EDGE('',*,*,#7049,.F.);
#7049 = EDGE_CURVE('',#7050,#7052,#7054,.T.);
#7050 = VERTEX_POINT('',#7051);
#7051 = CARTESIAN_POINT('',(36.894377620446,-2.060392020053E-15,20.07));
#7052 = VERTEX_POINT('',#7053);
#7053 = CARTESIAN_POINT('',(36.894377620445,-9.036516291882E-15,-20.07)
  );
#7054 = SURFACE_CURVE('',#7055,(#7060,#7106),.PCURVE_S1.);
#7055 = CIRCLE('',#7056,20.07);
#7056 = AXIS2_PLACEMENT_3D('',#7057,#7058,#7059);
#7057 = CARTESIAN_POINT('',(36.894377620445,0.,0.));
#7058 = DIRECTION('',(1.,0.,0.));
#7059 = DIRECTION('',(-0.,0.,1.));
#7060 = PCURVE('',#7061,#7066);
#7061 = SPHERICAL_SURFACE('',#7062,42.);
#7062 = AXIS2_PLACEMENT_3D('',#7063,#7064,#7065);
#7063 = CARTESIAN_POINT('',(0.,0.,0.));
#7064 = DIRECTION('',(0.,0.,1.));
#7065 = DIRECTION('',(1.,0.,-0.));
#7066 = DEFINITIONAL_REPRESENTATION('',(#7067),#7105);
#7067 = B_SPLINE_CURVE_WITH_KNOTS('',8,(#7068,#7069,#7070,#7071,#7072,
    #7073,#7074,#7075,#7076,#7077,#7078,#7079,#7080,#7081,#7082,#7083,
    #7084,#7085,#7086,#7087,#7088,#7089,#7090,#7091,#7092,#7093,#7094,
    #7095,#7096,#7097,#7098,#7099,#7100,#7101,#7102,#7103,#7104),
  .UNSPECIFIED.,.F.,.F.,(9,7,7,7,7,9),(0.,0.392699081699,1.079922474671,
    2.110757564131,2.62617510886,3.14159265359),.UNSPECIFIED.);
#7068 = CARTESIAN_POINT('',(6.28318530718,0.498213693216));
#7069 = CARTESIAN_POINT('',(6.256482489982,0.498213693216));
#7070 = CARTESIAN_POINT('',(6.229779677817,0.496715667515));
#7071 = CARTESIAN_POINT('',(6.203232909754,0.493719624321));
#7072 = CARTESIAN_POINT('',(6.176998354173,0.489240074397));
#7073 = CARTESIAN_POINT('',(6.1512251211,0.483306139978));
#7074 = CARTESIAN_POINT('',(6.126048914803,0.475959996483));
#7075 = CARTESIAN_POINT('',(6.101587938636,0.467254413749));
#7076 = CARTESIAN_POINT('',(6.036562883751,0.439742725628));
#7077 = CARTESIAN_POINT('',(5.997680774151,0.418258128218));
#7078 = CARTESIAN_POINT('',(5.961833202679,0.393122036742));
#7079 = CARTESIAN_POINT('',(5.929388474531,0.364735672308));
#7080 = CARTESIAN_POINT('',(5.900528432697,0.333532826096));
#7081 = CARTESIAN_POINT('',(5.875321045464,0.299939685764));
#7082 = CARTESIAN_POINT('',(5.85377358397,0.264367458695));
#7083 = CARTESIAN_POINT('',(5.809006445548,0.171474292543));
#7084 = CARTESIAN_POINT('',(5.790337535324,0.112172026656));
#7085 = CARTESIAN_POINT('',(5.779795071444,5.06339281683E-02));
#7086 = CARTESIAN_POINT('',(5.77717964834,-1.189664037418E-02));
#7087 = CARTESIAN_POINT('',(5.782427521218,-7.426070005138E-02));
#7088 = CARTESIAN_POINT('',(5.795637870357,-0.135292200961));
#7089 = CARTESIAN_POINT('',(5.817026360226,-0.193724943147));
#7090 = CARTESIAN_POINT('',(5.861416289485,-0.27545014212));
#7091 = CARTESIAN_POINT('',(5.87826412611,-0.301704571793));
#7092 = CARTESIAN_POINT('',(5.897166635327,-0.326802898576));
#7093 = CARTESIAN_POINT('',(5.918115250346,-0.350571298663));
#7094 = CARTESIAN_POINT('',(5.941081351946,-0.372831328253));
#7095 = CARTESIAN_POINT('',(5.966002403398,-0.39340314316));
#7096 = CARTESIAN_POINT('',(5.99276877504,-0.412111848741));
#7097 = CARTESIAN_POINT('',(6.04966683816,-0.445482741411));
#7098 = CARTESIAN_POINT('',(6.079798542766,-0.460144924047));
#7099 = CARTESIAN_POINT('',(6.111450363449,-0.472623634756));
#7100 = CARTESIAN_POINT('',(6.144407013167,-0.482773312447));
#7101 = CARTESIAN_POINT('',(6.178395845538,-0.490471959766));
#7102 = CARTESIAN_POINT('',(6.21309041184,-0.495633110128));
#7103 = CARTESIAN_POINT('',(6.248137859608,-0.498213693216));
#7104 = CARTESIAN_POINT('',(6.28318530718,-0.498213693216));
#7105 = ( GEOMETRIC_REPRESENTATION_CONTEXT(2) 
PARAMETRIC_REPRESENTATION_CONTEXT() REPRESENTATION_CONTEXT('2D SPACE',''
  ) );
#7106 = PCURVE('',#7107,#7112);
#7107 = CYLINDRICAL_SURFACE('',#7108,20.07);
#7108 = AXIS2_PLACEMENT_3D('',#7109,#7110,#7111);
#7109 = CARTESIAN_POINT('',(0.,0.,0.));
#7110 = DIRECTION('',(1.,0.,0.));
#7111 = DIRECTION('',(-0.,0.,1.));
#7112 = DEFINITIONAL_REPRESENTATION('',(#7113),#7117);
#7113 = LINE('',#7114,#7115);
#7114 = CARTESIAN_POINT('',(0.,36.894377620445));
#7115 = VECTOR('',#7116,1.);
#7116 = DIRECTION('',(1.,0.));
#7117 = ( GEOMETRIC_REPRESENTATION_CONTEXT(2) 
PARAMETRIC_REPRESENTATION_CONTEXT() REPRESENTATION_CONTEXT('2D SPACE',''
  ) );
#7118 = ORIENTED_EDGE('',*,*,#7119,.T.);
#7119 = EDGE_CURVE('',#7050,#7120,#7122,.T.);
#7120 = VERTEX_POINT('',#7121);
#7121 = CARTESIAN_POINT('',(2.571758278209E-15,-6.29899108718E-31,42.));
#7122 = SEAM_CURVE('',#7123,(#7128,#7135),.PCURVE_S1.);
#7123 = CIRCLE('',#7124,42.);
#7124 = AXIS2_PLACEMENT_3D('',#7125,#7126,#7127);
#7125 = CARTESIAN_POINT('',(0.,0.,0.));
#7126 = DIRECTION('',(-2.449293598295E-16,-1.,0.));
#7127 = DIRECTION('',(1.,-2.449293598295E-16,0.));
#7128 = PCURVE('',#7061,#7129);
#7129 = DEFINITIONAL_REPRESENTATION('',(#7130),#7134);
#7130 = LINE('',#7131,#7132);
#7131 = CARTESIAN_POINT('',(0.,-6.28318530718));
#7132 = VECTOR('',#7133,1.);
#7133 = DIRECTION('',(0.,1.));
#7134 = ( GEOMETRIC_REPRESENTATION_CONTEXT(2) 
PARAMETRIC_REPRESENTATION_CONTEXT() REPRESENTATION_CONTEXT('2D SPACE',''
  ) );
#7135 = PCURVE('',#7061,#7136);
#7136 = DEFINITIONAL_REPRESENTATION('',(#7137),#7141);
#7137 = LINE('',#7138,#7139);
#7138 = CARTESIAN_POINT('',(6.28318530718,-6.28318530718));
#7139 = VECTOR('',#7140,1.);
#7140 = DIRECTION('',(0.,1.));
#7141 = ( GEOMETRIC_REPRESENTATION_CONTEXT(2) 
PARAMETRIC_REPRESENTATION_CONTEXT() REPRESENTATION_CONTEXT('2D SPACE',''
  ) );
#7142 = ORIENTED_EDGE('',*,*,#7119,.F.);
#7143 = ORIENTED_EDGE('',*,*,#7144,.F.);
#7144 = EDGE_CURVE('',#7052,#7050,#7145,.T.);
#7145 = SURFACE_CURVE('',#7146,(#7151,#7192),.PCURVE_S1.);
#7146 = CIRCLE('',#7147,20.07);
#7147 = AXIS2_PLACEMENT_3D('',#7148,#7149,#7150);
#7148 = CARTESIAN_POINT('',(36.894377620445,0.,0.));
#7149 = DIRECTION('',(1.,0.,0.));
#7150 = DIRECTION('',(-0.,0.,1.));
#7151 = PCURVE('',#7061,#7152);
#7152 = DEFINITIONAL_REPRESENTATION('',(#7153),#7191);
#7153 = B_SPLINE_CURVE_WITH_KNOTS('',8,(#7154,#7155,#7156,#7157,#7158,
    #7159,#7160,#7161,#7162,#7163,#7164,#7165,#7166,#7167,#7168,#7169,
    #7170,#7171,#7172,#7173,#7174,#7175,#7176,#7177,#7178,#7179,#7180,
    #7181,#7182,#7183,#7184,#7185,#7186,#7187,#7188,#7189,#7190),
  .UNSPECIFIED.,.F.,.F.,(9,7,7,7,7,9),(3.14159265359,3.534291735289,
    4.221515128261,5.25235021772,5.76776776245,6.28318530718),
  .UNSPECIFIED.);
#7154 = CARTESIAN_POINT('',(0.,-0.498213693216));
#7155 = CARTESIAN_POINT('',(2.670281719743E-02,-0.498213693216));
#7156 = CARTESIAN_POINT('',(5.340562936259E-02,-0.496715667515));
#7157 = CARTESIAN_POINT('',(7.995239742516E-02,-0.493719624321));
#7158 = CARTESIAN_POINT('',(0.106186953006,-0.489240074397));
#7159 = CARTESIAN_POINT('',(0.131960186079,-0.483306139978));
#7160 = CARTESIAN_POINT('',(0.157136392376,-0.475959996483));
#7161 = CARTESIAN_POINT('',(0.181597368544,-0.467254413749));
#7162 = CARTESIAN_POINT('',(0.246622423429,-0.439742725628));
#7163 = CARTESIAN_POINT('',(0.285504533028,-0.418258128218));
#7164 = CARTESIAN_POINT('',(0.321352104502,-0.393122036741));
#7165 = CARTESIAN_POINT('',(0.353796832647,-0.36473567231));
#7166 = CARTESIAN_POINT('',(0.382656874483,-0.333532826095));
#7167 = CARTESIAN_POINT('',(0.407864261715,-0.299939685765));
#7168 = CARTESIAN_POINT('',(0.429411723209,-0.264367458695));
#7169 = CARTESIAN_POINT('',(0.474178861631,-0.171474292543));
#7170 = CARTESIAN_POINT('',(0.492847771855,-0.112172026656));
#7171 = CARTESIAN_POINT('',(0.503390235737,-5.063392816835E-02));
#7172 = CARTESIAN_POINT('',(0.50600565884,1.189664037423E-02));
#7173 = CARTESIAN_POINT('',(0.500757785963,7.426070005133E-02));
#7174 = CARTESIAN_POINT('',(0.487547436822,0.135292200961));
#7175 = CARTESIAN_POINT('',(0.466158946954,0.193724943147));
#7176 = CARTESIAN_POINT('',(0.421769017694,0.27545014212));
#7177 = CARTESIAN_POINT('',(0.404921181069,0.301704571793));
#7178 = CARTESIAN_POINT('',(0.386018671853,0.326802898575));
#7179 = CARTESIAN_POINT('',(0.365070056834,0.350571298663));
#7180 = CARTESIAN_POINT('',(0.342103955234,0.372831328253));
#7181 = CARTESIAN_POINT('',(0.317182903781,0.39340314316));
#7182 = CARTESIAN_POINT('',(0.29041653214,0.412111848741));
#7183 = CARTESIAN_POINT('',(0.23351846902,0.445482741411));
#7184 = CARTESIAN_POINT('',(0.203386764414,0.460144924047));
#7185 = CARTESIAN_POINT('',(0.171734943731,0.472623634756));
#7186 = CARTESIAN_POINT('',(0.138778294013,0.482773312446));
#7187 = CARTESIAN_POINT('',(0.104789461642,0.490471959767));
#7188 = CARTESIAN_POINT('',(7.00948953391E-02,0.495633110128));
#7189 = CARTESIAN_POINT('',(3.504744757163E-02,0.498213693216));
#7190 = CARTESIAN_POINT('',(1.332379774054E-16,0.498213693216));
#7191 = ( GEOMETRIC_REPRESENTATION_CONTEXT(2) 
PARAMETRIC_REPRESENTATION_CONTEXT() REPRESENTATION_CONTEXT('2D SPACE',''
  ) );
#7192 = PCURVE('',#7107,#7193);
#7193 = DEFINITIONAL_REPRESENTATION('',(#7194),#7198);
#7194 = LINE('',#7195,#7196);
#7195 = CARTESIAN_POINT('',(0.,36.894377620445));
#7196 = VECTOR('',#7197,1.);
#7197 = DIRECTION('',(1.,0.));
#7198 = ( GEOMETRIC_REPRESENTATION_CONTEXT(2) 
PARAMETRIC_REPRESENTATION_CONTEXT() REPRESENTATION_CONTEXT('2D SPACE',''
  ) );
#7199 = ORIENTED_EDGE('',*,*,#7200,.F.);
#7200 = EDGE_CURVE('',#7201,#7052,#7203,.T.);
#7201 = VERTEX_POINT('',#7202);
#7202 = CARTESIAN_POINT('',(2.571758278209E-15,-6.29899108718E-31,-42.)
  );
#7203 = SEAM_CURVE('',#7204,(#7209,#7216),.PCURVE_S1.);
#7204 = CIRCLE('',#7205,42.);
#7205 = AXIS2_PLACEMENT_3D('',#7206,#7207,#7208);
#7206 = CARTESIAN_POINT('',(0.,0.,0.));
#7207 = DIRECTION('',(-2.449293598295E-16,-1.,0.));
#7208 = DIRECTION('',(1.,-2.449293598295E-16,0.));
#7209 = PCURVE('',#7061,#7210);
#7210 = DEFINITIONAL_REPRESENTATION('',(#7211),#7215);
#7211 = LINE('',#7212,#7213);
#7212 = CARTESIAN_POINT('',(6.28318530718,-6.28318530718));
#7213 = VECTOR('',#7214,1.);
#7214 = DIRECTION('',(0.,1.));
#7215 = ( GEOMETRIC_REPRESENTATION_CONTEXT(2) 
PARAMETRIC_REPRESENTATION_CONTEXT() REPRESENTATION_CONTEXT('2D SPACE',''
  ) );
#7216 = PCURVE('',#7061,#7217);
#7217 = DEFINITIONAL_REPRESENTATION('',(#7218),#7222);
#7218 = LINE('',#7219,#7220);
#7219 = CARTESIAN_POINT('',(0.,-6.28318530718));
#7220 = VECTOR('',#7221,1.);
#7221 = DIRECTION('',(0.,1.));
#7222 = ( GEOMETRIC_REPRESENTATION_CONTEXT(2) 
PARAMETRIC_REPRESENTATION_CONTEXT() REPRESENTATION_CONTEXT('2D SPACE',''
  ) );
#7223 = ORIENTED_EDGE('',*,*,#7200,.T.);
#7224 = FACE_BOUND('',#7225,.T.);
#7225 = EDGE_LOOP('',(#7226));
#7226 = ORIENTED_EDGE('',*,*,#7227,.F.);
#7227 = EDGE_CURVE('',#7228,#7228,#7230,.T.);
#7228 = VERTEX_POINT('',#7229);
#7229 = CARTESIAN_POINT('',(-4.915732251777E-15,41.709380519729,
    4.932299327946));
#7230 = SURFACE_CURVE('',#7231,(#7236,#7319),.PCURVE_S1.);
#7231 = CIRCLE('',#7232,20.07);
#7232 = AXIS2_PLACEMENT_3D('',#7233,#7234,#7235);
#7233 = CARTESIAN_POINT('',(0.,34.255569645302,-13.70222785812));
#7234 = DIRECTION('',(0.,0.928476690885,-0.371390676354));
#7235 = DIRECTION('',(0.,0.371390676354,0.928476690885));
#7236 = PCURVE('',#7061,#7237);
#7237 = DEFINITIONAL_REPRESENTATION('',(#7238),#7318);
#7238 = B_SPLINE_CURVE_WITH_KNOTS('',8,(#7239,#7240,#7241,#7242,#7243,
    #7244,#7245,#7246,#7247,#7248,#7249,#7250,#7251,#7252,#7253,#7254,
    #7255,#7256,#7257,#7258,#7259,#7260,#7261,#7262,#7263,#7264,#7265,
    #7266,#7267,#7268,#7269,#7270,#7271,#7272,#7273,#7274,#7275,#7276,
    #7277,#7278,#7279,#7280,#7281,#7282,#7283,#7284,#7285,#7286,#7287,
    #7288,#7289,#7290,#7291,#7292,#7293,#7294,#7295,#7296,#7297,#7298,
    #7299,#7300,#7301,#7302,#7303,#7304,#7305,#7306,#7307,#7308,#7309,
    #7310,#7311,#7312,#7313,#7314,#7315,#7316,#7317),.UNSPECIFIED.,.T.,
  .F.,(9,7,7,7,7,7,7,7,7,7,7,9),(0.,0.785398163397,1.47262155637,
    2.073942025221,2.600097435466,3.06048341943,3.463321155399,
    3.815804174372,4.432649457574,4.895283419975,5.589234363577,
    6.28318530718),.UNSPECIFIED.);
#7239 = CARTESIAN_POINT('',(1.570796326795,0.117707316104));
#7240 = CARTESIAN_POINT('',(1.52355593104,0.117707316104));
#7241 = CARTESIAN_POINT('',(1.476315540511,0.112786045322));
#7242 = CARTESIAN_POINT('',(1.429718252345,0.102943595617));
#7243 = CARTESIAN_POINT('',(1.384407319465,8.829679494482E-02));
#7244 = CARTESIAN_POINT('',(1.340967791554,6.908124501558E-02));
#7245 = CARTESIAN_POINT('',(1.299867521087,4.562041401793E-02));
#7246 = CARTESIAN_POINT('',(1.261475109945,1.828738111935E-02));
#7247 = CARTESIAN_POINT('',(1.195123652971,-3.946757645077E-02));
#7248 = CARTESIAN_POINT('',(1.166460311469,-6.907631358737E-02));
#7249 = CARTESIAN_POINT('',(1.140296842782,-0.101071855237));
#7250 = CARTESIAN_POINT('',(1.116790455693,-0.135167385267));
#7251 = CARTESIAN_POINT('',(1.096073046863,-0.171070494842));
#7252 = CARTESIAN_POINT('',(1.078273324791,-0.208487624361));
#7253 = CARTESIAN_POINT('',(1.063539054492,-0.24712196902));
#7254 = CARTESIAN_POINT('',(1.042004764521,-0.321266040934));
#7255 = CARTESIAN_POINT('',(1.034443192282,-0.35656268681));
#7256 = CARTESIAN_POINT('',(1.02949262736,-0.392349040015));
#7257 = CARTESIAN_POINT('',(1.027297496496,-0.428412215821));
#7258 = CARTESIAN_POINT('',(1.028032962049,-0.464528579323));
#7259 = CARTESIAN_POINT('',(1.031910758967,-0.500457609627));
#7260 = CARTESIAN_POINT('',(1.039185066067,-0.535932006413));
#7261 = CARTESIAN_POINT('',(1.05970659558,-0.601026616529));
#7262 = CARTESIAN_POINT('',(1.072093555204,-0.630824314686));
#7263 = CARTESIAN_POINT('',(1.087474173371,-0.659839504617));
#7264 = CARTESIAN_POINT('',(1.106044080955,-0.687848721235));
#7265 = CARTESIAN_POINT('',(1.127996627772,-0.714603759626));
#7266 = CARTESIAN_POINT('',(1.153503948284,-0.739828043372));
#7267 = CARTESIAN_POINT('',(1.18265157638,-0.763218837584));
#7268 = CARTESIAN_POINT('',(1.243994470278,-0.803063099058));
#7269 = CARTESIAN_POINT('',(1.275353335841,-0.820018251947));
#7270 = CARTESIAN_POINT('',(1.309396670455,-0.835128841746));
#7271 = CARTESIAN_POINT('',(1.345983797723,-0.848186655391));
#7272 = CARTESIAN_POINT('',(1.38485164015,-0.858991488711));
#7273 = CARTESIAN_POINT('',(1.425570499316,-0.86737037277));
#7274 = CARTESIAN_POINT('',(1.467577553802,-0.873204599809));
#7275 = CARTESIAN_POINT('',(1.547598231972,-0.879266226735));
#7276 = CARTESIAN_POINT('',(1.585454662334,-0.880103321403));
#7277 = CARTESIAN_POINT('',(1.623410606537,-0.878910810992));
#7278 = CARTESIAN_POINT('',(1.661019765221,-0.87568714128));
#7279 = CARTESIAN_POINT('',(1.69783961838,-0.870471999848));
#7280 = CARTESIAN_POINT('',(1.733487994929,-0.863343140457));
#7281 = CARTESIAN_POINT('',(1.767663229684,-0.854404229488));
#7282 = CARTESIAN_POINT('',(1.828562773454,-0.834474984263));
#7283 = CARTESIAN_POINT('',(1.855684471179,-0.823880750333));
#7284 = CARTESIAN_POINT('',(1.881359108241,-0.812072968721));
#7285 = CARTESIAN_POINT('',(1.905484492571,-0.799141641365));
#7286 = CARTESIAN_POINT('',(1.928004446051,-0.785180940202));
#7287 = CARTESIAN_POINT('',(1.948899805768,-0.770284972312));
#7288 = CARTESIAN_POINT('',(1.968177223265,-0.75454501334));
#7289 = CARTESIAN_POINT('',(2.016809790646,-0.709179470257));
#7290 = CARTESIAN_POINT('',(2.042879692468,-0.677993383033));
#7291 = CARTESIAN_POINT('',(2.064205390508,-0.644958433865));
#7292 = CARTESIAN_POINT('',(2.081092874701,-0.610505614035));
#7293 = CARTESIAN_POINT('',(2.093879958115,-0.575007599596));
#7294 = CARTESIAN_POINT('',(2.102876888297,-0.538792604824));
#7295 = CARTESIAN_POINT('',(2.108358593456,-0.502154214421));
#7296 = CARTESIAN_POINT('',(2.112211593172,-0.437766608418));
#7297 = CARTESIAN_POINT('',(2.112017869466,-0.410084995073));
#7298 = CARTESIAN_POINT('',(2.110078578853,-0.38242988842));
#7299 = CARTESIAN_POINT('',(2.106480488178,-0.354906828242));
#7300 = CARTESIAN_POINT('',(2.101298274593,-0.32761578299));
#7301 = CARTESIAN_POINT('',(2.094595940776,-0.300652973831));
#7302 = CARTESIAN_POINT('',(2.086429059549,-0.27411220212));
#7303 = CARTESIAN_POINT('',(2.062476030323,-0.209045897591));
#7304 = CARTESIAN_POINT('',(2.044921939818,-0.171163167232));
#7305 = CARTESIAN_POINT('',(2.024354623288,-0.134748718653));
#7306 = CARTESIAN_POINT('',(2.000915167852,-0.100105491304));
#7307 = CARTESIAN_POINT('',(1.974735476594,-6.753451844404E-02));
#7308 = CARTESIAN_POINT('',(1.945962692318,-3.733435380718E-02));
#7309 = CARTESIAN_POINT('',(1.91478181527,-9.793479665737E-03));
#7310 = CARTESIAN_POINT('',(1.848076306452,3.944221007799E-02));
#7311 = CARTESIAN_POINT('',(1.812551658418,6.113702061413E-02));
#7312 = CARTESIAN_POINT('',(1.775091188735,7.964496797234E-02));
#7313 = CARTESIAN_POINT('',(1.73598181523,9.47268707535E-02));
#7314 = CARTESIAN_POINT('',(1.695572688772,0.106181422639));
#7315 = CARTESIAN_POINT('',(1.654276321088,0.113865340957));
#7316 = CARTESIAN_POINT('',(1.612536324083,0.117707316104));
#7317 = CARTESIAN_POINT('',(1.570796326795,0.117707316104));
#7318 = ( GEOMETRIC_REPRESENTATION_CONTEXT(2) 
PARAMETRIC_REPRESENTATION_CONTEXT() REPRESENTATION_CONTEXT('2D SPACE',''
  ) );
#7319 = PCURVE('',#7320,#7325);
#7320 = CYLINDRICAL_SURFACE('',#7321,20.07);
#7321 = AXIS2_PLACEMENT_3D('',#7322,#7323,#7324);
#7322 = CARTESIAN_POINT('',(0.,0.,0.));
#7323 = DIRECTION('',(0.,0.928476690885,-0.371390676354));
#7324 = DIRECTION('',(0.,0.371390676354,0.928476690885));
#7325 = DEFINITIONAL_REPRESENTATION('',(#7326),#7330);
#7326 = LINE('',#7327,#7328);
#7327 = CARTESIAN_POINT('',(0.,36.894377620445));
#7328 = VECTOR('',#7329,1.);
#7329 = DIRECTION('',(1.,0.));
#7330 = ( GEOMETRIC_REPRESENTATION_CONTEXT(2) 
PARAMETRIC_REPRESENTATION_CONTEXT() REPRESENTATION_CONTEXT('2D SPACE',''
  ) );
#7331 = FACE_BOUND('',#7332,.T.);
#7332 = EDGE_LOOP('',(#7333));
#7333 = ORIENTED_EDGE('',*,*,#7334,.F.);
#7334 = EDGE_CURVE('',#7335,#7335,#7337,.T.);
#7335 = VERTEX_POINT('',#7336);
#7336 = CARTESIAN_POINT('',(-4.915732251777E-15,-26.80175877087,
    -32.33675504418));
#7337 = SURFACE_CURVE('',#7338,(#7343,#7433),.PCURVE_S1.);
#7338 = CIRCLE('',#7339,20.07);
#7339 = AXIS2_PLACEMENT_3D('',#7340,#7341,#7342);
#7340 = CARTESIAN_POINT('',(0.,-34.2555696453,-13.70222785812));
#7341 = DIRECTION('',(0.,-0.928476690885,-0.371390676354));
#7342 = DIRECTION('',(0.,0.371390676354,-0.928476690885));
#7343 = PCURVE('',#7061,#7344);
#7344 = DEFINITIONAL_REPRESENTATION('',(#7345),#7432);
#7345 = B_SPLINE_CURVE_WITH_KNOTS('',8,(#7346,#7347,#7348,#7349,#7350,
    #7351,#7352,#7353,#7354,#7355,#7356,#7357,#7358,#7359,#7360,#7361,
    #7362,#7363,#7364,#7365,#7366,#7367,#7368,#7369,#7370,#7371,#7372,
    #7373,#7374,#7375,#7376,#7377,#7378,#7379,#7380,#7381,#7382,#7383,
    #7384,#7385,#7386,#7387,#7388,#7389,#7390,#7391,#7392,#7393,#7394,
    #7395,#7396,#7397,#7398,#7399,#7400,#7401,#7402,#7403,#7404,#7405,
    #7406,#7407,#7408,#7409,#7410,#7411,#7412,#7413,#7414,#7415,#7416,
    #7417,#7418,#7419,#7420,#7421,#7422,#7423,#7424,#7425,#7426,#7427,
    #7428,#7429,#7430,#7431),.UNSPECIFIED.,.T.,.F.,(9,7,7,7,7,7,7,7,7,7,
    7,7,9),(0.,0.392699081699,0.760854470791,1.45114582534,2.05515076057
    ,2.583655078896,3.046096357431,3.855368594868,4.462322772946,
    4.917538406505,5.600361856842,5.941773582011,6.28318530718),
  .UNSPECIFIED.);
#7346 = CARTESIAN_POINT('',(4.712388980385,-0.878720070329));
#7347 = CARTESIAN_POINT('',(4.749147158444,-0.878720070329));
#7348 = CARTESIAN_POINT('',(4.785905335961,-0.8768054297));
#7349 = CARTESIAN_POINT('',(4.822264579083,-0.872976166122));
#7350 = CARTESIAN_POINT('',(4.857825964005,-0.867266813687));
#7351 = CARTESIAN_POINT('',(4.892227475189,-0.85974680815));
#7352 = CARTESIAN_POINT('',(4.925182138198,-0.850512852028));
#7353 = CARTESIAN_POINT('',(4.956479299252,-0.839677953986));
#7354 = CARTESIAN_POINT('',(5.01363071873,-0.815819189193));
#7355 = CARTESIAN_POINT('',(5.039702916501,-0.802974458472));
#7356 = CARTESIAN_POINT('',(5.064076150598,-0.788929751158));
#7357 = CARTESIAN_POINT('',(5.086686359787,-0.773791954217));
#7358 = CARTESIAN_POINT('',(5.10751540802,-0.757668537793));
#7359 = CARTESIAN_POINT('',(5.126578296694,-0.740663719264));
#7360 = CARTESIAN_POINT('',(5.143910456075,-0.722876504047));
#7361 = CARTESIAN_POINT('',(5.188904966116,-0.669757137333));
#7362 = CARTESIAN_POINT('',(5.212336272924,-0.632691486223));
#7363 = CARTESIAN_POINT('',(5.230175652729,-0.59381829367));
#7364 = CARTESIAN_POINT('',(5.242906501389,-0.553681085548));
#7365 = CARTESIAN_POINT('',(5.250978807868,-0.51273826436));
#7366 = CARTESIAN_POINT('',(5.254775762884,-0.471394003853));
#7367 = CARTESIAN_POINT('',(5.254614715641,-0.430012970203));
#7368 = CARTESIAN_POINT('',(5.247380600809,-0.352992209972));
#7369 = CARTESIAN_POINT('',(5.241174055569,-0.317281392747));
#7370 = CARTESIAN_POINT('',(5.232311751705,-0.282030548765));
#7371 = CARTESIAN_POINT('',(5.220935517599,-0.247452809187));
#7372 = CARTESIAN_POINT('',(5.207160400771,-0.213753522061));
#7373 = CARTESIAN_POINT('',(5.191084371205,-0.181134711185));
#7374 = CARTESIAN_POINT('',(5.172799518058,-0.149796809513));
#7375 = CARTESIAN_POINT('',(5.134555647194,-9.381029962795E-02));
#7376 = CARTESIAN_POINT('',(5.11509160526,-6.881518236323E-02));
#7377 = CARTESIAN_POINT('',(5.094075612092,-4.508431984196E-02));
#7378 = CARTESIAN_POINT('',(5.071575554643,-2.274828728848E-02));
#7379 = CARTESIAN_POINT('',(5.04766771552,-1.935346681223E-03));
#7380 = CARTESIAN_POINT('',(5.022442492139,1.723080101614E-02));
#7381 = CARTESIAN_POINT('',(4.996008575079,3.463448422182E-02));
#7382 = CARTESIAN_POINT('',(4.944418344298,6.376784556707E-02));
#7383 = CARTESIAN_POINT('',(4.919515367318,7.593482405695E-02));
#7384 = CARTESIAN_POINT('',(4.893870446491,8.660399511064E-02));
#7385 = CARTESIAN_POINT('',(4.867580448701,9.571306781232E-02));
#7386 = CARTESIAN_POINT('',(4.840753844509,0.103209191146));
#7387 = CARTESIAN_POINT('',(4.813509458965,0.10905097459));
#7388 = CARTESIAN_POINT('',(4.785973644339,0.113210015798));
#7389 = CARTESIAN_POINT('',(4.709804778048,0.119980294573));
#7390 = CARTESIAN_POINT('',(4.660837729422,0.119091157299));
#7391 = CARTESIAN_POINT('',(4.612069068151,0.112927178695));
#7392 = CARTESIAN_POINT('',(4.56422402124,0.101539985851));
#7393 = CARTESIAN_POINT('',(4.517996721437,8.512338214854E-02));
#7394 = CARTESIAN_POINT('',(4.473959780148,6.398872518292E-02));
#7395 = CARTESIAN_POINT('',(4.432567693607,3.851683841234E-02));
#7396 = CARTESIAN_POINT('',(4.365395412789,-1.290734000376E-02));
#7397 = CARTESIAN_POINT('',(4.338299245747,-3.714754192636E-02));
#7398 = CARTESIAN_POINT('',(4.31304826002,-6.34102650006E-02));
#7399 = CARTESIAN_POINT('',(4.289766658736,-9.150324842758E-02));
#7400 = CARTESIAN_POINT('',(4.268556765501,-0.121227891249));
#7401 = CARTESIAN_POINT('',(4.249510294572,-0.15238331229));
#7402 = CARTESIAN_POINT('',(4.232720628277,-0.184767253934));
#7403 = CARTESIAN_POINT('',(4.207472250894,-0.243228686965));
#7404 = CARTESIAN_POINT('',(4.197980146113,-0.268858797052));
#7405 = CARTESIAN_POINT('',(4.189861134477,-0.294977242474));
#7406 = CARTESIAN_POINT('',(4.183163323172,-0.321496019708));
#7407 = CARTESIAN_POINT('',(4.177941257886,-0.348325460629));
#7408 = CARTESIAN_POINT('',(4.174258182494,-0.375373227928));
#7409 = CARTESIAN_POINT('',(4.172187762362,-0.402542841887));
#7410 = CARTESIAN_POINT('',(4.17125653463,-0.470515083511));
#7411 = CARTESIAN_POINT('',(4.174518136961,-0.51134182401));
#7412 = CARTESIAN_POINT('',(4.181887318788,-0.551865767976));
#7413 = CARTESIAN_POINT('',(4.193710289903,-0.59171034848));
#7414 = CARTESIAN_POINT('',(4.210392033207,-0.630452851327));
#7415 = CARTESIAN_POINT('',(4.232394344362,-0.667609377466));
#7416 = CARTESIAN_POINT('',(4.26016241875,-0.702606123762));
#7417 = CARTESIAN_POINT('',(4.310759093176,-0.750914190417));
#7418 = CARTESIAN_POINT('',(4.3291154172,-0.766319040754));
#7419 = CARTESIAN_POINT('',(4.34898728055,-0.780947093726));
#7420 = CARTESIAN_POINT('',(4.370383934635,-0.794715849122));
#7421 = CARTESIAN_POINT('',(4.393292908162,-0.807540123777));
#7422 = CARTESIAN_POINT('',(4.417670640365,-0.81933423576));
#7423 = CARTESIAN_POINT('',(4.443434535358,-0.830015416971));
#7424 = CARTESIAN_POINT('',(4.497487514253,-0.849001296699));
#7425 = CARTESIAN_POINT('',(4.525776630057,-0.857305991298));
#7426 = CARTESIAN_POINT('',(4.555204676121,-0.864347118364));
#7427 = CARTESIAN_POINT('',(4.585607811511,-0.870056716365));
#7428 = CARTESIAN_POINT('',(4.616778602733,-0.874378526795));
#7429 = CARTESIAN_POINT('',(4.648474045774,-0.877272883431));
#7430 = CARTESIAN_POINT('',(4.680431500548,-0.878720070329));
#7431 = CARTESIAN_POINT('',(4.712388980385,-0.878720070329));
#7432 = ( GEOMETRIC_REPRESENTATION_CONTEXT(2) 
PARAMETRIC_REPRESENTATION_CONTEXT() REPRESENTATION_CONTEXT('2D SPACE',''
  ) );
#7433 = PCURVE('',#7434,#7439);
#7434 = CYLINDRICAL_SURFACE('',#7435,20.07);
#7435 = AXIS2_PLACEMENT_3D('',#7436,#7437,#7438);
#7436 = CARTESIAN_POINT('',(0.,0.,0.));
#7437 = DIRECTION('',(0.,-0.928476690885,-0.371390676354));
#7438 = DIRECTION('',(0.,0.371390676354,-0.928476690885));
#7439 = DEFINITIONAL_REPRESENTATION('',(#7440),#7444);
#7440 = LINE('',#7441,#7442);
#7441 = CARTESIAN_POINT('',(0.,36.894377620445));
#7442 = VECTOR('',#7443,1.);
#7443 = DIRECTION('',(1.,0.));
#7444 = ( GEOMETRIC_REPRESENTATION_CONTEXT(2) 
PARAMETRIC_REPRESENTATION_CONTEXT() REPRESENTATION_CONTEXT('2D SPACE',''
  ) );
#7445 = FACE_BOUND('',#7446,.T.);
#7446 = EDGE_LOOP('',(#7447));
#7447 = ORIENTED_EDGE('',*,*,#7448,.F.);
#7448 = EDGE_CURVE('',#7449,#7449,#7451,.T.);
#7449 = VERTEX_POINT('',#7450);
#7450 = CARTESIAN_POINT('',(-41.43269945463,2.204364238465E-15,
    6.87978312901));
#7451 = SURFACE_CURVE('',#7452,(#7457,#7526),.PCURVE_S1.);
#7452 = CIRCLE('',#7453,9.);
#7453 = AXIS2_PLACEMENT_3D('',#7454,#7455,#7456);
#7454 = CARTESIAN_POINT('',(-38.09018336744,0.,15.236073346978));
#7455 = DIRECTION('',(-0.928476690885,0.,0.371390676354));
#7456 = DIRECTION('',(-0.371390676354,0.,-0.928476690885));
#7457 = PCURVE('',#7061,#7458);
#7458 = DEFINITIONAL_REPRESENTATION('',(#7459),#7525);
#7459 = B_SPLINE_CURVE_WITH_KNOTS('',8,(#7460,#7461,#7462,#7463,#7464,
    #7465,#7466,#7467,#7468,#7469,#7470,#7471,#7472,#7473,#7474,#7475,
    #7476,#7477,#7478,#7479,#7480,#7481,#7482,#7483,#7484,#7485,#7486,
    #7487,#7488,#7489,#7490,#7491,#7492,#7493,#7494,#7495,#7496,#7497,
    #7498,#7499,#7500,#7501,#7502,#7503,#7504,#7505,#7506,#7507,#7508,
    #7509,#7510,#7511,#7512,#7513,#7514,#7515,#7516,#7517,#7518,#7519,
    #7520,#7521,#7522,#7523,#7524),.UNSPECIFIED.,.T.,.F.,(9,7,7,7,7,7,7,
    7,7,9),(0.,0.785398163397,1.47262155637,2.073942025221,
    2.600097435466,3.06048341943,3.866158891368,4.470415495321,
    5.37680040125,6.28318530718),.UNSPECIFIED.);
#7460 = CARTESIAN_POINT('',(3.14159265359,0.164545878427));
#7461 = CARTESIAN_POINT('',(3.162918151215,0.164545878427));
#7462 = CARTESIAN_POINT('',(3.184243640239,0.166767461118));
#7463 = CARTESIAN_POINT('',(3.205302217668,0.171210609471));
#7464 = CARTESIAN_POINT('',(3.225826759915,0.177834288528));
#7465 = CARTESIAN_POINT('',(3.2455578332,0.186556208697));
#7466 = CARTESIAN_POINT('',(3.264250174913,0.197255981723));
#7467 = CARTESIAN_POINT('',(3.281676644162,0.209779874529));
#7468 = CARTESIAN_POINT('',(3.311586448414,0.236340171233));
#7469 = CARTESIAN_POINT('',(3.324415392849,0.249991822331));
#7470 = CARTESIAN_POINT('',(3.33597560737,0.264778051695));
#7471 = CARTESIAN_POINT('',(3.346138256234,0.280559647694));
#7472 = CARTESIAN_POINT('',(3.354786061529,0.297182910512));
#7473 = CARTESIAN_POINT('',(3.361812889727,0.314481630204));
#7474 = CARTESIAN_POINT('',(3.367124120633,0.332278761564));
#7475 = CARTESIAN_POINT('',(3.37371568657,0.366233528002));
#7476 = CARTESIAN_POINT('',(3.375416891216,0.382318035987));
#7477 = CARTESIAN_POINT('',(3.375689573672,0.398516603636));
#7478 = CARTESIAN_POINT('',(3.374488540977,0.414699119762));
#7479 = CARTESIAN_POINT('',(3.371778591109,0.430730752429));
#7480 = CARTESIAN_POINT('',(3.367537380334,0.446473104325));
#7481 = CARTESIAN_POINT('',(3.361759636712,0.461786023752));
#7482 = CARTESIAN_POINT('',(3.348077917466,0.489431112735));
#7483 = CARTESIAN_POINT('',(3.340529990217,0.501896623953));
#7484 = CARTESIAN_POINT('',(3.331830521406,0.513833231203));
#7485 = CARTESIAN_POINT('',(3.322004264103,0.525148121491));
#7486 = CARTESIAN_POINT('',(3.311091658192,0.535750416346));
#7487 = CARTESIAN_POINT('',(3.299151670043,0.545553276699));
#7488 = CARTESIAN_POINT('',(3.28626348008,0.554476467208));
#7489 = CARTESIAN_POINT('',(3.260504849053,0.569425169486));
#7490 = CARTESIAN_POINT('',(3.247833574754,0.5756734571));
#7491 = CARTESIAN_POINT('',(3.234577644017,0.581146522638));
#7492 = CARTESIAN_POINT('',(3.220814355662,0.585802270485));
#7493 = CARTESIAN_POINT('',(3.206631804584,0.589605546241));
#7494 = CARTESIAN_POINT('',(3.192127185812,0.592529368275));
#7495 = CARTESIAN_POINT('',(3.177403981976,0.594555802637));
#7496 = CARTESIAN_POINT('',(3.136605125541,0.597637669045));
#7497 = CARTESIAN_POINT('',(3.110296969515,0.596824949353));
#7498 = CARTESIAN_POINT('',(3.084211164403,0.593193334355));
#7499 = CARTESIAN_POINT('',(3.058938823378,0.586786289815));
#7500 = CARTESIAN_POINT('',(3.035038042266,0.577742384418));
#7501 = CARTESIAN_POINT('',(3.0129596001,0.566280119299));
#7502 = CARTESIAN_POINT('',(2.99304025982,0.552669173619));
#7503 = CARTESIAN_POINT('',(2.962366853031,0.525617237339));
#7504 = CARTESIAN_POINT('',(2.950566422594,0.512984440513));
#7505 = CARTESIAN_POINT('',(2.940209469002,0.499439636587));
#7506 = CARTESIAN_POINT('',(2.931361104327,0.485119920933));
#7507 = CARTESIAN_POINT('',(2.924056303368,0.470167262185));
#7508 = CARTESIAN_POINT('',(2.918305654634,0.454724774541));
#7509 = CARTESIAN_POINT('',(2.914101310477,0.43893420206));
#7510 = CARTESIAN_POINT('',(2.907399276084,0.398934785095));
#7511 = CARTESIAN_POINT('',(2.906805993433,0.374464425856));
#7512 = CARTESIAN_POINT('',(2.909564036799,0.349992191419));
#7513 = CARTESIAN_POINT('',(2.915521385357,0.325971777134));
#7514 = CARTESIAN_POINT('',(2.924482438825,0.302830848941));
#7515 = CARTESIAN_POINT('',(2.936217693833,0.280965672214));
#7516 = CARTESIAN_POINT('',(2.950462983897,0.260735957693));
#7517 = CARTESIAN_POINT('',(2.983377015457,0.224173286165));
#7518 = CARTESIAN_POINT('',(3.002045796351,0.207840349072));
#7519 = CARTESIAN_POINT('',(3.022627893949,0.193768844916));
#7520 = CARTESIAN_POINT('',(3.044791704004,0.182225513366));
#7521 = CARTESIAN_POINT('',(3.068171103154,0.173422092476));
#7522 = CARTESIAN_POINT('',(3.092371509629,0.167504628597));
#7523 = CARTESIAN_POINT('',(3.116982067444,0.164545878427));
#7524 = CARTESIAN_POINT('',(3.14159265359,0.164545878427));
#7525 = ( GEOMETRIC_REPRESENTATION_CONTEXT(2) 
PARAMETRIC_REPRESENTATION_CONTEXT() REPRESENTATION_CONTEXT('2D SPACE',''
  ) );
#7526 = PCURVE('',#7527,#7532);
#7527 = CYLINDRICAL_SURFACE('',#7528,9.);
#7528 = AXIS2_PLACEMENT_3D('',#7529,#7530,#7531);
#7529 = CARTESIAN_POINT('',(0.,0.,0.));
#7530 = DIRECTION('',(-0.928476690885,0.,0.371390676354));
#7531 = DIRECTION('',(-0.371390676354,0.,-0.928476690885));
#7532 = DEFINITIONAL_REPRESENTATION('',(#7533),#7537);
#7533 = LINE('',#7534,#7535);
#7534 = CARTESIAN_POINT('',(0.,41.024382993532));
#7535 = VECTOR('',#7536,1.);
#7536 = DIRECTION('',(1.,0.));
#7537 = ( GEOMETRIC_REPRESENTATION_CONTEXT(2) 
PARAMETRIC_REPRESENTATION_CONTEXT() REPRESENTATION_CONTEXT('2D SPACE',''
  ) );
#7538 = ADVANCED_FACE('',(#7539,#7594),#7107,.T.);
#7539 = FACE_BOUND('',#7540,.T.);
#7540 = EDGE_LOOP('',(#7541,#7542,#7565,#7592,#7593));
#7541 = ORIENTED_EDGE('',*,*,#7144,.T.);
#7542 = ORIENTED_EDGE('',*,*,#7543,.T.);
#7543 = EDGE_CURVE('',#7050,#7544,#7546,.T.);
#7544 = VERTEX_POINT('',#7545);
#7545 = CARTESIAN_POINT('',(110.,4.915732251777E-15,20.07));
#7546 = SEAM_CURVE('',#7547,(#7551,#7558),.PCURVE_S1.);
#7547 = LINE('',#7548,#7549);
#7548 = CARTESIAN_POINT('',(0.,4.915732251777E-15,20.07));
#7549 = VECTOR('',#7550,1.);
#7550 = DIRECTION('',(1.,0.,0.));
#7551 = PCURVE('',#7107,#7552);
#7552 = DEFINITIONAL_REPRESENTATION('',(#7553),#7557);
#7553 = LINE('',#7554,#7555);
#7554 = CARTESIAN_POINT('',(0.,-0.));
#7555 = VECTOR('',#7556,1.);
#7556 = DIRECTION('',(0.,1.));
#7557 = ( GEOMETRIC_REPRESENTATION_CONTEXT(2) 
PARAMETRIC_REPRESENTATION_CONTEXT() REPRESENTATION_CONTEXT('2D SPACE',''
  ) );
#7558 = PCURVE('',#7107,#7559);
#7559 = DEFINITIONAL_REPRESENTATION('',(#7560),#7564);
#7560 = LINE('',#7561,#7562);
#7561 = CARTESIAN_POINT('',(6.28318530718,-0.));
#7562 = VECTOR('',#7563,1.);
#7563 = DIRECTION('',(0.,1.));
#7564 = ( GEOMETRIC_REPRESENTATION_CONTEXT(2) 
PARAMETRIC_REPRESENTATION_CONTEXT() REPRESENTATION_CONTEXT('2D SPACE',''
  ) );
#7565 = ORIENTED_EDGE('',*,*,#7566,.F.);
#7566 = EDGE_CURVE('',#7544,#7544,#7567,.T.);
#7567 = SURFACE_CURVE('',#7568,(#7573,#7580),.PCURVE_S1.);
#7568 = CIRCLE('',#7569,20.07);
#7569 = AXIS2_PLACEMENT_3D('',#7570,#7571,#7572);
#7570 = CARTESIAN_POINT('',(110.,0.,0.));
#7571 = DIRECTION('',(1.,0.,0.));
#7572 = DIRECTION('',(-0.,0.,1.));
#7573 = PCURVE('',#7107,#7574);
#7574 = DEFINITIONAL_REPRESENTATION('',(#7575),#7579);
#7575 = LINE('',#7576,#7577);
#7576 = CARTESIAN_POINT('',(0.,110.));
#7577 = VECTOR('',#7578,1.);
#7578 = DIRECTION('',(1.,0.));
#7579 = ( GEOMETRIC_REPRESENTATION_CONTEXT(2) 
PARAMETRIC_REPRESENTATION_CONTEXT() REPRESENTATION_CONTEXT('2D SPACE',''
  ) );
#7580 = PCURVE('',#7581,#7586);
#7581 = PLANE('',#7582);
#7582 = AXIS2_PLACEMENT_3D('',#7583,#7584,#7585);
#7583 = CARTESIAN_POINT('',(110.,0.,0.));
#7584 = DIRECTION('',(1.,0.,0.));
#7585 = DIRECTION('',(-0.,0.,1.));
#7586 = DEFINITIONAL_REPRESENTATION('',(#7587),#7591);
#7587 = CIRCLE('',#7588,20.07);
#7588 = AXIS2_PLACEMENT_2D('',#7589,#7590);
#7589 = CARTESIAN_POINT('',(0.,0.));
#7590 = DIRECTION('',(1.,0.));
#7591 = ( GEOMETRIC_REPRESENTATION_CONTEXT(2) 
PARAMETRIC_REPRESENTATION_CONTEXT() REPRESENTATION_CONTEXT('2D SPACE',''
  ) );
#7592 = ORIENTED_EDGE('',*,*,#7543,.F.);
#7593 = ORIENTED_EDGE('',*,*,#7049,.T.);
#7594 = FACE_BOUND('',#7595,.T.);
#7595 = EDGE_LOOP('',(#7596));
#7596 = ORIENTED_EDGE('',*,*,#7597,.F.);
#7597 = EDGE_CURVE('',#7598,#7598,#7600,.T.);
#7598 = VERTEX_POINT('',#7599);
#7599 = CARTESIAN_POINT('',(70.,-19.84451813473,-3.));
#7600 = SURFACE_CURVE('',#7601,(#7660,#7722),.PCURVE_S1.);
#7601 = B_SPLINE_CURVE_WITH_KNOTS('',8,(#7602,#7603,#7604,#7605,#7606,
    #7607,#7608,#7609,#7610,#7611,#7612,#7613,#7614,#7615,#7616,#7617,
    #7618,#7619,#7620,#7621,#7622,#7623,#7624,#7625,#7626,#7627,#7628,
    #7629,#7630,#7631,#7632,#7633,#7634,#7635,#7636,#7637,#7638,#7639,
    #7640,#7641,#7642,#7643,#7644,#7645,#7646,#7647,#7648,#7649,#7650,
    #7651,#7652,#7653,#7654,#7655,#7656,#7657,#7658,#7659),
  .UNSPECIFIED.,.T.,.F.,(9,7,7,7,7,7,7,7,9),(0.,0.106484038841,
    0.210259826392,0.310219027303,0.430876213322,0.556105082682,
    0.670647551853,0.814353129108,1.),.UNSPECIFIED.);
#7602 = CARTESIAN_POINT('',(70.,-19.84451813473,-3.));
#7603 = CARTESIAN_POINT('',(70.235628009692,-19.84451813473,-3.));
#7604 = CARTESIAN_POINT('',(70.47124942919,-19.84771541795,
    -2.978849223475));
#7605 = CARTESIAN_POINT('',(70.704643018903,-19.8541104572,
    -2.936550221986));
#7606 = CARTESIAN_POINT('',(70.93360602295,-19.86353005452,
    -2.873385427043));
#7607 = CARTESIAN_POINT('',(71.155980823867,-19.87563303812,
    -2.789907189617));
#7608 = CARTESIAN_POINT('',(71.369685850835,-19.88993303518,
    -2.686931249269));
#7609 = CARTESIAN_POINT('',(71.572750741429,-19.90583832029,
    -2.565533632899));
#7610 = CARTESIAN_POINT('',(71.949113038481,-19.93915008687,
    -2.292090418153));
#7611 = CARTESIAN_POINT('',(72.128543858794,-19.95699531113,
    -2.136901547785));
#7612 = CARTESIAN_POINT('',(72.298844533551,-19.97575609445,
    -1.960957351768));
#7613 = CARTESIAN_POINT('',(72.456979737513,-19.99476808868,
    -1.764053455608));
#7614 = CARTESIAN_POINT('',(72.599671134344,-20.01319969842,
    -1.546333200424));
#7615 = CARTESIAN_POINT('',(72.723366192684,-20.03007598499,
    -1.308343180892));
#7616 = CARTESIAN_POINT('',(72.824176824133,-20.0443401182,
    -1.051138518247));
#7617 = CARTESIAN_POINT('',(72.968671304946,-20.06521837192,
    -0.51187777444));
#7618 = CARTESIAN_POINT('',(73.013497415652,-20.07197517529,
    -0.234153563927));
#7619 = CARTESIAN_POINT('',(73.028431245213,-20.07433501232,
    5.085072248091E-02));
#7620 = CARTESIAN_POINT('',(73.011866452949,-20.0717963794,
    0.336626204847));
#7621 = CARTESIAN_POINT('',(72.964341372136,-20.06450953163,
    0.616515468377));
#7622 = CARTESIAN_POINT('',(72.888503518802,-20.05325453656,
    0.884198851308));
#7623 = CARTESIAN_POINT('',(72.789104738936,-20.03923076419,
    1.134141532165));
#7624 = CARTESIAN_POINT('',(72.532897308829,-20.00502897812,
    1.636976926082));
#7625 = CARTESIAN_POINT('',(72.366348295101,-19.98389629214,
    1.883913242456));
#7626 = CARTESIAN_POINT('',(72.179446583789,-19.96187954666,
    2.102642019106));
#7627 = CARTESIAN_POINT('',(71.976947483358,-19.94026956545,
    2.293732575347));
#7628 = CARTESIAN_POINT('',(71.762603995116,-19.92004055729,
    2.458101325734));
#7629 = CARTESIAN_POINT('',(71.539384230221,-19.90188877831,
    2.596772698064));
#7630 = CARTESIAN_POINT('',(71.309618384499,-19.88630594639,
    2.710719583481));
#7631 = CARTESIAN_POINT('',(70.8317035909,-19.86045217394,2.894173884555
    ));
#7632 = CARTESIAN_POINT('',(70.58292950621,-19.85039110431,
    2.961932873038));
#7633 = CARTESIAN_POINT('',(70.330766182371,-19.84381530894,
    3.004811493477));
#7634 = CARTESIAN_POINT('',(70.076843071795,-19.84093516936,
    3.023308611509));
#7635 = CARTESIAN_POINT('',(69.822605698267,-19.84183024106,
    3.017631634773));
#7636 = CARTESIAN_POINT('',(69.569470444037,-19.84646468476,
    2.987694361394));
#7637 = CARTESIAN_POINT('',(69.318976556893,-19.85467942801,
    2.933108742453));
#7638 = CARTESIAN_POINT('',(68.847916226419,-19.87666137805,
    2.780051962968));
#7639 = CARTESIAN_POINT('',(68.626650548183,-19.88989341914,
    2.685733226116));
#7640 = CARTESIAN_POINT('',(68.410457486948,-19.90561981969,
    2.569650361081));
#7641 = CARTESIAN_POINT('',(68.201020650884,-19.92349147857,
    2.43102803716));
#7642 = CARTESIAN_POINT('',(68.000494999195,-19.94301606594,
    2.268965850134));
#7643 = CARTESIAN_POINT('',(67.811631841829,-19.96350205435,
    2.082548379332));
#7644 = CARTESIAN_POINT('',(67.637952594994,-19.98401456068,
    1.871001334491));
#7645 = CARTESIAN_POINT('',(67.290823886489,-20.02767617635,
    1.336469998331));
#7646 = CARTESIAN_POINT('',(67.121028758433,-20.05113073356,
    0.987028826721));
#7647 = CARTESIAN_POINT('',(66.998735396909,-20.06981176739,
    0.595911448001));
#7648 = CARTESIAN_POINT('',(66.939093965076,-20.07959775093,
    0.17894965207));
#7649 = CARTESIAN_POINT('',(66.948568443443,-20.07784645557,
    -0.244134972311));
#7650 = CARTESIAN_POINT('',(67.025118654602,-20.06563294995,
    -0.653159379222));
#7651 = CARTESIAN_POINT('',(67.157908572726,-20.04630409293,
    -1.030149300981));
#7652 = CARTESIAN_POINT('',(67.545396868759,-19.99457728782,
    -1.790637901536));
#7653 = CARTESIAN_POINT('',(67.827731988377,-19.95956105404,
    -2.150530286987));
#7654 = CARTESIAN_POINT('',(68.150880339844,-19.9245323124,
    -2.441864595106));
#7655 = CARTESIAN_POINT('',(68.500221698709,-19.89373831158,
    -2.668674326127));
#7656 = CARTESIAN_POINT('',(68.865572152297,-19.8694377433,
    -2.835138278214));
#7657 = CARTESIAN_POINT('',(69.240237827247,-19.85285037883,
    -2.944888240379));
#7658 = CARTESIAN_POINT('',(69.619643853755,-19.84451813473,-3.));
#7659 = CARTESIAN_POINT('',(70.,-19.84451813473,-3.));
#7660 = PCURVE('',#7107,#7661);
#7661 = DEFINITIONAL_REPRESENTATION('',(#7662),#7721);
#7662 = B_SPLINE_CURVE_WITH_KNOTS('',8,(#7663,#7664,#7665,#7666,#7667,
    #7668,#7669,#7670,#7671,#7672,#7673,#7674,#7675,#7676,#7677,#7678,
    #7679,#7680,#7681,#7682,#7683,#7684,#7685,#7686,#7687,#7688,#7689,
    #7690,#7691,#7692,#7693,#7694,#7695,#7696,#7697,#7698,#7699,#7700,
    #7701,#7702,#7703,#7704,#7705,#7706,#7707,#7708,#7709,#7710,#7711,
    #7712,#7713,#7714,#7715,#7716,#7717,#7718,#7719,#7720),
  .UNSPECIFIED.,.T.,.F.,(9,7,7,7,7,7,7,7,9),(0.,0.106484038841,
    0.210259826392,0.310219027303,0.430876213322,0.556105082682,
    0.670647551853,0.814353129108,1.),.UNSPECIFIED.);
#7663 = CARTESIAN_POINT('',(1.720835465007,70.));
#7664 = CARTESIAN_POINT('',(1.720835465007,70.235628009692));
#7665 = CARTESIAN_POINT('',(1.719769646475,70.47124942919));
#7666 = CARTESIAN_POINT('',(1.717638110646,70.704643018903));
#7667 = CARTESIAN_POINT('',(1.714456094409,70.93360602295));
#7668 = CARTESIAN_POINT('',(1.710253341466,71.155980823867));
#7669 = CARTESIAN_POINT('',(1.705073467307,71.369685850835));
#7670 = CARTESIAN_POINT('',(1.698973318029,71.572750741429));
#7671 = CARTESIAN_POINT('',(1.685248115381,71.949113038481));
#7672 = CARTESIAN_POINT('',(1.677464956432,72.128543858794));
#7673 = CARTESIAN_POINT('',(1.668649257859,72.298844533551));
#7674 = CARTESIAN_POINT('',(1.658793822437,72.456979737513));
#7675 = CARTESIAN_POINT('',(1.64790870883,72.599671134344));
#7676 = CARTESIAN_POINT('',(1.636023135601,72.723366192684));
#7677 = CARTESIAN_POINT('',(1.623189855939,72.824176824133));
#7678 = CARTESIAN_POINT('',(1.596300729968,72.968671304946));
#7679 = CARTESIAN_POINT('',(1.582460281093,73.013497415652));
#7680 = CARTESIAN_POINT('',(1.568262372221,73.028431245213));
#7681 = CARTESIAN_POINT('',(1.554027022423,73.011866452949));
#7682 = CARTESIAN_POINT('',(1.540080386504,72.964341372136));
#7683 = CARTESIAN_POINT('',(1.526733318885,72.888503518802));
#7684 = CARTESIAN_POINT('',(1.514261068491,72.789104738936));
#7685 = CARTESIAN_POINT('',(1.489149099493,72.532897308829));
#7686 = CARTESIAN_POINT('',(1.476802258357,72.366348295101));
#7687 = CARTESIAN_POINT('',(1.465850682315,72.179446583789));
#7688 = CARTESIAN_POINT('',(1.456269893822,71.976947483358));
#7689 = CARTESIAN_POINT('',(1.448018843804,71.762603995116));
#7690 = CARTESIAN_POINT('',(1.441050723266,71.539384230221));
#7691 = CARTESIAN_POINT('',(1.435320451245,71.309618384499));
#7692 = CARTESIAN_POINT('',(1.426089404936,70.8317035909));
#7693 = CARTESIAN_POINT('',(1.42267635033,70.58292950621));
#7694 = CARTESIAN_POINT('',(1.420514924481,70.330766182371));
#7695 = CARTESIAN_POINT('',(1.419582169612,70.076843071795));
#7696 = CARTESIAN_POINT('',(1.419868535773,69.822605698267));
#7697 = CARTESIAN_POINT('',(1.421377951772,69.569470444037));
#7698 = CARTESIAN_POINT('',(1.424128278369,69.318976556893));
#7699 = CARTESIAN_POINT('',(1.431832675065,68.847916226419));
#7700 = CARTESIAN_POINT('',(1.436578160612,68.626650548183));
#7701 = CARTESIAN_POINT('',(1.442414782276,68.410457486948));
#7702 = CARTESIAN_POINT('',(1.449378582673,68.201020650884));
#7703 = CARTESIAN_POINT('',(1.457511152796,68.000494999195));
#7704 = CARTESIAN_POINT('',(1.466854326145,67.811631841829));
#7705 = CARTESIAN_POINT('',(1.477443003719,67.637952594994));
#7706 = CARTESIAN_POINT('',(1.504165054384,67.290823886489));
#7707 = CARTESIAN_POINT('',(1.521613483324,67.121028758433));
#7708 = CARTESIAN_POINT('',(1.541117458334,66.998735396909));
#7709 = CARTESIAN_POINT('',(1.561885271398,66.939093965076));
#7710 = CARTESIAN_POINT('',(1.582950994399,66.948568443443));
#7711 = CARTESIAN_POINT('',(1.603332368173,67.025118654602));
#7712 = CARTESIAN_POINT('',(1.622138136672,67.157908572726));
#7713 = CARTESIAN_POINT('',(1.660117496104,67.545396868759));
#7714 = CARTESIAN_POINT('',(1.678126403433,67.827731988377));
#7715 = CARTESIAN_POINT('',(1.692742313374,68.150880339844));
#7716 = CARTESIAN_POINT('',(1.704145974137,68.500221698709));
#7717 = CARTESIAN_POINT('',(1.712527768463,68.865572152297));
#7718 = CARTESIAN_POINT('',(1.718058292646,69.240237827247));
#7719 = CARTESIAN_POINT('',(1.720835465007,69.619643853755));
#7720 = CARTESIAN_POINT('',(1.720835465007,70.));
#7721 = ( GEOMETRIC_REPRESENTATION_CONTEXT(2) 
PARAMETRIC_REPRESENTATION_CONTEXT() REPRESENTATION_CONTEXT('2D SPACE',''
  ) );
#7722 = PCURVE('',#7723,#7728);
#7723 = CYLINDRICAL_SURFACE('',#7724,3.);
#7724 = AXIS2_PLACEMENT_3D('',#7725,#7726,#7727);
#7725 = CARTESIAN_POINT('',(70.,0.,0.));
#7726 = DIRECTION('',(0.,-1.,0.));
#7727 = DIRECTION('',(0.,-0.,-1.));
#7728 = DEFINITIONAL_REPRESENTATION('',(#7729),#7788);
#7729 = B_SPLINE_CURVE_WITH_KNOTS('',8,(#7730,#7731,#7732,#7733,#7734,
    #7735,#7736,#7737,#7738,#7739,#7740,#7741,#7742,#7743,#7744,#7745,
    #7746,#7747,#7748,#7749,#7750,#7751,#7752,#7753,#7754,#7755,#7756,
    #7757,#7758,#7759,#7760,#7761,#7762,#7763,#7764,#7765,#7766,#7767,
    #7768,#7769,#7770,#7771,#7772,#7773,#7774,#7775,#7776,#7777,#7778,
    #7779,#7780,#7781,#7782,#7783,#7784,#7785,#7786,#7787),
  .UNSPECIFIED.,.F.,.F.,(9,7,7,7,7,7,7,7,9),(0.,0.106484038841,
    0.210259826392,0.310219027303,0.430876213322,0.556105082682,
    0.670647551853,0.814353129108,1.),.UNSPECIFIED.);
#7730 = CARTESIAN_POINT('',(0.,19.844518134739));
#7731 = CARTESIAN_POINT('',(7.854266989725E-02,19.844518134739));
#7732 = CARTESIAN_POINT('',(0.157083036102,19.84771541795));
#7733 = CARTESIAN_POINT('',(0.235619503163,19.854110457205));
#7734 = CARTESIAN_POINT('',(0.314155122743,19.863530054523));
#7735 = CARTESIAN_POINT('',(0.392694221466,19.875633038125));
#7736 = CARTESIAN_POINT('',(0.471238834571,19.889933035186));
#7737 = CARTESIAN_POINT('',(0.549784945403,19.905838320297));
#7738 = CARTESIAN_POINT('',(0.704854739844,19.939150086877));
#7739 = CARTESIAN_POINT('',(0.783648058893,19.956995311134));
#7740 = CARTESIAN_POINT('',(0.864729531376,19.975756094453));
#7741 = CARTESIAN_POINT('',(0.948171403427,19.994768088685));
#7742 = CARTESIAN_POINT('',(1.034099899494,20.013199698421));
#7743 = CARTESIAN_POINT('',(1.122695688794,20.030075984998));
#7744 = CARTESIAN_POINT('',(1.214206574676,20.0443401182));
#7745 = CARTESIAN_POINT('',(1.400301175707,20.065218371923));
#7746 = CARTESIAN_POINT('',(1.493588626961,20.07197517529));
#7747 = CARTESIAN_POINT('',(1.587801736223,20.07433501232));
#7748 = CARTESIAN_POINT('',(1.682076091436,20.071796379403));
#7749 = CARTESIAN_POINT('',(1.775604538315,20.064509531633));
#7750 = CARTESIAN_POINT('',(1.867526321185,20.053254536562));
#7751 = CARTESIAN_POINT('',(1.956802041585,20.039230764194));
#7752 = CARTESIAN_POINT('',(2.144917160187,20.005028978129));
#7753 = CARTESIAN_POINT('',(2.243461913048,19.98389629214));
#7754 = CARTESIAN_POINT('',(2.338366921492,19.961879546669));
#7755 = CARTESIAN_POINT('',(2.430158874622,19.940269565456));
#7756 = CARTESIAN_POINT('',(2.519302224214,19.920040557298));
#7757 = CARTESIAN_POINT('',(2.606227493307,19.901888778314));
#7758 = CARTESIAN_POINT('',(2.691340486996,19.886305946399));
#7759 = CARTESIAN_POINT('',(2.861979166512,19.860452173947));
#7760 = CARTESIAN_POINT('',(2.94749024458,19.85039110431));
#7761 = CARTESIAN_POINT('',(3.032084094012,19.843815308946));
#7762 = CARTESIAN_POINT('',(3.116178864838,19.840935169361));
#7763 = CARTESIAN_POINT('',(3.200179082364,19.841830241064));
#7764 = CARTESIAN_POINT('',(3.284488475203,19.84646468476));
#7765 = CARTESIAN_POINT('',(3.369522364132,19.854679428013));
#7766 = CARTESIAN_POINT('',(3.534623078409,19.876661378059));
#7767 = CARTESIAN_POINT('',(3.614483681028,19.889893419147));
#7768 = CARTESIAN_POINT('',(3.69572633228,19.905619819697));
#7769 = CARTESIAN_POINT('',(3.77872156735,19.923491478571));
#7770 = CARTESIAN_POINT('',(3.863853713763,19.943016065944));
#7771 = CARTESIAN_POINT('',(3.951529763357,19.96350205435));
#7772 = CARTESIAN_POINT('',(4.042200149726,19.984014560688));
#7773 = CARTESIAN_POINT('',(4.254651997762,20.027676176352));
#7774 = CARTESIAN_POINT('',(4.383167649124,20.051130733568));
#7775 = CARTESIAN_POINT('',(4.517219021321,20.069811767394));
#7776 = CARTESIAN_POINT('',(4.654032131428,20.079597750934));
#7777 = CARTESIAN_POINT('',(4.791453737083,20.077846455577));
#7778 = CARTESIAN_POINT('',(4.927427159103,20.065632949951));
#7779 = CARTESIAN_POINT('',(5.059490291986,20.046304092934));
#7780 = CARTESIAN_POINT('',(5.343995728594,19.994577287829));
#7781 = CARTESIAN_POINT('',(5.493611713692,19.959561054046));
#7782 = CARTESIAN_POINT('',(5.63531671507,19.924532312404));
#7783 = CARTESIAN_POINT('',(5.770890845535,19.893738311582));
#7784 = CARTESIAN_POINT('',(5.901941661478,19.869437743303));
#7785 = CARTESIAN_POINT('',(6.029930285866,19.852850378839));
#7786 = CARTESIAN_POINT('',(6.156399925098,19.844518134739));
#7787 = CARTESIAN_POINT('',(6.28318530718,19.844518134739));
#7788 = ( GEOMETRIC_REPRESENTATION_CONTEXT(2) 
PARAMETRIC_REPRESENTATION_CONTEXT() REPRESENTATION_CONTEXT('2D SPACE',''
  ) );
#7789 = ADVANCED_FACE('',(#7790,#7844),#7320,.T.);
#7790 = FACE_BOUND('',#7791,.T.);
#7791 = EDGE_LOOP('',(#7792,#7793,#7816,#7843));
#7792 = ORIENTED_EDGE('',*,*,#7227,.T.);
#7793 = ORIENTED_EDGE('',*,*,#7794,.T.);
#7794 = EDGE_CURVE('',#7228,#7795,#7797,.T.);
#7795 = VERTEX_POINT('',#7796);
#7796 = CARTESIAN_POINT('',(-4.915732251777E-15,109.5862468718,
    -22.21844721288));
#7797 = SEAM_CURVE('',#7798,(#7802,#7809),.PCURVE_S1.);
#7798 = LINE('',#7799,#7800);
#7799 = CARTESIAN_POINT('',(-4.915732251777E-15,7.453810874427,
    18.634527186067));
#7800 = VECTOR('',#7801,1.);
#7801 = DIRECTION('',(0.,0.928476690885,-0.371390676354));
#7802 = PCURVE('',#7320,#7803);
#7803 = DEFINITIONAL_REPRESENTATION('',(#7804),#7808);
#7804 = LINE('',#7805,#7806);
#7805 = CARTESIAN_POINT('',(0.,-0.));
#7806 = VECTOR('',#7807,1.);
#7807 = DIRECTION('',(0.,1.));
#7808 = ( GEOMETRIC_REPRESENTATION_CONTEXT(2) 
PARAMETRIC_REPRESENTATION_CONTEXT() REPRESENTATION_CONTEXT('2D SPACE',''
  ) );
#7809 = PCURVE('',#7320,#7810);
#7810 = DEFINITIONAL_REPRESENTATION('',(#7811),#7815);
#7811 = LINE('',#7812,#7813);
#7812 = CARTESIAN_POINT('',(6.28318530718,-0.));
#7813 = VECTOR('',#7814,1.);
#7814 = DIRECTION('',(0.,1.));
#7815 = ( GEOMETRIC_REPRESENTATION_CONTEXT(2) 
PARAMETRIC_REPRESENTATION_CONTEXT() REPRESENTATION_CONTEXT('2D SPACE',''
  ) );
#7816 = ORIENTED_EDGE('',*,*,#7817,.F.);
#7817 = EDGE_CURVE('',#7795,#7795,#7818,.T.);
#7818 = SURFACE_CURVE('',#7819,(#7824,#7831),.PCURVE_S1.);
#7819 = CIRCLE('',#7820,20.07);
#7820 = AXIS2_PLACEMENT_3D('',#7821,#7822,#7823);
#7821 = CARTESIAN_POINT('',(0.,102.13243599737,-40.85297439895));
#7822 = DIRECTION('',(0.,0.928476690885,-0.371390676354));
#7823 = DIRECTION('',(0.,0.371390676354,0.928476690885));
#7824 = PCURVE('',#7320,#7825);
#7825 = DEFINITIONAL_REPRESENTATION('',(#7826),#7830);
#7826 = LINE('',#7827,#7828);
#7827 = CARTESIAN_POINT('',(0.,110.));
#7828 = VECTOR('',#7829,1.);
#7829 = DIRECTION('',(1.,0.));
#7830 = ( GEOMETRIC_REPRESENTATION_CONTEXT(2) 
PARAMETRIC_REPRESENTATION_CONTEXT() REPRESENTATION_CONTEXT('2D SPACE',''
  ) );
#7831 = PCURVE('',#7832,#7837);
#7832 = PLANE('',#7833);
#7833 = AXIS2_PLACEMENT_3D('',#7834,#7835,#7836);
#7834 = CARTESIAN_POINT('',(0.,102.13243599737,-40.85297439895));
#7835 = DIRECTION('',(0.,0.928476690885,-0.371390676354));
#7836 = DIRECTION('',(0.,0.371390676354,0.928476690885));
#7837 = DEFINITIONAL_REPRESENTATION('',(#7838),#7842);
#7838 = CIRCLE('',#7839,20.07);
#7839 = AXIS2_PLACEMENT_2D('',#7840,#7841);
#7840 = CARTESIAN_POINT('',(0.,0.));
#7841 = DIRECTION('',(1.,0.));
#7842 = ( GEOMETRIC_REPRESENTATION_CONTEXT(2) 
PARAMETRIC_REPRESENTATION_CONTEXT() REPRESENTATION_CONTEXT('2D SPACE',''
  ) );
#7843 = ORIENTED_EDGE('',*,*,#7794,.F.);
#7844 = FACE_BOUND('',#7845,.T.);
#7845 = EDGE_LOOP('',(#7846));
#7846 = ORIENTED_EDGE('',*,*,#7847,.F.);
#7847 = EDGE_CURVE('',#7848,#7848,#7850,.T.);
#7848 = VERTEX_POINT('',#7849);
#7849 = CARTESIAN_POINT('',(19.875771162658,64.993368361968,
    -22.99734734478));
#7850 = SURFACE_CURVE('',#7851,(#7908,#7968),.PCURVE_S1.);
#7851 = B_SPLINE_CURVE_WITH_KNOTS('',7,(#7852,#7853,#7854,#7855,#7856,
    #7857,#7858,#7859,#7860,#7861,#7862,#7863,#7864,#7865,#7866,#7867,
    #7868,#7869,#7870,#7871,#7872,#7873,#7874,#7875,#7876,#7877,#7878,
    #7879,#7880,#7881,#7882,#7883,#7884,#7885,#7886,#7887,#7888,#7889,
    #7890,#7891,#7892,#7893,#7894,#7895,#7896,#7897,#7898,#7899,#7900,
    #7901,#7902,#7903,#7904,#7905,#7906,#7907),.UNSPECIFIED.,.T.,.F.,(8,
    6,6,6,6,6,6,6,6,8),(0.,0.103155638036,0.195411864487,0.287101186601,
    0.412633542894,0.522729611791,0.630025563173,0.733375466008,
    0.858125447378,1.),.UNSPECIFIED.);
#7852 = CARTESIAN_POINT('',(19.875771162658,64.993368361968,
    -22.99734734478));
#7853 = CARTESIAN_POINT('',(19.889252095006,64.734355899764,
    -22.99734734478));
#7854 = CARTESIAN_POINT('',(19.90580920673,64.470820687485,
    -23.02343653129));
#7855 = CARTESIAN_POINT('',(19.925038316762,64.204361709789,
    -23.07725760008));
#7856 = CARTESIAN_POINT('',(19.946322256924,63.937140136002,
    -23.16094759686));
#7857 = CARTESIAN_POINT('',(19.968761552729,63.672120944873,
    -23.27702736694));
#7858 = CARTESIAN_POINT('',(19.991040905379,63.413447303391,
    -23.42824616987));
#7859 = CARTESIAN_POINT('',(20.029753631248,62.946751553853,
    -23.78635441367));
#7860 = CARTESIAN_POINT('',(20.046883296913,62.732315316784,
    -23.98870397708));
#7861 = CARTESIAN_POINT('',(20.061050514943,62.534946694222,
    -24.22340964738));
#7862 = CARTESIAN_POINT('',(20.070438460253,62.363696397995,
    -24.48645215708));
#7863 = CARTESIAN_POINT('',(20.073864212869,62.225233758397,
    -24.7713603723));
#7864 = CARTESIAN_POINT('',(20.071285974111,62.123453112298,
    -25.0700340058));
#7865 = CARTESIAN_POINT('',(20.05576445429,61.99479452193,
    -25.67532508389));
#7866 = CARTESIAN_POINT('',(20.043062471679,61.96892759112,
    -25.97497930022));
#7867 = CARTESIAN_POINT('',(20.026506488307,61.978048898485,
    -26.2672912893));
#7868 = CARTESIAN_POINT('',(20.007488003154,62.018515730699,
    -26.54794737161));
#7869 = CARTESIAN_POINT('',(19.987400961401,62.086293551316,
    -26.81344394301));
#7870 = CARTESIAN_POINT('',(19.967447645563,62.176942091322,
    -27.06104836679));
#7871 = CARTESIAN_POINT('',(19.92262588696,62.434393776638,
    -27.60080704971));
#7872 = CARTESIAN_POINT('',(19.898279987737,62.619148117951,
    -27.88026868371));
#7873 = CARTESIAN_POINT('',(19.877397339002,62.832167833569,
    -28.12660849025));
#7874 = CARTESIAN_POINT('',(19.861121741882,63.06807114649,
    -28.34003816238));
#7875 = CARTESIAN_POINT('',(19.850060493296,63.323000882985,
    -28.52081288769));
#7876 = CARTESIAN_POINT('',(19.844518134739,63.594111747372,
    -28.66874358323));
#7877 = CARTESIAN_POINT('',(19.844518134739,64.129225035441,
    -28.88278889845));
#7878 = CARTESIAN_POINT('',(19.84878117902,64.38971918112,
    -28.95661311209));
#7879 = CARTESIAN_POINT('',(19.857308024116,64.657377463046,
    -29.00293393257));
#7880 = CARTESIAN_POINT('',(19.869752084929,64.928725008098,
    -29.0209686875));
#7881 = CARTESIAN_POINT('',(19.885434626785,65.200189236961,
    -29.01046989445));
#7882 = CARTESIAN_POINT('',(19.903428260388,65.468186426401,
    -28.97174605375));
#7883 = CARTESIAN_POINT('',(19.941498850763,65.983612575635,
    -28.84133667877));
#7884 = CARTESIAN_POINT('',(19.962160797923,66.240191020447,
    -28.74879706173));
#7885 = CARTESIAN_POINT('',(19.983913272373,66.495102428025,
    -28.62563370514));
#7886 = CARTESIAN_POINT('',(20.005622905002,66.74382511647,
    -28.46982474741));
#7887 = CARTESIAN_POINT('',(20.025827687454,66.981114621904,
    -28.27982621721));
#7888 = CARTESIAN_POINT('',(20.042820877627,67.200831869296,
    -28.05470656512));
#7889 = CARTESIAN_POINT('',(20.066681739026,67.583044634768,
    -27.54381841883));
#7890 = CARTESIAN_POINT('',(20.073739654045,67.744809148366,
    -27.26397827955));
#7891 = CARTESIAN_POINT('',(20.074692227285,67.871645178681,
    -26.96139665259));
#7892 = CARTESIAN_POINT('',(20.068900531521,67.958026808294,
    -26.64535710559));
#7893 = CARTESIAN_POINT('',(20.057191198486,68.002377523793,
    -26.32668709059));
#7894 = CARTESIAN_POINT('',(20.041444550792,68.00750646916,
    -26.01654911518));
#7895 = CARTESIAN_POINT('',(20.002356795289,67.94906732648,
    -25.37423597992));
#7896 = CARTESIAN_POINT('',(19.97774279109,67.870491437565,
    -25.04461134712));
#7897 = CARTESIAN_POINT('',(19.952361600017,67.754241706505,
    -24.74046420229));
#7898 = CARTESIAN_POINT('',(19.928177530895,67.607336117303,
    -24.46331575053));
#7899 = CARTESIAN_POINT('',(19.906478934636,67.435295806109,
    -24.21359974883));
#7900 = CARTESIAN_POINT('',(19.888118309347,67.242384208539,
    -23.99127024765));
#7901 = CARTESIAN_POINT('',(19.857130221273,66.792194151731,
    -23.57436911239));
#7902 = CARTESIAN_POINT('',(19.845616146168,66.529423166374,
    -23.38752829126));
#7903 = CARTESIAN_POINT('',(19.83986915288,66.247909292585,
    -23.23562952938));
#7904 = CARTESIAN_POINT('',(19.840201947233,65.950808020803,
    -23.11906920153));
#7905 = CARTESIAN_POINT('',(19.846606329388,65.640818954009,
    -23.03897872001));
#7906 = CARTESIAN_POINT('',(19.858741854478,65.320556640003,
    -22.99734734478));
#7907 = CARTESIAN_POINT('',(19.875771162658,64.993368361968,
    -22.99734734478));
#7908 = PCURVE('',#7320,#7909);
#7909 = DEFINITIONAL_REPRESENTATION('',(#7910),#7967);
#7910 = B_SPLINE_CURVE_WITH_KNOTS('',7,(#7911,#7912,#7913,#7914,#7915,
    #7916,#7917,#7918,#7919,#7920,#7921,#7922,#7923,#7924,#7925,#7926,
    #7927,#7928,#7929,#7930,#7931,#7932,#7933,#7934,#7935,#7936,#7937,
    #7938,#7939,#7940,#7941,#7942,#7943,#7944,#7945,#7946,#7947,#7948,
    #7949,#7950,#7951,#7952,#7953,#7954,#7955,#7956,#7957,#7958,#7959,
    #7960,#7961,#7962,#7963,#7964,#7965,#7966),.UNSPECIFIED.,.T.,.F.,(8,
    6,6,6,6,6,6,6,6,8),(0.,0.103155638036,0.195411864487,0.287101186601,
    0.412633542894,0.522729611791,0.630025563173,0.733375466008,
    0.858125447378,1.),.UNSPECIFIED.);
#7911 = CARTESIAN_POINT('',(1.431561130044,68.885827970938));
#7912 = CARTESIAN_POINT('',(1.436400932874,68.645340937132));
#7913 = CARTESIAN_POINT('',(1.442540147221,68.410343915926));
#7914 = CARTESIAN_POINT('',(1.450022109786,68.182931609197));
#7915 = CARTESIAN_POINT('',(1.458901521267,67.965904291144));
#7916 = CARTESIAN_POINT('',(1.469234961917,67.762951093863));
#7917 = CARTESIAN_POINT('',(1.481067682707,67.578939900701));
#7918 = CARTESIAN_POINT('',(1.506344258233,67.278621838391));
#7919 = CARTESIAN_POINT('',(1.519699686182,67.154673531805));
#7920 = CARTESIAN_POINT('',(1.534224255793,67.058588863881));
#7921 = CARTESIAN_POINT('',(1.54956419975,66.997278491113));
#7922 = CARTESIAN_POINT('',(1.565303122808,66.97453141244));
#7923 = CARTESIAN_POINT('',(1.581001957782,66.990955057708));
#7924 = CARTESIAN_POINT('',(1.611394522325,67.096298018352));
#7925 = CARTESIAN_POINT('',(1.625747207309,67.183569958107));
#7926 = CARTESIAN_POINT('',(1.63912373488,67.300600826713));
#7927 = CARTESIAN_POINT('',(1.651393013288,67.442406389414));
#7928 = CARTESIAN_POINT('',(1.662465469652,67.603939467236));
#7929 = CARTESIAN_POINT('',(1.672292719978,67.780062498108));
#7930 = CARTESIAN_POINT('',(1.692621948918,68.219561729272));
#7931 = CARTESIAN_POINT('',(1.702207248731,68.494891273986));
#7932 = CARTESIAN_POINT('',(1.709733351921,68.784163422004));
#7933 = CARTESIAN_POINT('',(1.71530099576,69.082459939639));
#7934 = CARTESIAN_POINT('',(1.718987996246,69.386294305288));
#7935 = CARTESIAN_POINT('',(1.720835465007,69.692954504585));
#7936 = CARTESIAN_POINT('',(1.720835465007,70.269289153934));
#7937 = CARTESIAN_POINT('',(1.719414373632,70.538569520942));
#7938 = CARTESIAN_POINT('',(1.716572352854,70.80428711768));
#7939 = CARTESIAN_POINT('',(1.712339835965,71.06292492822));
#7940 = CARTESIAN_POINT('',(1.706775850636,71.311073983278));
#7941 = CARTESIAN_POINT('',(1.699966317321,71.545521453508));
#7942 = CARTESIAN_POINT('',(1.684280371439,71.975649792967));
#7943 = CARTESIAN_POINT('',(1.67519315143,72.179508547397));
#7944 = CARTESIAN_POINT('',(1.664722921715,72.370446125268));
#7945 = CARTESIAN_POINT('',(1.652864723155,72.543513349791));
#7946 = CARTESIAN_POINT('',(1.639648684953,72.69326744194));
#7947 = CARTESIAN_POINT('',(1.625146487547,72.813662444876));
#7948 = CARTESIAN_POINT('',(1.594416057864,72.978798994385));
#7949 = CARTESIAN_POINT('',(1.57847502217,73.025063556075));
#7950 = CARTESIAN_POINT('',(1.562134782251,73.030451858697));
#7951 = CARTESIAN_POINT('',(1.545919262595,72.993281047202));
#7952 = CARTESIAN_POINT('',(1.530348926353,72.916108580359));
#7953 = CARTESIAN_POINT('',(1.515886496482,72.805688334132));
#7954 = CARTESIAN_POINT('',(1.487187103342,72.512879842581));
#7955 = CARTESIAN_POINT('',(1.473340643361,72.31750444594));
#7956 = CARTESIAN_POINT('',(1.461356705688,72.096611866499));
#7957 = CARTESIAN_POINT('',(1.451183081955,71.857283100217));
#7958 = CARTESIAN_POINT('',(1.442745113551,71.604805486612));
#7959 = CARTESIAN_POINT('',(1.435967552411,71.343120461051));
#7960 = CARTESIAN_POINT('',(1.424903307277,70.77029629224));
#7961 = CARTESIAN_POINT('',(1.42107914401,70.456928618364));
#7962 = CARTESIAN_POINT('',(1.419238874018,70.13913576448));
#7963 = CARTESIAN_POINT('',(1.419345653042,69.819994739798));
#7964 = CARTESIAN_POINT('',(1.42140178382,69.502432258751));
#7965 = CARTESIAN_POINT('',(1.425447421304,69.189614660624));
#7966 = CARTESIAN_POINT('',(1.431561130044,68.885827970938));
#7967 = ( GEOMETRIC_REPRESENTATION_CONTEXT(2) 
PARAMETRIC_REPRESENTATION_CONTEXT() REPRESENTATION_CONTEXT('2D SPACE',''
  ) );
#7968 = PCURVE('',#7969,#7974);
#7969 = CYLINDRICAL_SURFACE('',#7970,3.);
#7970 = AXIS2_PLACEMENT_3D('',#7971,#7972,#7973);
#7971 = CARTESIAN_POINT('',(0.,64.993368361968,-25.99734734478));
#7972 = DIRECTION('',(1.,-0.,0.));
#7973 = DIRECTION('',(-0.,0.,1.));
#7974 = DEFINITIONAL_REPRESENTATION('',(#7975),#8032);
#7975 = B_SPLINE_CURVE_WITH_KNOTS('',7,(#7976,#7977,#7978,#7979,#7980,
    #7981,#7982,#7983,#7984,#7985,#7986,#7987,#7988,#7989,#7990,#7991,
    #7992,#7993,#7994,#7995,#7996,#7997,#7998,#7999,#8000,#8001,#8002,
    #8003,#8004,#8005,#8006,#8007,#8008,#8009,#8010,#8011,#8012,#8013,
    #8014,#8015,#8016,#8017,#8018,#8019,#8020,#8021,#8022,#8023,#8024,
    #8025,#8026,#8027,#8028,#8029,#8030,#8031),.UNSPECIFIED.,.F.,.F.,(8,
    6,6,6,6,6,6,6,6,8),(0.,0.103155638036,0.195411864487,0.287101186601,
    0.412633542894,0.522729611791,0.630025563173,0.733375466008,
    0.858125447378,1.),.UNSPECIFIED.);
#7976 = CARTESIAN_POINT('',(0.,19.875771162658));
#7977 = CARTESIAN_POINT('',(8.633748740148E-02,19.889252095006));
#7978 = CARTESIAN_POINT('',(0.174182404306,19.90580920673));
#7979 = CARTESIAN_POINT('',(0.264053986827,19.925038316762));
#7980 = CARTESIAN_POINT('',(0.35644479131,19.946322256924));
#7981 = CARTESIAN_POINT('',(0.451895063272,19.968761552729));
#7982 = CARTESIAN_POINT('',(0.550987118402,19.991040905379));
#7983 = CARTESIAN_POINT('',(0.747072824412,20.029753631248));
#7984 = CARTESIAN_POINT('',(0.844841814402,20.046883296913));
#7985 = CARTESIAN_POINT('',(0.945957253613,20.061050514943));
#7986 = CARTESIAN_POINT('',(1.04916782233,20.070438460253));
#7987 = CARTESIAN_POINT('',(1.15346748586,20.073864212869));
#7988 = CARTESIAN_POINT('',(1.257903354692,20.071285974111));
#7989 = CARTESIAN_POINT('',(1.464174568305,20.05576445429));
#7990 = CARTESIAN_POINT('',(1.563669848596,20.043062471679));
#7991 = CARTESIAN_POINT('',(1.6601189189,20.026506488307));
#7992 = CARTESIAN_POINT('',(1.75363559188,20.007488003154));
#7993 = CARTESIAN_POINT('',(1.8442110742,19.987400961401));
#7994 = CARTESIAN_POINT('',(1.931714661571,19.967447645563));
#7995 = CARTESIAN_POINT('',(2.131052678813,19.92262588696));
#7996 = CARTESIAN_POINT('',(2.241645114867,19.898279987737));
#7997 = CARTESIAN_POINT('',(2.348824103585,19.877397339002));
#7998 = CARTESIAN_POINT('',(2.45348748174,19.861121741882));
#7999 = CARTESIAN_POINT('',(2.556517982469,19.850060493296));
#8000 = CARTESIAN_POINT('',(2.658737778006,19.844518134739));
#8001 = CARTESIAN_POINT('',(2.850849327789,19.844518134739));
#8002 = CARTESIAN_POINT('',(2.94060930751,19.84878117902));
#8003 = CARTESIAN_POINT('',(3.030363662918,19.857308024116));
#8004 = CARTESIAN_POINT('',(3.120119135523,19.869752084929));
#8005 = CARTESIAN_POINT('',(3.209882768643,19.885434626785));
#8006 = CARTESIAN_POINT('',(3.299652138263,19.903428260388));
#8007 = CARTESIAN_POINT('',(3.47687476047,19.941498850763));
#8008 = CARTESIAN_POINT('',(3.567354193666,19.962160797923));
#8009 = CARTESIAN_POINT('',(3.660892776375,19.983913272373));
#8010 = CARTESIAN_POINT('',(3.757622583452,20.005622905002));
#8011 = CARTESIAN_POINT('',(3.857792163514,20.025827687454));
#8012 = CARTESIAN_POINT('',(3.961751370525,20.042820877627));
#8013 = CARTESIAN_POINT('',(4.174430914572,20.066681739026));
#8014 = CARTESIAN_POINT('',(4.281422899728,20.073739654045));
#8015 = CARTESIAN_POINT('',(4.389367080484,20.074692227285));
#8016 = CARTESIAN_POINT('',(4.496957655344,20.068900531521));
#8017 = CARTESIAN_POINT('',(4.602912747208,20.057191198486));
#8018 = CARTESIAN_POINT('',(4.705712149028,20.041444550792));
#8019 = CARTESIAN_POINT('',(4.920700856001,20.002356795289));
#8020 = CARTESIAN_POINT('',(5.0324973007,19.97774279109));
#8021 = CARTESIAN_POINT('',(5.13962673633,19.952361600017));
#8022 = CARTESIAN_POINT('',(5.242863565869,19.928177530895));
#8023 = CARTESIAN_POINT('',(5.342930058729,19.906478934636));
#8024 = CARTESIAN_POINT('',(5.440464902949,19.888118309347));
#8025 = CARTESIAN_POINT('',(5.644990816501,19.857130221273));
#8026 = CARTESIAN_POINT('',(5.751573948083,19.845616146168));
#8027 = CARTESIAN_POINT('',(5.856932173744,19.83986915288));
#8028 = CARTESIAN_POINT('',(5.961920113964,19.840201947233));
#8029 = CARTESIAN_POINT('',(6.067368410866,19.846606329388));
#8030 = CARTESIAN_POINT('',(6.174122547835,19.858741854478));
#8031 = CARTESIAN_POINT('',(6.28318530718,19.875771162658));
#8032 = ( GEOMETRIC_REPRESENTATION_CONTEXT(2) 
PARAMETRIC_REPRESENTATION_CONTEXT() REPRESENTATION_CONTEXT('2D SPACE',''
  ) );
#8033 = ADVANCED_FACE('',(#8034,#8088),#7434,.T.);
#8034 = FACE_BOUND('',#8035,.T.);
#8035 = EDGE_LOOP('',(#8036,#8037,#8060,#8087));
#8036 = ORIENTED_EDGE('',*,*,#7334,.T.);
#8037 = ORIENTED_EDGE('',*,*,#8038,.T.);
#8038 = EDGE_CURVE('',#7335,#8039,#8041,.T.);
#8039 = VERTEX_POINT('',#8040);
#8040 = CARTESIAN_POINT('',(-4.915732251777E-15,-94.67862512295,
    -59.48750158501));
#8041 = SEAM_CURVE('',#8042,(#8046,#8053),.PCURVE_S1.);
#8042 = LINE('',#8043,#8044);
#8043 = CARTESIAN_POINT('',(-4.915732251777E-15,7.453810874427,
    -18.63452718606));
#8044 = VECTOR('',#8045,1.);
#8045 = DIRECTION('',(0.,-0.928476690885,-0.371390676354));
#8046 = PCURVE('',#7434,#8047);
#8047 = DEFINITIONAL_REPRESENTATION('',(#8048),#8052);
#8048 = LINE('',#8049,#8050);
#8049 = CARTESIAN_POINT('',(0.,-0.));
#8050 = VECTOR('',#8051,1.);
#8051 = DIRECTION('',(0.,1.));
#8052 = ( GEOMETRIC_REPRESENTATION_CONTEXT(2) 
PARAMETRIC_REPRESENTATION_CONTEXT() REPRESENTATION_CONTEXT('2D SPACE',''
  ) );
#8053 = PCURVE('',#7434,#8054);
#8054 = DEFINITIONAL_REPRESENTATION('',(#8055),#8059);
#8055 = LINE('',#8056,#8057);
#8056 = CARTESIAN_POINT('',(6.28318530718,-0.));
#8057 = VECTOR('',#8058,1.);
#8058 = DIRECTION('',(0.,1.));
#8059 = ( GEOMETRIC_REPRESENTATION_CONTEXT(2) 
PARAMETRIC_REPRESENTATION_CONTEXT() REPRESENTATION_CONTEXT('2D SPACE',''
  ) );
#8060 = ORIENTED_EDGE('',*,*,#8061,.F.);
#8061 = EDGE_CURVE('',#8039,#8039,#8062,.T.);
#8062 = SURFACE_CURVE('',#8063,(#8068,#8075),.PCURVE_S1.);
#8063 = CIRCLE('',#8064,20.07);
#8064 = AXIS2_PLACEMENT_3D('',#8065,#8066,#8067);
#8065 = CARTESIAN_POINT('',(0.,-102.1324359973,-40.85297439895));
#8066 = DIRECTION('',(0.,-0.928476690885,-0.371390676354));
#8067 = DIRECTION('',(0.,0.371390676354,-0.928476690885));
#8068 = PCURVE('',#7434,#8069);
#8069 = DEFINITIONAL_REPRESENTATION('',(#8070),#8074);
#8070 = LINE('',#8071,#8072);
#8071 = CARTESIAN_POINT('',(0.,110.));
#8072 = VECTOR('',#8073,1.);
#8073 = DIRECTION('',(1.,0.));
#8074 = ( GEOMETRIC_REPRESENTATION_CONTEXT(2) 
PARAMETRIC_REPRESENTATION_CONTEXT() REPRESENTATION_CONTEXT('2D SPACE',''
  ) );
#8075 = PCURVE('',#8076,#8081);
#8076 = PLANE('',#8077);
#8077 = AXIS2_PLACEMENT_3D('',#8078,#8079,#8080);
#8078 = CARTESIAN_POINT('',(0.,-102.1324359973,-40.85297439895));
#8079 = DIRECTION('',(0.,-0.928476690885,-0.371390676354));
#8080 = DIRECTION('',(0.,0.371390676354,-0.928476690885));
#8081 = DEFINITIONAL_REPRESENTATION('',(#8082),#8086);
#8082 = CIRCLE('',#8083,20.07);
#8083 = AXIS2_PLACEMENT_2D('',#8084,#8085);
#8084 = CARTESIAN_POINT('',(0.,0.));
#8085 = DIRECTION('',(1.,0.));
#8086 = ( GEOMETRIC_REPRESENTATION_CONTEXT(2) 
PARAMETRIC_REPRESENTATION_CONTEXT() REPRESENTATION_CONTEXT('2D SPACE',''
  ) );
#8087 = ORIENTED_EDGE('',*,*,#8038,.F.);
#8088 = FACE_BOUND('',#8089,.T.);
#8089 = EDGE_LOOP('',(#8090));
#8090 = ORIENTED_EDGE('',*,*,#8091,.F.);
#8091 = EDGE_CURVE('',#8092,#8092,#8094,.T.);
#8092 = VERTEX_POINT('',#8093);
#8093 = CARTESIAN_POINT('',(-19.87577116265,-64.99336836196,
    -28.99734734478));
#8094 = SURFACE_CURVE('',#8095,(#8152,#8212),.PCURVE_S1.);
#8095 = B_SPLINE_CURVE_WITH_KNOTS('',7,(#8096,#8097,#8098,#8099,#8100,
    #8101,#8102,#8103,#8104,#8105,#8106,#8107,#8108,#8109,#8110,#8111,
    #8112,#8113,#8114,#8115,#8116,#8117,#8118,#8119,#8120,#8121,#8122,
    #8123,#8124,#8125,#8126,#8127,#8128,#8129,#8130,#8131,#8132,#8133,
    #8134,#8135,#8136,#8137,#8138,#8139,#8140,#8141,#8142,#8143,#8144,
    #8145,#8146,#8147,#8148,#8149,#8150,#8151),.UNSPECIFIED.,.T.,.F.,(8,
    6,6,6,6,6,6,6,6,8),(0.,0.10789805393,0.204395613216,0.30030020562,
    0.431603711668,0.552279177542,0.660414864854,0.752809717938,
    0.864410296167,1.),.UNSPECIFIED.);
#8096 = CARTESIAN_POINT('',(-19.87577116265,-64.99336836196,
    -28.99734734478));
#8097 = CARTESIAN_POINT('',(-19.889252095,-65.25238082417,
    -28.99734734478));
#8098 = CARTESIAN_POINT('',(-19.90580920673,-65.51591603645,
    -28.97125815828));
#8099 = CARTESIAN_POINT('',(-19.92503831676,-65.78237501414,
    -28.91743708949));
#8100 = CARTESIAN_POINT('',(-19.94632225692,-66.04959658793,
    -28.8337470927));
#8101 = CARTESIAN_POINT('',(-19.96876155272,-66.31461577906,
    -28.71766732263));
#8102 = CARTESIAN_POINT('',(-19.99104090537,-66.57328942054,
    -28.56644851969));
#8103 = CARTESIAN_POINT('',(-20.02975363124,-67.03998517008,
    -28.2083402759));
#8104 = CARTESIAN_POINT('',(-20.04688329691,-67.25442140715,
    -28.00599071249));
#8105 = CARTESIAN_POINT('',(-20.06105051494,-67.45179002971,
    -27.77128504219));
#8106 = CARTESIAN_POINT('',(-20.07043846025,-67.62304032594,
    -27.50824253249));
#8107 = CARTESIAN_POINT('',(-20.07386421286,-67.76150296554,
    -27.22333431726));
#8108 = CARTESIAN_POINT('',(-20.07128597411,-67.86328361163,
    -26.92466068377));
#8109 = CARTESIAN_POINT('',(-20.05576445429,-67.99194220199,
    -26.31936960574));
#8110 = CARTESIAN_POINT('',(-20.04306247168,-68.01780913282,
    -26.01971538936));
#8111 = CARTESIAN_POINT('',(-20.0265064883,-68.00868782545,
    -25.72740340022));
#8112 = CARTESIAN_POINT('',(-20.00748800314,-67.96822099321,
    -25.4467473179));
#8113 = CARTESIAN_POINT('',(-19.9874009614,-67.9004431726,
    -25.18125074656));
#8114 = CARTESIAN_POINT('',(-19.96744764556,-67.80979463264,
    -24.93364632284));
#8115 = CARTESIAN_POINT('',(-19.92262588696,-67.55234294729,
    -24.39388763986));
#8116 = CARTESIAN_POINT('',(-19.89827998773,-67.36758860598,
    -24.11442600586));
#8117 = CARTESIAN_POINT('',(-19.877397339,-67.15456889036,
    -23.86808619931));
#8118 = CARTESIAN_POINT('',(-19.86112174188,-66.91866557744,
    -23.65465652718));
#8119 = CARTESIAN_POINT('',(-19.85006049329,-66.66373584095,
    -23.47388180188));
#8120 = CARTESIAN_POINT('',(-19.84451813473,-66.39262497656,
    -23.32595110634));
#8121 = CARTESIAN_POINT('',(-19.84451813473,-65.84553127788,
    -23.10711362687));
#8122 = CARTESIAN_POINT('',(-19.84919966512,-65.57225686942,
    -23.03115707587));
#8123 = CARTESIAN_POINT('',(-19.8585482721,-65.28956808305,
    -22.98468416977));
#8124 = CARTESIAN_POINT('',(-19.87234474551,-64.99920741318,
    -22.96905161529));
#8125 = CARTESIAN_POINT('',(-19.89015016662,-64.70317368524,
    -22.98632479268));
#8126 = CARTESIAN_POINT('',(-19.91117422454,-64.40417466652,
    -23.03929540728));
#8127 = CARTESIAN_POINT('',(-19.95468888264,-63.83940635049,
    -23.2141051804));
#8128 = CARTESIAN_POINT('',(-19.9770795394,-63.56978542771,
    -23.32933884028));
#8129 = CARTESIAN_POINT('',(-20.00019924737,-63.30360549012,
    -23.48030001602));
#8130 = CARTESIAN_POINT('',(-20.02245247869,-63.0475998988,
    -23.66887597776));
#8131 = CARTESIAN_POINT('',(-20.04187332954,-62.80902632648,
    -23.89578681426));
#8132 = CARTESIAN_POINT('',(-20.05642725043,-62.59573659455,
    -24.16054437704));
#8133 = CARTESIAN_POINT('',(-20.0714204671,-62.26340315477,
    -24.71800772838));
#8134 = CARTESIAN_POINT('',(-20.07343637695,-62.13891347164,
    -24.99473912263));
#8135 = CARTESIAN_POINT('',(-20.06990842382,-62.0479382386,
    -25.28513879582));
#8136 = CARTESIAN_POINT('',(-20.06092081569,-61.99281817986,
    -25.58154981577));
#8137 = CARTESIAN_POINT('',(-20.04751863428,-61.97318719517,
    -25.87569793958));
#8138 = CARTESIAN_POINT('',(-20.0312946873,-61.98574092795,
    -26.15941297848));
#8139 = CARTESIAN_POINT('',(-19.99281822169,-62.07027616878,
    -26.74614915275));
#8140 = CARTESIAN_POINT('',(-19.969620173,-62.15493342195,
    -27.04692791813));
#8141 = CARTESIAN_POINT('',(-19.94619369929,-62.2709756097,
    -27.32494509647));
#8142 = CARTESIAN_POINT('',(-19.92403313945,-62.4128752347,
    -27.57921475853));
#8143 = CARTESIAN_POINT('',(-19.90414016549,-62.57628029105,
    -27.80950482474));
#8144 = CARTESIAN_POINT('',(-19.88719125152,-62.75782066527,
    -28.01589670088));
#8145 = CARTESIAN_POINT('',(-19.85713022107,-63.19454257506,
    -28.42032557982));
#8146 = CARTESIAN_POINT('',(-19.84561614649,-63.45731354704,
    -28.60716639161));
#8147 = CARTESIAN_POINT('',(-19.83986915279,-63.73882744806,
    -28.75906516755));
#8148 = CARTESIAN_POINT('',(-19.84020194704,-64.03592868892,
    -28.87562548376));
#8149 = CARTESIAN_POINT('',(-19.84660632959,-64.34591777667,
    -28.95571597067));
#8150 = CARTESIAN_POINT('',(-19.8587418544,-64.66618008245,
    -28.99734734478));
#8151 = CARTESIAN_POINT('',(-19.87577116265,-64.99336836196,
    -28.99734734478));
#8152 = PCURVE('',#7434,#8153);
#8153 = DEFINITIONAL_REPRESENTATION('',(#8154),#8211);
#8154 = B_SPLINE_CURVE_WITH_KNOTS('',7,(#8155,#8156,#8157,#8158,#8159,
    #8160,#8161,#8162,#8163,#8164,#8165,#8166,#8167,#8168,#8169,#8170,
    #8171,#8172,#8173,#8174,#8175,#8176,#8177,#8178,#8179,#8180,#8181,
    #8182,#8183,#8184,#8185,#8186,#8187,#8188,#8189,#8190,#8191,#8192,
    #8193,#8194,#8195,#8196,#8197,#8198,#8199,#8200,#8201,#8202,#8203,
    #8204,#8205,#8206,#8207,#8208,#8209,#8210),.UNSPECIFIED.,.T.,.F.,(8,
    6,6,6,6,6,6,6,6,8),(0.,0.10789805393,0.204395613216,0.30030020562,
    0.431603711668,0.552279177542,0.660414864854,0.752809717938,
    0.864410296167,1.),.UNSPECIFIED.);
#8155 = CARTESIAN_POINT('',(4.851624177135,71.114172029062));
#8156 = CARTESIAN_POINT('',(4.846784374305,71.354659062868));
#8157 = CARTESIAN_POINT('',(4.840645159959,71.589656084074));
#8158 = CARTESIAN_POINT('',(4.833163197394,71.817068390803));
#8159 = CARTESIAN_POINT('',(4.824283785912,72.034095708856));
#8160 = CARTESIAN_POINT('',(4.813950345263,72.237048906137));
#8161 = CARTESIAN_POINT('',(4.802117624472,72.421060099299));
#8162 = CARTESIAN_POINT('',(4.776841048947,72.721378161609));
#8163 = CARTESIAN_POINT('',(4.763485620998,72.845326468195));
#8164 = CARTESIAN_POINT('',(4.748961051386,72.941411136119));
#8165 = CARTESIAN_POINT('',(4.733621107429,73.002721508887));
#8166 = CARTESIAN_POINT('',(4.717882184372,73.02546858756));
#8167 = CARTESIAN_POINT('',(4.702183349398,73.009044942292));
#8168 = CARTESIAN_POINT('',(4.671790784858,72.90370198166));
#8169 = CARTESIAN_POINT('',(4.657438099871,72.816430041911));
#8170 = CARTESIAN_POINT('',(4.644061572297,72.699399173272));
#8171 = CARTESIAN_POINT('',(4.631792293889,72.557593610548));
#8172 = CARTESIAN_POINT('',(4.620719837528,72.396060532755));
#8173 = CARTESIAN_POINT('',(4.610892587204,72.219937501941));
#8174 = CARTESIAN_POINT('',(4.590563358262,71.780438270728));
#8175 = CARTESIAN_POINT('',(4.580978058449,71.505108726014));
#8176 = CARTESIAN_POINT('',(4.573451955259,71.215836577996));
#8177 = CARTESIAN_POINT('',(4.567884311419,70.917540060361));
#8178 = CARTESIAN_POINT('',(4.564197310933,70.613705694712));
#8179 = CARTESIAN_POINT('',(4.562349842173,70.307045495414));
#8180 = CARTESIAN_POINT('',(4.562349842173,69.717807548949));
#8181 = CARTESIAN_POINT('',(4.563910357019,69.43586907563));
#8182 = CARTESIAN_POINT('',(4.567026535127,69.156139522681));
#8183 = CARTESIAN_POINT('',(4.571726901826,68.880740623771));
#8184 = CARTESIAN_POINT('',(4.578066143414,68.612295304702));
#8185 = CARTESIAN_POINT('',(4.58611721214,68.354354477608));
#8186 = CARTESIAN_POINT('',(4.604781512994,67.894902980291));
#8187 = CARTESIAN_POINT('',(4.615161445305,67.687362944996));
#8188 = CARTESIAN_POINT('',(4.627125099203,67.496286650524));
#8189 = CARTESIAN_POINT('',(4.640629146213,67.328626780224));
#8190 = CARTESIAN_POINT('',(4.655568130999,67.1913893483));
#8191 = CARTESIAN_POINT('',(4.671775727946,67.091683294113));
#8192 = CARTESIAN_POINT('',(4.703723540021,66.990156132769));
#8193 = CARTESIAN_POINT('',(4.718827541839,66.977345823404));
#8194 = CARTESIAN_POINT('',(4.733942398407,67.000729171123));
#8195 = CARTESIAN_POINT('',(4.748677355054,67.059635770557));
#8196 = CARTESIAN_POINT('',(4.762661904863,67.150652729503));
#8197 = CARTESIAN_POINT('',(4.775579154018,67.267677697965));
#8198 = CARTESIAN_POINT('',(4.801230131087,67.564075043236));
#8199 = CARTESIAN_POINT('',(4.813630020475,67.754383758623));
#8200 = CARTESIAN_POINT('',(4.824406091385,67.965379213015));
#8201 = CARTESIAN_POINT('',(4.833609018726,68.191563089045));
#8202 = CARTESIAN_POINT('',(4.841302743542,68.428808458485));
#8203 = CARTESIAN_POINT('',(4.847548759217,68.674016482869));
#8204 = CARTESIAN_POINT('',(4.858281999973,69.229703711403));
#8205 = CARTESIAN_POINT('',(4.862106163054,69.543071369384));
#8206 = CARTESIAN_POINT('',(4.863946433194,69.860864253775));
#8207 = CARTESIAN_POINT('',(4.863839654203,70.180005245426));
#8208 = CARTESIAN_POINT('',(4.861783523286,70.497567747926));
#8209 = CARTESIAN_POINT('',(4.857737885903,70.810385338006));
#8210 = CARTESIAN_POINT('',(4.851624177135,71.114172029062));
#8211 = ( GEOMETRIC_REPRESENTATION_CONTEXT(2) 
PARAMETRIC_REPRESENTATION_CONTEXT() REPRESENTATION_CONTEXT('2D SPACE',''
  ) );
#8212 = PCURVE('',#8213,#8218);
#8213 = CYLINDRICAL_SURFACE('',#8214,3.);
#8214 = AXIS2_PLACEMENT_3D('',#8215,#8216,#8217);
#8215 = CARTESIAN_POINT('',(0.,-64.99336836196,-25.99734734478));
#8216 = DIRECTION('',(-1.,-0.,0.));
#8217 = DIRECTION('',(-0.,0.,-1.));
#8218 = DEFINITIONAL_REPRESENTATION('',(#8219),#8276);
#8219 = B_SPLINE_CURVE_WITH_KNOTS('',7,(#8220,#8221,#8222,#8223,#8224,
    #8225,#8226,#8227,#8228,#8229,#8230,#8231,#8232,#8233,#8234,#8235,
    #8236,#8237,#8238,#8239,#8240,#8241,#8242,#8243,#8244,#8245,#8246,
    #8247,#8248,#8249,#8250,#8251,#8252,#8253,#8254,#8255,#8256,#8257,
    #8258,#8259,#8260,#8261,#8262,#8263,#8264,#8265,#8266,#8267,#8268,
    #8269,#8270,#8271,#8272,#8273,#8274,#8275),.UNSPECIFIED.,.F.,.F.,(8,
    6,6,6,6,6,6,6,6,8),(0.,0.10789805393,0.204395613216,0.30030020562,
    0.431603711668,0.552279177542,0.660414864854,0.752809717938,
    0.864410296167,1.),.UNSPECIFIED.);
#8220 = CARTESIAN_POINT('',(0.,19.875771162658));
#8221 = CARTESIAN_POINT('',(8.63374874015E-02,19.889252095006));
#8222 = CARTESIAN_POINT('',(0.174182404306,19.90580920673));
#8223 = CARTESIAN_POINT('',(0.264053986827,19.925038316762));
#8224 = CARTESIAN_POINT('',(0.35644479131,19.946322256924));
#8225 = CARTESIAN_POINT('',(0.451895063272,19.968761552729));
#8226 = CARTESIAN_POINT('',(0.550987118402,19.991040905379));
#8227 = CARTESIAN_POINT('',(0.747072824412,20.029753631248));
#8228 = CARTESIAN_POINT('',(0.844841814402,20.046883296913));
#8229 = CARTESIAN_POINT('',(0.945957253613,20.061050514943));
#8230 = CARTESIAN_POINT('',(1.04916782233,20.070438460253));
#8231 = CARTESIAN_POINT('',(1.15346748586,20.073864212869));
#8232 = CARTESIAN_POINT('',(1.257903354692,20.071285974111));
#8233 = CARTESIAN_POINT('',(1.464174568283,20.055764454292));
#8234 = CARTESIAN_POINT('',(1.563669848592,20.043062471682));
#8235 = CARTESIAN_POINT('',(1.660118918916,20.026506488305));
#8236 = CARTESIAN_POINT('',(1.753635591899,20.007488003149));
#8237 = CARTESIAN_POINT('',(1.8442110742,19.987400961401));
#8238 = CARTESIAN_POINT('',(1.931714661548,19.967447645568));
#8239 = CARTESIAN_POINT('',(2.131052678813,19.92262588696));
#8240 = CARTESIAN_POINT('',(2.241645114867,19.898279987737));
#8241 = CARTESIAN_POINT('',(2.348824103586,19.877397339002));
#8242 = CARTESIAN_POINT('',(2.45348748174,19.861121741882));
#8243 = CARTESIAN_POINT('',(2.556517982469,19.850060493296));
#8244 = CARTESIAN_POINT('',(2.658737778006,19.844518134739));
#8245 = CARTESIAN_POINT('',(2.855150426828,19.844518134739));
#8246 = CARTESIAN_POINT('',(2.949129794338,19.849199665122));
#8247 = CARTESIAN_POINT('',(3.043732950362,19.858548272106));
#8248 = CARTESIAN_POINT('',(3.139598647619,19.872344745513));
#8249 = CARTESIAN_POINT('',(3.237399920265,19.890150166626));
#8250 = CARTESIAN_POINT('',(3.337830690896,19.911174224549));
#8251 = CARTESIAN_POINT('',(3.534898560641,19.954688882647));
#8252 = CARTESIAN_POINT('',(3.632110987014,19.977079539409));
#8253 = CARTESIAN_POINT('',(3.733069557067,20.000199247377));
#8254 = CARTESIAN_POINT('',(3.837651897239,20.022452478692));
#8255 = CARTESIAN_POINT('',(3.945933871705,20.041873329543));
#8256 = CARTESIAN_POINT('',(4.058144287815,20.056427250432));
#8257 = CARTESIAN_POINT('',(4.274480164349,20.071420467105));
#8258 = CARTESIAN_POINT('',(4.374961452001,20.073436376958));
#8259 = CARTESIAN_POINT('',(4.475254232193,20.069908423822));
#8260 = CARTESIAN_POINT('',(4.574497951618,20.060920815694));
#8261 = CARTESIAN_POINT('',(4.671781947805,20.047518634284));
#8262 = CARTESIAN_POINT('',(4.765983985083,20.031294687301));
#8263 = CARTESIAN_POINT('',(4.963582215263,19.992818221697));
#8264 = CARTESIAN_POINT('',(5.066841473892,19.969620173008));
#8265 = CARTESIAN_POINT('',(5.166144969292,19.946193699293));
#8266 = CARTESIAN_POINT('',(5.262142650466,19.924033139454));
#8267 = CARTESIAN_POINT('',(5.355439343162,19.904140165497));
#8268 = CARTESIAN_POINT('',(5.446583620177,19.887191251523));
#8269 = CARTESIAN_POINT('',(5.644990817801,19.857130221076));
#8270 = CARTESIAN_POINT('',(5.751573943753,19.845616146494));
#8271 = CARTESIAN_POINT('',(5.856932180171,19.839869152791));
#8272 = CARTESIAN_POINT('',(5.961920108754,19.840201947049));
#8273 = CARTESIAN_POINT('',(6.067368413234,19.846606329594));
#8274 = CARTESIAN_POINT('',(6.174122547343,19.858741854401));
#8275 = CARTESIAN_POINT('',(6.28318530718,19.875771162658));
#8276 = ( GEOMETRIC_REPRESENTATION_CONTEXT(2) 
PARAMETRIC_REPRESENTATION_CONTEXT() REPRESENTATION_CONTEXT('2D SPACE',''
  ) );
#8277 = ADVANCED_FACE('',(#8278,#8332,#8674),#7527,.T.);
#8278 = FACE_BOUND('',#8279,.T.);
#8279 = EDGE_LOOP('',(#8280,#8281,#8304,#8331));
#8280 = ORIENTED_EDGE('',*,*,#7448,.T.);
#8281 = ORIENTED_EDGE('',*,*,#8282,.T.);
#8282 = EDGE_CURVE('',#7449,#8283,#8285,.T.);
#8283 = VERTEX_POINT('',#8284);
#8284 = CARTESIAN_POINT('',(-70.19283783092,2.204364238465E-15,
    18.383838479528));
#8285 = SEAM_CURVE('',#8286,(#8290,#8297),.PCURVE_S1.);
#8286 = LINE('',#8287,#8288);
#8287 = CARTESIAN_POINT('',(-3.342516087187,2.204364238465E-15,
    -8.356290217967));
#8288 = VECTOR('',#8289,1.);
#8289 = DIRECTION('',(-0.928476690885,-1.232595164408E-32,0.371390676354
    ));
#8290 = PCURVE('',#7527,#8291);
#8291 = DEFINITIONAL_REPRESENTATION('',(#8292),#8296);
#8292 = LINE('',#8293,#8294);
#8293 = CARTESIAN_POINT('',(0.,-0.));
#8294 = VECTOR('',#8295,1.);
#8295 = DIRECTION('',(0.,1.));
#8296 = ( GEOMETRIC_REPRESENTATION_CONTEXT(2) 
PARAMETRIC_REPRESENTATION_CONTEXT() REPRESENTATION_CONTEXT('2D SPACE',''
  ) );
#8297 = PCURVE('',#7527,#8298);
#8298 = DEFINITIONAL_REPRESENTATION('',(#8299),#8303);
#8299 = LINE('',#8300,#8301);
#8300 = CARTESIAN_POINT('',(6.28318530718,-0.));
#8301 = VECTOR('',#8302,1.);
#8302 = DIRECTION('',(0.,1.));
#8303 = ( GEOMETRIC_REPRESENTATION_CONTEXT(2) 
PARAMETRIC_REPRESENTATION_CONTEXT() REPRESENTATION_CONTEXT('2D SPACE',''
  ) );
#8304 = ORIENTED_EDGE('',*,*,#8305,.F.);
#8305 = EDGE_CURVE('',#8283,#8283,#8306,.T.);
#8306 = SURFACE_CURVE('',#8307,(#8312,#8319),.PCURVE_S1.);
#8307 = CIRCLE('',#8308,9.);
#8308 = AXIS2_PLACEMENT_3D('',#8309,#8310,#8311);
#8309 = CARTESIAN_POINT('',(-66.85032174373,0.,26.740128697495));
#8310 = DIRECTION('',(-0.928476690885,0.,0.371390676354));
#8311 = DIRECTION('',(-0.371390676354,0.,-0.928476690885));
#8312 = PCURVE('',#7527,#8313);
#8313 = DEFINITIONAL_REPRESENTATION('',(#8314),#8318);
#8314 = LINE('',#8315,#8316);
#8315 = CARTESIAN_POINT('',(0.,72.));
#8316 = VECTOR('',#8317,1.);
#8317 = DIRECTION('',(1.,0.));
#8318 = ( GEOMETRIC_REPRESENTATION_CONTEXT(2) 
PARAMETRIC_REPRESENTATION_CONTEXT() REPRESENTATION_CONTEXT('2D SPACE',''
  ) );
#8319 = PCURVE('',#8320,#8325);
#8320 = PLANE('',#8321);
#8321 = AXIS2_PLACEMENT_3D('',#8322,#8323,#8324);
#8322 = CARTESIAN_POINT('',(-66.85032174373,0.,26.740128697495));
#8323 = DIRECTION('',(-0.928476690885,0.,0.371390676354));
#8324 = DIRECTION('',(-0.371390676354,0.,-0.928476690885));
#8325 = DEFINITIONAL_REPRESENTATION('',(#8326),#8330);
#8326 = CIRCLE('',#8327,9.);
#8327 = AXIS2_PLACEMENT_2D('',#8328,#8329);
#8328 = CARTESIAN_POINT('',(0.,0.));
#8329 = DIRECTION('',(1.,0.));
#8330 = ( GEOMETRIC_REPRESENTATION_CONTEXT(2) 
PARAMETRIC_REPRESENTATION_CONTEXT() REPRESENTATION_CONTEXT('2D SPACE',''
  ) );
#8331 = ORIENTED_EDGE('',*,*,#8282,.F.);
#8332 = FACE_BOUND('',#8333,.T.);
#8333 = EDGE_LOOP('',(#8334));
#8334 = ORIENTED_EDGE('',*,*,#8335,.F.);
#8335 = EDGE_CURVE('',#8336,#8336,#8338,.T.);
#8336 = VERTEX_POINT('',#8337);
#8337 = CARTESIAN_POINT('',(-59.42250821665,8.39283356039,
    27.269003286663));
#8338 = SURFACE_CURVE('',#8339,(#8447,#8558),.PCURVE_S1.);
#8339 = B_SPLINE_CURVE_WITH_KNOTS('',6,(#8340,#8341,#8342,#8343,#8344,
    #8345,#8346,#8347,#8348,#8349,#8350,#8351,#8352,#8353,#8354,#8355,
    #8356,#8357,#8358,#8359,#8360,#8361,#8362,#8363,#8364,#8365,#8366,
    #8367,#8368,#8369,#8370,#8371,#8372,#8373,#8374,#8375,#8376,#8377,
    #8378,#8379,#8380,#8381,#8382,#8383,#8384,#8385,#8386,#8387,#8388,
    #8389,#8390,#8391,#8392,#8393,#8394,#8395,#8396,#8397,#8398,#8399,
    #8400,#8401,#8402,#8403,#8404,#8405,#8406,#8407,#8408,#8409,#8410,
    #8411,#8412,#8413,#8414,#8415,#8416,#8417,#8418,#8419,#8420,#8421,
    #8422,#8423,#8424,#8425,#8426,#8427,#8428,#8429,#8430,#8431,#8432,
    #8433,#8434,#8435,#8436,#8437,#8438,#8439,#8440,#8441,#8442,#8443,
    #8444,#8445,#8446),.UNSPECIFIED.,.T.,.F.,(7,5,5,5,5,5,5,5,5,5,5,5,5,
    5,5,5,5,5,5,5,5,7),(0.,6.81941906889E-02,0.132629865062,0.1758293713
    ,0.222633279154,0.254235103806,0.290665874296,0.344584782579,
    0.382549729469,0.414974593877,0.462192401359,0.494070375012,
    0.568029339181,0.632653480148,0.675848779255,0.722648282877,
    0.754247228526,0.790674680073,0.844588676177,0.882550164344,
    0.913706395779,1.),.UNSPECIFIED.);
#8340 = CARTESIAN_POINT('',(-59.42250821665,8.39283356039,
    27.269003286663));
#8341 = CARTESIAN_POINT('',(-59.19768449811,8.360503719854,
    27.269003286663));
#8342 = CARTESIAN_POINT('',(-58.9749849786,8.333563023794,
    27.251673208019));
#8343 = CARTESIAN_POINT('',(-58.75550252413,8.312797962699,
    27.217627587643));
#8344 = CARTESIAN_POINT('',(-58.54021307926,8.29873877955,
    27.167388221525));
#8345 = CARTESIAN_POINT('',(-58.33004405629,8.29165696261,
    27.101390627781));
#8346 = CARTESIAN_POINT('',(-57.93309041791,8.291473706973,
    26.943076751335));
#8347 = CARTESIAN_POINT('',(-57.74576973005,8.297623324144,
    26.852457118462));
#8348 = CARTESIAN_POINT('',(-57.564774061,8.310007821994,26.74846615604)
  );
#8349 = CARTESIAN_POINT('',(-57.39092702702,8.328413668059,
    26.631384408321));
#8350 = CARTESIAN_POINT('',(-57.22512266327,8.352419764567,
    26.501469368233));
#8351 = CARTESIAN_POINT('',(-56.96327125703,8.400828584745,
    26.263461815935));
#8352 = CARTESIAN_POINT('',(-56.86223817122,8.422494050571,
    26.162283934206));
#8353 = CARTESIAN_POINT('',(-56.76551691166,8.446218141668,
    26.055481953438));
#8354 = CARTESIAN_POINT('',(-56.67340552173,8.471785944436,
    25.943083240156));
#8355 = CARTESIAN_POINT('',(-56.58625045072,8.498943570378,
    25.825113640312));
#8356 = CARTESIAN_POINT('',(-56.41581913819,8.558222789723,
    25.567776195325));
#8357 = CARTESIAN_POINT('',(-56.33347180534,8.590570058792,
    25.427441265559));
#8358 = CARTESIAN_POINT('',(-56.25787862458,8.624075025952,
    25.280574528293));
#8359 = CARTESIAN_POINT('',(-56.18962260229,8.658313986343,
    25.127167223381));
#8360 = CARTESIAN_POINT('',(-56.12941265469,8.692788616521,
    24.967255972565));
#8361 = CARTESIAN_POINT('',(-56.0434533429,8.749952129767,
    24.688675022763));
#8362 = CARTESIAN_POINT('',(-56.01285434112,8.772837863594,
    24.573452188935));
#8363 = CARTESIAN_POINT('',(-55.98658159452,8.795380333164,
    24.455364856675));
#8364 = CARTESIAN_POINT('',(-55.96493366737,8.817371949574,
    24.334513609967));
#8365 = CARTESIAN_POINT('',(-55.94822921553,8.838589044495,
    24.211025899594));
#8366 = CARTESIAN_POINT('',(-55.92364034531,8.882087302819,
    23.939839757025));
#8367 = CARTESIAN_POINT('',(-55.91747821606,8.904063672559,
    23.791150800444));
#8368 = CARTESIAN_POINT('',(-55.91890963293,8.924287856482,
    23.639626558939));
#8369 = CARTESIAN_POINT('',(-55.92843028368,8.94233546286,
    23.485935618833));
#8370 = CARTESIAN_POINT('',(-55.94644999067,8.957815937839,
    23.330780324822));
#8371 = CARTESIAN_POINT('',(-56.01303837831,8.989012780357,
    22.94418673172));
#8372 = CARTESIAN_POINT('',(-56.07210864906,9.001270282981,
    22.711942365303));
#8373 = CARTESIAN_POINT('',(-56.15117921633,9.005910422425,
    22.482783571187));
#8374 = CARTESIAN_POINT('',(-56.24937782913,9.002403233972,
    22.261013712324));
#8375 = CARTESIAN_POINT('',(-56.36448117179,8.991202343103,
    22.050405588088));
#8376 = CARTESIAN_POINT('',(-56.58337026708,8.961041683679,
    21.71556311795));
#8377 = CARTESIAN_POINT('',(-56.68036627903,8.945366811343,
    21.584304624848));
#8378 = CARTESIAN_POINT('',(-56.78307344677,8.926846953813,
    21.460514149483));
#8379 = CARTESIAN_POINT('',(-56.89060435657,8.905921535168,
    21.344470457201));
#8380 = CARTESIAN_POINT('',(-57.0020200733,8.883073245245,
    21.236351126059));
#8381 = CARTESIAN_POINT('',(-57.21394551284,8.838068606153,
    21.050714584917));
#8382 = CARTESIAN_POINT('',(-57.31379264937,8.81627256784,
    20.970929894443));
#8383 = CARTESIAN_POINT('',(-57.41548381543,8.793667824104,
    20.896741176323));
#8384 = CARTESIAN_POINT('',(-57.51867681572,8.770495330233,
    20.828009699618));
#8385 = CARTESIAN_POINT('',(-57.6230662468,8.746978104923,
    20.764590897702));
#8386 = CARTESIAN_POINT('',(-57.88174568385,8.688864645617,
    20.62150143595));
#8387 = CARTESIAN_POINT('',(-58.03713456681,8.65409508974,
    20.547582923436));
#8388 = CARTESIAN_POINT('',(-58.19384180807,8.619607496015,
    20.484066587343));
#8389 = CARTESIAN_POINT('',(-58.35132256912,8.585908518208,
    20.430481168268));
#8390 = CARTESIAN_POINT('',(-58.50915659867,8.553428258415,
    20.386411902681));
#8391 = CARTESIAN_POINT('',(-58.77358194676,8.501677839936,
    20.327955887898));
#8392 = CARTESIAN_POINT('',(-58.88015866284,8.481544901435,
    20.308578016458));
#8393 = CARTESIAN_POINT('',(-58.9866211146,8.462252704554,
    20.293279546563));
#8394 = CARTESIAN_POINT('',(-59.0928609934,8.443905733531,
    20.281969079801));
#8395 = CARTESIAN_POINT('',(-59.19878117136,8.426596766629,
    20.274565962773));
#8396 = CARTESIAN_POINT('',(-59.54909578299,8.3728470014,20.26272731683)
  );
#8397 = CARTESIAN_POINT('',(-59.7918202038,8.341296183957,
    20.275106414242));
#8398 = CARTESIAN_POINT('',(-60.03104480448,8.316838866999,
    20.307311529156));
#8399 = CARTESIAN_POINT('',(-60.26552757341,8.300206532809,
    20.358653401576));
#8400 = CARTESIAN_POINT('',(-60.4941026705,8.291775667666,
    20.428570941344));
#8401 = CARTESIAN_POINT('',(-60.9090931556,8.291381312971,20.59356093278
    ));
#8402 = CARTESIAN_POINT('',(-61.09705687937,8.297473848314,
    20.684292240291));
#8403 = CARTESIAN_POINT('',(-61.27866504113,8.309840988744,
    20.788478586261));
#8404 = CARTESIAN_POINT('',(-61.45308672938,8.328268539856,
    20.905836673351));
#8405 = CARTESIAN_POINT('',(-61.6194199621,8.35233217106,21.036106541505
    ));
#8406 = CARTESIAN_POINT('',(-61.88174517627,8.400828584745,
    21.274544757391));
#8407 = CARTESIAN_POINT('',(-61.98277826208,8.422494050571,
    21.375722639119));
#8408 = CARTESIAN_POINT('',(-62.07949952164,8.446218141668,
    21.482524619888));
#8409 = CARTESIAN_POINT('',(-62.17161091158,8.471785944436,
    21.59492333317));
#8410 = CARTESIAN_POINT('',(-62.25876598258,8.498943570378,
    21.712892933013));
#8411 = CARTESIAN_POINT('',(-62.42919758662,8.558222891113,
    21.970230818146));
#8412 = CARTESIAN_POINT('',(-62.5115451904,8.590570272849,
    22.110566274053));
#8413 = CARTESIAN_POINT('',(-62.58713836657,8.624075290879,
    22.257433210541));
#8414 = CARTESIAN_POINT('',(-62.65539419051,8.658314206994,
    22.410840313127));
#8415 = CARTESIAN_POINT('',(-62.71560393243,8.69278871881,
    22.570751099258));
#8416 = CARTESIAN_POINT('',(-62.80156309041,8.749952129766,
    22.849331550555));
#8417 = CARTESIAN_POINT('',(-62.83216209218,8.772837863594,
    22.964554384392));
#8418 = CARTESIAN_POINT('',(-62.85843483878,8.795380333166,
    23.082641716658));
#8419 = CARTESIAN_POINT('',(-62.88008276594,8.817371949575,
    23.203492963361));
#8420 = CARTESIAN_POINT('',(-62.89678721778,8.838589044493,
    23.326980673723));
#8421 = CARTESIAN_POINT('',(-62.92137608799,8.882087302812,
    23.598166816258));
#8422 = CARTESIAN_POINT('',(-62.92753821725,8.904063672563,
    23.746855772894));
#8423 = CARTESIAN_POINT('',(-62.92610680037,8.924287856488,
    23.898380014433));
#8424 = CARTESIAN_POINT('',(-62.91658614962,8.942335462859,
    24.052070954505));
#8425 = CARTESIAN_POINT('',(-62.89856644265,8.957815937835,
    24.207226248453));
#8426 = CARTESIAN_POINT('',(-62.83197805499,8.989012780357,
    24.593819841606));
#8427 = CARTESIAN_POINT('',(-62.77290778425,9.001270282981,
    24.826064208022));
#8428 = CARTESIAN_POINT('',(-62.69383721697,9.005910422425,
    25.055223002139));
#8429 = CARTESIAN_POINT('',(-62.59563860418,9.002403233972,
    25.276992861002));
#8430 = CARTESIAN_POINT('',(-62.48053526152,8.991202343103,
    25.487600985238));
#8431 = CARTESIAN_POINT('',(-62.26164616622,8.961041683679,
    25.822443455375));
#8432 = CARTESIAN_POINT('',(-62.16465015427,8.945366811343,
    25.953701948477));
#8433 = CARTESIAN_POINT('',(-62.06194298653,8.926846953813,
    26.077492423842));
#8434 = CARTESIAN_POINT('',(-61.95441207673,8.905921535168,
    26.193536116124));
#8435 = CARTESIAN_POINT('',(-61.84299636,8.883073245245,26.301655447266)
  );
#8436 = CARTESIAN_POINT('',(-61.63488189829,8.838877908152,
    26.483953754245));
#8437 = CARTESIAN_POINT('',(-61.53901370361,8.817972197372,
    26.560840718211));
#8438 = CARTESIAN_POINT('',(-61.44142782083,8.796310157986,
    26.632555703492));
#8439 = CARTESIAN_POINT('',(-61.34243062343,8.774106487941,
    26.699220418166));
#8440 = CARTESIAN_POINT('',(-61.24229727842,8.751560741375,
    26.760962024383));
#8441 = CARTESIAN_POINT('',(-60.86146470699,8.665966442785,
    26.975649134002));
#8442 = CARTESIAN_POINT('',(-60.5745016373,8.601777916942,
    27.096811818337));
#8443 = CARTESIAN_POINT('',(-60.28482664721,8.539993700829,
    27.184455071363));
#8444 = CARTESIAN_POINT('',(-59.99513893326,8.48333370119,
    27.241205506348));
#8445 = CARTESIAN_POINT('',(-59.70724998138,8.433779666555,
    27.269003286663));
#8446 = CARTESIAN_POINT('',(-59.42250821665,8.39283356039,
    27.269003286663));
#8447 = PCURVE('',#7527,#8448);
#8448 = DEFINITIONAL_REPRESENTATION('',(#8449),#8557);
#8449 = B_SPLINE_CURVE_WITH_KNOTS('',6,(#8450,#8451,#8452,#8453,#8454,
    #8455,#8456,#8457,#8458,#8459,#8460,#8461,#8462,#8463,#8464,#8465,
    #8466,#8467,#8468,#8469,#8470,#8471,#8472,#8473,#8474,#8475,#8476,
    #8477,#8478,#8479,#8480,#8481,#8482,#8483,#8484,#8485,#8486,#8487,
    #8488,#8489,#8490,#8491,#8492,#8493,#8494,#8495,#8496,#8497,#8498,
    #8499,#8500,#8501,#8502,#8503,#8504,#8505,#8506,#8507,#8508,#8509,
    #8510,#8511,#8512,#8513,#8514,#8515,#8516,#8517,#8518,#8519,#8520,
    #8521,#8522,#8523,#8524,#8525,#8526,#8527,#8528,#8529,#8530,#8531,
    #8532,#8533,#8534,#8535,#8536,#8537,#8538,#8539,#8540,#8541,#8542,
    #8543,#8544,#8545,#8546,#8547,#8548,#8549,#8550,#8551,#8552,#8553,
    #8554,#8555,#8556),.UNSPECIFIED.,.T.,.F.,(7,5,5,5,5,5,5,5,5,5,5,5,5,
    5,5,5,5,5,5,5,5,7),(0.,6.81941906889E-02,0.132629865062,0.1758293713
    ,0.222633279154,0.254235103806,0.290665874296,0.344584782579,
    0.382549729469,0.414974593877,0.462192401359,0.494070375012,
    0.568029339181,0.632653480148,0.675848779255,0.722648282877,
    0.754247228526,0.790674680073,0.844588676177,0.882550164344,
    0.913706395779,1.),.UNSPECIFIED.);
#8450 = CARTESIAN_POINT('',(4.342969358529,65.299867367239));
#8451 = CARTESIAN_POINT('',(4.333020700273,65.091123785012));
#8452 = CARTESIAN_POINT('',(4.325037158362,64.877916242449));
#8453 = CARTESIAN_POINT('',(4.319031753339,64.661487673436));
#8454 = CARTESIAN_POINT('',(4.31501425691,64.442938009923));
#8455 = CARTESIAN_POINT('',(4.312990879581,64.22329007997));
#8456 = CARTESIAN_POINT('',(4.312938520801,63.795931581724));
#8457 = CARTESIAN_POINT('',(4.314695560296,63.588353402574));
#8458 = CARTESIAN_POINT('',(4.318233502503,63.381681868843));
#8459 = CARTESIAN_POINT('',(4.323547329466,63.176785880544));
#8460 = CARTESIAN_POINT('',(4.330628806358,62.974591158949));
#8461 = CARTESIAN_POINT('',(4.345391888766,62.643074445955));
#8462 = CARTESIAN_POINT('',(4.352106804144,62.51169105884));
#8463 = CARTESIAN_POINT('',(4.359611475621,62.382222363954));
#8464 = CARTESIAN_POINT('',(4.367906856515,62.254955251289));
#8465 = CARTESIAN_POINT('',(4.376995328947,62.130220989894));
#8466 = CARTESIAN_POINT('',(4.39759191142,61.876406761064));
#8467 = CARTESIAN_POINT('',(4.409238882137,61.747830097472));
#8468 = CARTESIAN_POINT('',(4.421831785813,61.623098654263));
#8469 = CARTESIAN_POINT('',(4.435383254786,61.502750485822));
#8470 = CARTESIAN_POINT('',(4.449907025572,61.387457405321));
#8471 = CARTESIAN_POINT('',(4.475887742368,61.204183820589));
#8472 = CARTESIAN_POINT('',(4.486811194806,61.132980674492));
#8473 = CARTESIAN_POINT('',(4.498187044621,61.064730507473));
#8474 = CARTESIAN_POINT('',(4.510014497286,60.999747885449));
#8475 = CARTESIAN_POINT('',(4.522291572948,60.938376007003));
#8476 = CARTESIAN_POINT('',(4.54968332893,60.814829809248));
#8477 = CARTESIAN_POINT('',(4.564962587289,60.75388672372));
#8478 = CARTESIAN_POINT('',(4.580809466878,60.698941070383));
#8479 = CARTESIAN_POINT('',(4.597176070572,60.650701390485));
#8480 = CARTESIAN_POINT('',(4.614010403223,60.60980903882));
#8481 = CARTESIAN_POINT('',(4.656781478662,60.528057548615));
#8482 = CARTESIAN_POINT('',(4.683201918218,60.496649525804));
#8483 = CARTESIAN_POINT('',(4.710088766306,60.484957264913));
#8484 = CARTESIAN_POINT('',(4.7370004118,60.493769130095));
#8485 = CARTESIAN_POINT('',(4.763494941264,60.522422007092));
#8486 = CARTESIAN_POINT('',(4.807199921591,60.601298058503));
#8487 = CARTESIAN_POINT('',(4.824825560008,60.64260841418));
#8488 = CARTESIAN_POINT('',(4.841952930811,60.69199499704));
#8489 = CARTESIAN_POINT('',(4.8585209759,60.748737394975));
#8490 = CARTESIAN_POINT('',(4.87447347123,60.812029779439));
#8491 = CARTESIAN_POINT('',(4.902814368148,60.939853929687));
#8492 = CARTESIAN_POINT('',(4.915399063987,61.00292837845));
#8493 = CARTESIAN_POINT('',(4.927510275124,61.069793257601));
#8494 = CARTESIAN_POINT('',(4.939146025593,61.140079323418));
#8495 = CARTESIAN_POINT('',(4.950305631281,61.213449325205));
#8496 = CARTESIAN_POINT('',(4.976548667495,61.40048506094));
#8497 = CARTESIAN_POINT('',(4.991105630071,61.517307370438));
#8498 = CARTESIAN_POINT('',(5.004674202049,61.63921701622));
#8499 = CARTESIAN_POINT('',(5.017268404395,61.765533107079));
#8500 = CARTESIAN_POINT('',(5.028901009042,61.895711410192));
#8501 = CARTESIAN_POINT('',(5.046792418043,62.119514163509));
#8502 = CARTESIAN_POINT('',(5.053569037951,62.211271399401));
#8503 = CARTESIAN_POINT('',(5.059913320998,62.304437595229));
#8504 = CARTESIAN_POINT('',(5.065826509128,62.398878244438));
#8505 = CARTESIAN_POINT('',(5.071309384786,62.494473212129));
#8506 = CARTESIAN_POINT('',(5.088085681194,62.815335400785));
#8507 = CARTESIAN_POINT('',(5.097500357847,63.045296849171));
#8508 = CARTESIAN_POINT('',(5.104590661114,63.279371994198));
#8509 = CARTESIAN_POINT('',(5.109344349977,63.516151672286));
#8510 = CARTESIAN_POINT('',(5.111753165339,63.754345044437));
#8511 = CARTESIAN_POINT('',(5.111865838356,64.200929781303));
#8512 = CARTESIAN_POINT('',(5.110125098813,64.409146479222));
#8513 = CARTESIAN_POINT('',(5.106592619656,64.616459261782));
#8514 = CARTESIAN_POINT('',(5.101273439806,64.82199143305));
#8515 = CARTESIAN_POINT('',(5.094175867522,65.02480897699));
#8516 = CARTESIAN_POINT('',(5.079386072003,65.356925554045));
#8517 = CARTESIAN_POINT('',(5.072671156625,65.48830894116));
#8518 = CARTESIAN_POINT('',(5.065166485148,65.617777636046));
#8519 = CARTESIAN_POINT('',(5.056871104255,65.745044748711));
#8520 = CARTESIAN_POINT('',(5.047782631822,65.869779010106));
#8521 = CARTESIAN_POINT('',(5.027186014121,66.123593673055));
#8522 = CARTESIAN_POINT('',(5.015538999435,66.252170783604));
#8523 = CARTESIAN_POINT('',(5.002946073213,66.376902296544));
#8524 = CARTESIAN_POINT('',(4.989394616836,66.497250205674));
#8525 = CARTESIAN_POINT('',(4.974870888707,66.612542922632));
#8526 = CARTESIAN_POINT('',(4.948890218402,66.795816179406));
#8527 = CARTESIAN_POINT('',(4.937966765963,66.86701932551));
#8528 = CARTESIAN_POINT('',(4.926590916148,66.935269492531));
#8529 = CARTESIAN_POINT('',(4.914763463483,67.000252114552));
#8530 = CARTESIAN_POINT('',(4.902486387822,67.061623992993));
#8531 = CARTESIAN_POINT('',(4.875094631844,67.185170190733));
#8532 = CARTESIAN_POINT('',(4.85981537348,67.24611327629));
#8533 = CARTESIAN_POINT('',(4.843968493887,67.301058929632));
#8534 = CARTESIAN_POINT('',(4.827601890196,67.349298609513));
#8535 = CARTESIAN_POINT('',(4.810767557552,67.39019096117));
#8536 = CARTESIAN_POINT('',(4.767996482108,67.471942451385));
#8537 = CARTESIAN_POINT('',(4.741576042551,67.503350474196));
#8538 = CARTESIAN_POINT('',(4.714689194463,67.515042735087));
#8539 = CARTESIAN_POINT('',(4.68777754897,67.506230869905));
#8540 = CARTESIAN_POINT('',(4.661283019505,67.477577992908));
#8541 = CARTESIAN_POINT('',(4.617578039178,67.398701941497));
#8542 = CARTESIAN_POINT('',(4.599952400762,67.35739158582));
#8543 = CARTESIAN_POINT('',(4.582825029958,67.30800500296));
#8544 = CARTESIAN_POINT('',(4.56625698487,67.251262605025));
#8545 = CARTESIAN_POINT('',(4.550304489539,67.187970220561));
#8546 = CARTESIAN_POINT('',(4.522473236627,67.062444685352));
#8547 = CARTESIAN_POINT('',(4.510361864103,67.001988402748));
#8548 = CARTESIAN_POINT('',(4.498687531117,66.938016462108));
#8549 = CARTESIAN_POINT('',(4.487452210111,66.870858525335));
#8550 = CARTESIAN_POINT('',(4.476656743787,66.800817305402));
#8551 = CARTESIAN_POINT('',(4.437617299693,66.526955930548));
#8552 = CARTESIAN_POINT('',(4.412271820989,66.305516100481));
#8553 = CARTESIAN_POINT('',(4.39019430057,66.069109511268));
#8554 = CARTESIAN_POINT('',(4.371310263136,65.821217803659));
#8555 = CARTESIAN_POINT('',(4.355569445952,65.564243458714));
#8556 = CARTESIAN_POINT('',(4.342969358529,65.299867367239));
#8557 = ( GEOMETRIC_REPRESENTATION_CONTEXT(2) 
PARAMETRIC_REPRESENTATION_CONTEXT() REPRESENTATION_CONTEXT('2D SPACE',''
  ) );
#8558 = PCURVE('',#8559,#8564);
#8559 = CYLINDRICAL_SURFACE('',#8560,3.5);
#8560 = AXIS2_PLACEMENT_3D('',#8561,#8562,#8563);
#8561 = CARTESIAN_POINT('',(-59.42250821665,-10.,23.769003286663));
#8562 = DIRECTION('',(0.,1.,-0.));
#8563 = DIRECTION('',(0.,0.,1.));
#8564 = DEFINITIONAL_REPRESENTATION('',(#8565),#8673);
#8565 = B_SPLINE_CURVE_WITH_KNOTS('',6,(#8566,#8567,#8568,#8569,#8570,
    #8571,#8572,#8573,#8574,#8575,#8576,#8577,#8578,#8579,#8580,#8581,
    #8582,#8583,#8584,#8585,#8586,#8587,#8588,#8589,#8590,#8591,#8592,
    #8593,#8594,#8595,#8596,#8597,#8598,#8599,#8600,#8601,#8602,#8603,
    #8604,#8605,#8606,#8607,#8608,#8609,#8610,#8611,#8612,#8613,#8614,
    #8615,#8616,#8617,#8618,#8619,#8620,#8621,#8622,#8623,#8624,#8625,
    #8626,#8627,#8628,#8629,#8630,#8631,#8632,#8633,#8634,#8635,#8636,
    #8637,#8638,#8639,#8640,#8641,#8642,#8643,#8644,#8645,#8646,#8647,
    #8648,#8649,#8650,#8651,#8652,#8653,#8654,#8655,#8656,#8657,#8658,
    #8659,#8660,#8661,#8662,#8663,#8664,#8665,#8666,#8667,#8668,#8669,
    #8670,#8671,#8672),.UNSPECIFIED.,.F.,.F.,(7,5,5,5,5,5,5,5,5,5,5,5,5,
    5,5,5,5,5,5,5,5,7),(0.,6.81941906889E-02,0.132629865062,0.1758293713
    ,0.222633279154,0.254235103806,0.290665874296,0.344584782579,
    0.382549729469,0.414974593877,0.462192401359,0.494070375012,
    0.568029339181,0.632653480148,0.675848779255,0.722648282877,
    0.754247228526,0.790674680073,0.844588676177,0.882550164344,
    0.913706395779,1.),.UNSPECIFIED.);
#8566 = CARTESIAN_POINT('',(0.,18.39283356039));
#8567 = CARTESIAN_POINT('',(6.423534815569E-02,18.360503719854));
#8568 = CARTESIAN_POINT('',(0.127863871146,18.333563023794));
#8569 = CARTESIAN_POINT('',(0.191049942799,18.312797962699));
#8570 = CARTESIAN_POINT('',(0.253947828841,18.29873877955));
#8571 = CARTESIAN_POINT('',(0.316709178838,18.29165696261));
#8572 = CARTESIAN_POINT('',(0.438811669911,18.291473706973));
#8573 = CARTESIAN_POINT('',(0.498115438869,18.297623324144));
#8574 = CARTESIAN_POINT('',(0.557531699347,18.310007821994));
#8575 = CARTESIAN_POINT('',(0.617186765236,18.328413668059));
#8576 = CARTESIAN_POINT('',(0.677208783933,18.352419764567));
#8577 = CARTESIAN_POINT('',(0.778310371115,18.400828584745));
#8578 = CARTESIAN_POINT('',(0.819115332372,18.422494050571));
#8579 = CARTESIAN_POINT('',(0.860209829733,18.446218141668));
#8580 = CARTESIAN_POINT('',(0.901652402299,18.471785944436));
#8581 = CARTESIAN_POINT('',(0.943503679545,18.498943570378));
#8582 = CARTESIAN_POINT('',(1.031691509186,18.558222789723));
#8583 = CARTESIAN_POINT('',(1.078111811432,18.590570058792));
#8584 = CARTESIAN_POINT('',(1.125196446967,18.624075025952));
#8585 = CARTESIAN_POINT('',(1.173049561248,18.658313986343));
#8586 = CARTESIAN_POINT('',(1.22177967641,18.692788616521));
#8587 = CARTESIAN_POINT('',(1.305077200139,18.749952129767));
#8588 = CARTESIAN_POINT('',(1.339112204942,18.772837863594));
#8589 = CARTESIAN_POINT('',(1.373632988666,18.795380333164));
#8590 = CARTESIAN_POINT('',(1.408664276174,18.817371949574));
#8591 = CARTESIAN_POINT('',(1.444233331166,18.838589044495));
#8592 = CARTESIAN_POINT('',(1.522032935834,18.882087302819));
#8593 = CARTESIAN_POINT('',(1.564500883618,18.904063672559));
#8594 = CARTESIAN_POINT('',(1.607709976348,18.924287856482));
#8595 = CARTESIAN_POINT('',(1.651612197819,18.94233546286));
#8596 = CARTESIAN_POINT('',(1.696172942203,18.957815937839));
#8597 = CARTESIAN_POINT('',(1.808254770764,18.989012780357));
#8598 = CARTESIAN_POINT('',(1.876512110357,19.001270282981));
#8599 = CARTESIAN_POINT('',(1.945409668886,19.005910422425));
#8600 = CARTESIAN_POINT('',(2.01434095483,19.002403233972));
#8601 = CARTESIAN_POINT('',(2.082702224437,18.991202343103));
#8602 = CARTESIAN_POINT('',(2.196999336671,18.961041683679));
#8603 = CARTESIAN_POINT('',(2.243553528506,18.945366811343));
#8604 = CARTESIAN_POINT('',(2.289403969849,18.926846953813));
#8605 = CARTESIAN_POINT('',(2.334508379039,18.905921535168));
#8606 = CARTESIAN_POINT('',(2.378808405174,18.883073245245));
#8607 = CARTESIAN_POINT('',(2.45930346388,18.838068606153));
#8608 = CARTESIAN_POINT('',(2.495782946546,18.81627256784));
#8609 = CARTESIAN_POINT('',(2.531696938431,18.793667824104));
#8610 = CARTESIAN_POINT('',(2.567075139607,18.770495330233));
#8611 = CARTESIAN_POINT('',(2.601944477372,18.746978104923));
#8612 = CARTESIAN_POINT('',(2.686406590708,18.688864645617));
#8613 = CARTESIAN_POINT('',(2.735478698903,18.65409508974));
#8614 = CARTESIAN_POINT('',(2.783667387189,18.619607496015));
#8615 = CARTESIAN_POINT('',(2.831083583615,18.585908518208));
#8616 = CARTESIAN_POINT('',(2.877833699037,18.553428258415));
#8617 = CARTESIAN_POINT('',(2.95520788678,18.501677839936));
#8618 = CARTESIAN_POINT('',(2.986135611047,18.481544901435));
#8619 = CARTESIAN_POINT('',(3.016834434997,18.462252704554));
#8620 = CARTESIAN_POINT('',(3.047329929295,18.443905733531));
#8621 = CARTESIAN_POINT('',(3.077647005993,18.426596766629));
#8622 = CARTESIAN_POINT('',(3.177794032872,18.372847001401));
#8623 = CARTESIAN_POINT('',(3.246985009403,18.341296183957));
#8624 = CARTESIAN_POINT('',(3.315601527184,18.316838866999));
#8625 = CARTESIAN_POINT('',(3.383844789187,18.300206532809));
#8626 = CARTESIAN_POINT('',(3.451911750014,18.291775667666));
#8627 = CARTESIAN_POINT('',(3.579507668315,18.291381312971));
#8628 = CARTESIAN_POINT('',(3.638989372977,18.297473848314));
#8629 = CARTESIAN_POINT('',(3.698583177315,18.309840988744));
#8630 = CARTESIAN_POINT('',(3.758416472897,18.328268539856));
#8631 = CARTESIAN_POINT('',(3.818618498907,18.35233217106));
#8632 = CARTESIAN_POINT('',(3.919903024705,18.400828584745));
#8633 = CARTESIAN_POINT('',(3.960707985962,18.422494050571));
#8634 = CARTESIAN_POINT('',(4.001802483322,18.446218141668));
#8635 = CARTESIAN_POINT('',(4.043245055889,18.471785944436));
#8636 = CARTESIAN_POINT('',(4.085096333135,18.498943570378));
#8637 = CARTESIAN_POINT('',(4.173284313611,18.558222891113));
#8638 = CARTESIAN_POINT('',(4.219704775772,18.590570272849));
#8639 = CARTESIAN_POINT('',(4.266789470444,18.624075290879));
#8640 = CARTESIAN_POINT('',(4.314642517228,18.658314206994));
#8641 = CARTESIAN_POINT('',(4.363372479054,18.69278871881));
#8642 = CARTESIAN_POINT('',(4.446669853727,18.749952129766));
#8643 = CARTESIAN_POINT('',(4.480704858532,18.772837863594));
#8644 = CARTESIAN_POINT('',(4.515225642258,18.795380333166));
#8645 = CARTESIAN_POINT('',(4.550256929765,18.817371949575));
#8646 = CARTESIAN_POINT('',(4.585825984753,18.838589044493));
#8647 = CARTESIAN_POINT('',(4.663625589412,18.882087302812));
#8648 = CARTESIAN_POINT('',(4.706093537212,18.904063672563));
#8649 = CARTESIAN_POINT('',(4.749302629951,18.924287856488));
#8650 = CARTESIAN_POINT('',(4.793204851413,18.942335462859));
#8651 = CARTESIAN_POINT('',(4.837765595778,18.957815937835));
#8652 = CARTESIAN_POINT('',(4.949847424354,18.989012780357));
#8653 = CARTESIAN_POINT('',(5.018104763946,19.001270282981));
#8654 = CARTESIAN_POINT('',(5.087002322475,19.005910422425));
#8655 = CARTESIAN_POINT('',(5.15593360842,19.002403233972));
#8656 = CARTESIAN_POINT('',(5.224294878027,18.991202343103));
#8657 = CARTESIAN_POINT('',(5.338591990261,18.961041683679));
#8658 = CARTESIAN_POINT('',(5.385146182096,18.945366811343));
#8659 = CARTESIAN_POINT('',(5.430996623439,18.926846953813));
#8660 = CARTESIAN_POINT('',(5.476101032629,18.905921535168));
#8661 = CARTESIAN_POINT('',(5.520401058764,18.883073245245));
#8662 = CARTESIAN_POINT('',(5.599448604209,18.838877908152));
#8663 = CARTESIAN_POINT('',(5.634527400662,18.817972197372));
#8664 = CARTESIAN_POINT('',(5.669083057436,18.796310157986));
#8665 = CARTESIAN_POINT('',(5.703141597145,18.774106487941));
#8666 = CARTESIAN_POINT('',(5.736726623897,18.751560741375));
#8667 = CARTESIAN_POINT('',(5.861634427446,18.665966442785));
#8668 = CARTESIAN_POINT('',(5.950057230382,18.601777916942));
#8669 = CARTESIAN_POINT('',(6.035840778545,18.539993700829));
#8670 = CARTESIAN_POINT('',(6.119576157368,18.48333370119));
#8671 = CARTESIAN_POINT('',(6.201830517256,18.433779666555));
#8672 = CARTESIAN_POINT('',(6.28318530718,18.39283356039));
#8673 = ( GEOMETRIC_REPRESENTATION_CONTEXT(2) 
PARAMETRIC_REPRESENTATION_CONTEXT() REPRESENTATION_CONTEXT('2D SPACE',''
  ) );
#8674 = FACE_BOUND('',#8675,.T.);
#8675 = EDGE_LOOP('',(#8676));
#8676 = ORIENTED_EDGE('',*,*,#8677,.T.);
#8677 = EDGE_CURVE('',#8678,#8678,#8680,.T.);
#8678 = VERTEX_POINT('',#8679);
#8679 = CARTESIAN_POINT('',(-59.42250821665,-8.39283356039,
    27.269003286663));
#8680 = SURFACE_CURVE('',#8681,(#8789,#8900),.PCURVE_S1.);
#8681 = B_SPLINE_CURVE_WITH_KNOTS('',6,(#8682,#8683,#8684,#8685,#8686,
    #8687,#8688,#8689,#8690,#8691,#8692,#8693,#8694,#8695,#8696,#8697,
    #8698,#8699,#8700,#8701,#8702,#8703,#8704,#8705,#8706,#8707,#8708,
    #8709,#8710,#8711,#8712,#8713,#8714,#8715,#8716,#8717,#8718,#8719,
    #8720,#8721,#8722,#8723,#8724,#8725,#8726,#8727,#8728,#8729,#8730,
    #8731,#8732,#8733,#8734,#8735,#8736,#8737,#8738,#8739,#8740,#8741,
    #8742,#8743,#8744,#8745,#8746,#8747,#8748,#8749,#8750,#8751,#8752,
    #8753,#8754,#8755,#8756,#8757,#8758,#8759,#8760,#8761,#8762,#8763,
    #8764,#8765,#8766,#8767,#8768,#8769,#8770,#8771,#8772,#8773,#8774,
    #8775,#8776,#8777,#8778,#8779,#8780,#8781,#8782,#8783,#8784,#8785,
    #8786,#8787,#8788),.UNSPECIFIED.,.T.,.F.,(7,5,5,5,5,5,5,5,5,5,5,5,5,
    5,5,5,5,5,5,5,5,7),(0.,6.819418840989E-02,0.132629861231,
    0.175829367962,0.222633274715,0.254235099816,0.290665870816,
    0.344584779846,0.382549727263,0.414974592117,0.462192398444,
    0.494070372483,0.568029332806,0.632653476702,0.675848776216,
    0.722648280279,0.754247226226,0.790674678115,0.844588674728,
    0.882550163252,0.913706394978,1.),.UNSPECIFIED.);
#8682 = CARTESIAN_POINT('',(-59.42250821665,-8.39283356039,
    27.269003286663));
#8683 = CARTESIAN_POINT('',(-59.19768450825,-8.360503721312,
    27.269003286663));
#8684 = CARTESIAN_POINT('',(-58.97498496301,-8.333563022457,
    27.251673205469));
#8685 = CARTESIAN_POINT('',(-58.75550252363,-8.312797962023,
    27.21762758932));
#8686 = CARTESIAN_POINT('',(-58.54021309461,-8.298738780569,
    27.167388224864));
#8687 = CARTESIAN_POINT('',(-58.33004404722,-8.291656962606,
    27.101390624163));
#8688 = CARTESIAN_POINT('',(-57.93309042468,-8.291473706976,
    26.943076754035));
#8689 = CARTESIAN_POINT('',(-57.74576971998,-8.297623324857,
    26.852457112493));
#8690 = CARTESIAN_POINT('',(-57.56477406044,-8.310007821515,
    26.748466157135));
#8691 = CARTESIAN_POINT('',(-57.39092703683,-8.32841366712,
    26.631384414807));
#8692 = CARTESIAN_POINT('',(-57.22512265771,-8.352419765596,
    26.501469363175));
#8693 = CARTESIAN_POINT('',(-56.96327125703,-8.400828584745,
    26.263461815935));
#8694 = CARTESIAN_POINT('',(-56.86223817122,-8.422494050571,
    26.162283934206));
#8695 = CARTESIAN_POINT('',(-56.76551691166,-8.446218141668,
    26.055481953438));
#8696 = CARTESIAN_POINT('',(-56.67340552173,-8.471785944436,
    25.943083240156));
#8697 = CARTESIAN_POINT('',(-56.58625045072,-8.498943570378,
    25.825113640312));
#8698 = CARTESIAN_POINT('',(-56.41581914129,-8.558222788646,
    25.567776200001));
#8699 = CARTESIAN_POINT('',(-56.33347180113,-8.590570060669,
    25.427441256998));
#8700 = CARTESIAN_POINT('',(-56.25787862405,-8.62407502585,
    25.280574529055));
#8701 = CARTESIAN_POINT('',(-56.18962260625,-8.658313984415,
    25.127167232313));
#8702 = CARTESIAN_POINT('',(-56.12941265275,-8.692788617811,
    24.967255966279));
#8703 = CARTESIAN_POINT('',(-56.0434533429,-8.749952129766,
    24.68867502277));
#8704 = CARTESIAN_POINT('',(-56.01285434112,-8.772837863594,
    24.573452188933));
#8705 = CARTESIAN_POINT('',(-55.98658159452,-8.795380333166,
    24.455364856667));
#8706 = CARTESIAN_POINT('',(-55.96493366737,-8.817371949575,
    24.334513609965));
#8707 = CARTESIAN_POINT('',(-55.94822921553,-8.838589044493,
    24.211025899603));
#8708 = CARTESIAN_POINT('',(-55.92364034531,-8.882087302816,
    23.939839757043));
#8709 = CARTESIAN_POINT('',(-55.91747821606,-8.904063672561,
    23.791150800438));
#8710 = CARTESIAN_POINT('',(-55.91890963293,-8.924287856485,
    23.639626558918));
#8711 = CARTESIAN_POINT('',(-55.92843028368,-8.94233546286,
    23.485935618827));
#8712 = CARTESIAN_POINT('',(-55.94644999066,-8.957815937838,
    23.330780324844));
#8713 = CARTESIAN_POINT('',(-56.01303837831,-8.989012780357,
    22.94418673172));
#8714 = CARTESIAN_POINT('',(-56.07210864906,-9.001270282981,
    22.711942365303));
#8715 = CARTESIAN_POINT('',(-56.15117921633,-9.005910422425,
    22.482783571186));
#8716 = CARTESIAN_POINT('',(-56.24937782913,-9.002403233972,
    22.261013712324));
#8717 = CARTESIAN_POINT('',(-56.36448117179,-8.991202343103,
    22.050405588088));
#8718 = CARTESIAN_POINT('',(-56.58337026708,-8.961041683679,
    21.71556311795));
#8719 = CARTESIAN_POINT('',(-56.68036627903,-8.945366811343,
    21.584304624848));
#8720 = CARTESIAN_POINT('',(-56.78307344677,-8.926846953813,
    21.460514149483));
#8721 = CARTESIAN_POINT('',(-56.89060435657,-8.905921535168,
    21.344470457201));
#8722 = CARTESIAN_POINT('',(-57.0020200733,-8.883073245245,
    21.236351126059));
#8723 = CARTESIAN_POINT('',(-57.21394551283,-8.838068606155,
    21.050714584924));
#8724 = CARTESIAN_POINT('',(-57.31379264937,-8.81627256784,
    20.970929894441));
#8725 = CARTESIAN_POINT('',(-57.41548381544,-8.793667824102,
    20.896741176317));
#8726 = CARTESIAN_POINT('',(-57.51867681573,-8.770495330232,
    20.828009699618));
#8727 = CARTESIAN_POINT('',(-57.62306624679,-8.746978104924,
    20.764590897706));
#8728 = CARTESIAN_POINT('',(-57.881745678,-8.688864646932,
    20.621501439186));
#8729 = CARTESIAN_POINT('',(-58.03713457623,-8.654095087736,
    20.547582919625));
#8730 = CARTESIAN_POINT('',(-58.19384180814,-8.619607495924,
    20.484066586424));
#8731 = CARTESIAN_POINT('',(-58.35132255975,-8.585908520165,
    20.430481171639));
#8732 = CARTESIAN_POINT('',(-58.50915660443,-8.553428257287,
    20.386411901407));
#8733 = CARTESIAN_POINT('',(-58.77358194676,-8.501677839936,
    20.327955887898));
#8734 = CARTESIAN_POINT('',(-58.88015866284,-8.481544901435,
    20.308578016458));
#8735 = CARTESIAN_POINT('',(-58.9866211146,-8.462252704554,
    20.293279546563));
#8736 = CARTESIAN_POINT('',(-59.0928609934,-8.443905733531,
    20.281969079801));
#8737 = CARTESIAN_POINT('',(-59.19878117136,-8.426596766629,
    20.274565962773));
#8738 = CARTESIAN_POINT('',(-59.54909576731,-8.372847003806,
    20.26272731736));
#8739 = CARTESIAN_POINT('',(-59.79182022776,-8.341296181744,
    20.275106417642));
#8740 = CARTESIAN_POINT('',(-60.03104480541,-8.316838865886,
    20.307311526385));
#8741 = CARTESIAN_POINT('',(-60.26552754989,-8.300206534497,
    20.35865339687));
#8742 = CARTESIAN_POINT('',(-60.49410268419,-8.291775667653,
    20.428570946786));
#8743 = CARTESIAN_POINT('',(-60.90909316247,-8.291381312965,
    20.593560935512));
#8744 = CARTESIAN_POINT('',(-61.09705686916,-8.297473847594,
    20.684292234243));
#8745 = CARTESIAN_POINT('',(-61.27866504056,-8.309840989232,
    20.788478587375));
#8746 = CARTESIAN_POINT('',(-61.45308673933,-8.328268540806,
    20.905836679924));
#8747 = CARTESIAN_POINT('',(-61.61941995646,-8.352332170017,
    21.036106536374));
#8748 = CARTESIAN_POINT('',(-61.88174517627,-8.400828584745,
    21.274544757391));
#8749 = CARTESIAN_POINT('',(-61.98277826209,-8.422494050571,
    21.375722639119));
#8750 = CARTESIAN_POINT('',(-62.07949952164,-8.446218141668,
    21.482524619888));
#8751 = CARTESIAN_POINT('',(-62.17161091158,-8.471785944436,
    21.59492333317));
#8752 = CARTESIAN_POINT('',(-62.25876598258,-8.498943570378,
    21.712892933013));
#8753 = CARTESIAN_POINT('',(-62.42919758662,-8.558222891113,
    21.970230818146));
#8754 = CARTESIAN_POINT('',(-62.5115451904,-8.590570272849,
    22.110566274053));
#8755 = CARTESIAN_POINT('',(-62.58713836657,-8.624075290879,
    22.257433210541));
#8756 = CARTESIAN_POINT('',(-62.65539419051,-8.658314206994,
    22.410840313127));
#8757 = CARTESIAN_POINT('',(-62.71560393243,-8.69278871881,
    22.570751099258));
#8758 = CARTESIAN_POINT('',(-62.80156309041,-8.749952129766,
    22.849331550555));
#8759 = CARTESIAN_POINT('',(-62.83216209218,-8.772837863594,
    22.964554384392));
#8760 = CARTESIAN_POINT('',(-62.85843483878,-8.795380333166,
    23.082641716658));
#8761 = CARTESIAN_POINT('',(-62.88008276594,-8.817371949575,
    23.203492963361));
#8762 = CARTESIAN_POINT('',(-62.89678721778,-8.838589044493,
    23.326980673723));
#8763 = CARTESIAN_POINT('',(-62.92137608799,-8.882087302812,
    23.598166816258));
#8764 = CARTESIAN_POINT('',(-62.92753821725,-8.904063672563,
    23.746855772894));
#8765 = CARTESIAN_POINT('',(-62.92610680037,-8.924287856488,
    23.898380014433));
#8766 = CARTESIAN_POINT('',(-62.91658614962,-8.942335462859,
    24.052070954505));
#8767 = CARTESIAN_POINT('',(-62.89856644265,-8.957815937835,
    24.207226248453));
#8768 = CARTESIAN_POINT('',(-62.83197805499,-8.989012780357,
    24.593819841606));
#8769 = CARTESIAN_POINT('',(-62.77290778425,-9.001270282981,
    24.826064208023));
#8770 = CARTESIAN_POINT('',(-62.69383721697,-9.005910422425,
    25.055223002139));
#8771 = CARTESIAN_POINT('',(-62.59563860418,-9.002403233972,
    25.276992861002));
#8772 = CARTESIAN_POINT('',(-62.48053526152,-8.991202343103,
    25.487600985238));
#8773 = CARTESIAN_POINT('',(-62.26164616622,-8.961041683679,
    25.822443455375));
#8774 = CARTESIAN_POINT('',(-62.16465015427,-8.945366811343,
    25.953701948477));
#8775 = CARTESIAN_POINT('',(-62.06194298653,-8.926846953813,
    26.077492423842));
#8776 = CARTESIAN_POINT('',(-61.95441207673,-8.905921535168,
    26.193536116124));
#8777 = CARTESIAN_POINT('',(-61.84299636,-8.883073245245,26.301655447266
    ));
#8778 = CARTESIAN_POINT('',(-61.6348818983,-8.838877908153,
    26.483953754239));
#8779 = CARTESIAN_POINT('',(-61.53901370361,-8.817972197372,
    26.560840718213));
#8780 = CARTESIAN_POINT('',(-61.44142782082,-8.796310157985,
    26.632555703497));
#8781 = CARTESIAN_POINT('',(-61.34243062343,-8.77410648794,
    26.699220418166));
#8782 = CARTESIAN_POINT('',(-61.24229727842,-8.751560741376,
    26.760962024379));
#8783 = CARTESIAN_POINT('',(-60.86146470699,-8.665966442785,
    26.975649134002));
#8784 = CARTESIAN_POINT('',(-60.5745016373,-8.601777916942,
    27.096811818337));
#8785 = CARTESIAN_POINT('',(-60.28482664721,-8.539993700829,
    27.184455071362));
#8786 = CARTESIAN_POINT('',(-59.99513893326,-8.48333370119,
    27.241205506348));
#8787 = CARTESIAN_POINT('',(-59.70724998138,-8.433779666555,
    27.269003286663));
#8788 = CARTESIAN_POINT('',(-59.42250821665,-8.39283356039,
    27.269003286663));
#8789 = PCURVE('',#7527,#8790);
#8790 = DEFINITIONAL_REPRESENTATION('',(#8791),#8899);
#8791 = B_SPLINE_CURVE_WITH_KNOTS('',6,(#8792,#8793,#8794,#8795,#8796,
    #8797,#8798,#8799,#8800,#8801,#8802,#8803,#8804,#8805,#8806,#8807,
    #8808,#8809,#8810,#8811,#8812,#8813,#8814,#8815,#8816,#8817,#8818,
    #8819,#8820,#8821,#8822,#8823,#8824,#8825,#8826,#8827,#8828,#8829,
    #8830,#8831,#8832,#8833,#8834,#8835,#8836,#8837,#8838,#8839,#8840,
    #8841,#8842,#8843,#8844,#8845,#8846,#8847,#8848,#8849,#8850,#8851,
    #8852,#8853,#8854,#8855,#8856,#8857,#8858,#8859,#8860,#8861,#8862,
    #8863,#8864,#8865,#8866,#8867,#8868,#8869,#8870,#8871,#8872,#8873,
    #8874,#8875,#8876,#8877,#8878,#8879,#8880,#8881,#8882,#8883,#8884,
    #8885,#8886,#8887,#8888,#8889,#8890,#8891,#8892,#8893,#8894,#8895,
    #8896,#8897,#8898),.UNSPECIFIED.,.T.,.F.,(7,5,5,5,5,5,5,5,5,5,5,5,5,
    5,5,5,5,5,5,5,5,7),(0.,6.819418840989E-02,0.132629861231,
    0.175829367962,0.222633274715,0.254235099816,0.290665870816,
    0.344584779846,0.382549727263,0.414974592117,0.462192398444,
    0.494070372483,0.568029332806,0.632653476702,0.675848776216,
    0.722648280279,0.754247226226,0.790674678115,0.844588674728,
    0.882550163252,0.913706394978,1.),.UNSPECIFIED.);
#8792 = CARTESIAN_POINT('',(1.940215948651,65.299867367239));
#8793 = CARTESIAN_POINT('',(1.950164606458,65.091123794427));
#8794 = CARTESIAN_POINT('',(1.958148149226,64.877916227032));
#8795 = CARTESIAN_POINT('',(1.964153554048,64.661487673593));
#8796 = CARTESIAN_POINT('',(1.96817104996,64.442938025408));
#8797 = CARTESIAN_POINT('',(1.970194427599,64.223290070205));
#8798 = CARTESIAN_POINT('',(1.970246786378,63.795931589013));
#8799 = CARTESIAN_POINT('',(1.968489746669,63.588353391011));
#8800 = CARTESIAN_POINT('',(1.964951804822,63.381681868733));
#8801 = CARTESIAN_POINT('',(1.959637977998,63.176785892057));
#8802 = CARTESIAN_POINT('',(1.952556500508,62.974591151903));
#8803 = CARTESIAN_POINT('',(1.937793418414,62.643074445955));
#8804 = CARTESIAN_POINT('',(1.931078503035,62.51169105884));
#8805 = CARTESIAN_POINT('',(1.923573831559,62.382222363954));
#8806 = CARTESIAN_POINT('',(1.915278450665,62.254955251289));
#8807 = CARTESIAN_POINT('',(1.906189978232,62.130220989894));
#8808 = CARTESIAN_POINT('',(1.885593396134,61.876406765676));
#8809 = CARTESIAN_POINT('',(1.873946424303,61.747830090391));
#8810 = CARTESIAN_POINT('',(1.861353521466,61.623098654056));
#8811 = CARTESIAN_POINT('',(1.847802053182,61.502750492817));
#8812 = CARTESIAN_POINT('',(1.833278281021,61.387457401185));
#8813 = CARTESIAN_POINT('',(1.807297564812,61.204183820594));
#8814 = CARTESIAN_POINT('',(1.796374112373,61.13298067449));
#8815 = CARTESIAN_POINT('',(1.784998262558,61.064730507469));
#8816 = CARTESIAN_POINT('',(1.773170809894,60.999747885449));
#8817 = CARTESIAN_POINT('',(1.760893734233,60.938376007007));
#8818 = CARTESIAN_POINT('',(1.733501978252,60.814829809256));
#8819 = CARTESIAN_POINT('',(1.71822271989,60.753886723716));
#8820 = CARTESIAN_POINT('',(1.7023758403,60.698941070376));
#8821 = CARTESIAN_POINT('',(1.686009236607,60.650701390486));
#8822 = CARTESIAN_POINT('',(1.669174903959,60.609809038824));
#8823 = CARTESIAN_POINT('',(1.626403828518,60.528057548615));
#8824 = CARTESIAN_POINT('',(1.599983388962,60.496649525804));
#8825 = CARTESIAN_POINT('',(1.573096540874,60.484957264913));
#8826 = CARTESIAN_POINT('',(1.54618489538,60.493769130095));
#8827 = CARTESIAN_POINT('',(1.519690365916,60.522422007092));
#8828 = CARTESIAN_POINT('',(1.475985385589,60.601298058503));
#8829 = CARTESIAN_POINT('',(1.458359747172,60.64260841418));
#8830 = CARTESIAN_POINT('',(1.441232376368,60.69199499704));
#8831 = CARTESIAN_POINT('',(1.42466433128,60.748737394975));
#8832 = CARTESIAN_POINT('',(1.408711835949,60.812029779439));
#8833 = CARTESIAN_POINT('',(1.380370939033,60.939853929682));
#8834 = CARTESIAN_POINT('',(1.367786243192,61.00292837845));
#8835 = CARTESIAN_POINT('',(1.355675032055,61.069793257607));
#8836 = CARTESIAN_POINT('',(1.344039281586,61.14007932342));
#8837 = CARTESIAN_POINT('',(1.332879675899,61.213449325199));
#8838 = CARTESIAN_POINT('',(1.306636640278,61.40048505671));
#8839 = CARTESIAN_POINT('',(1.292079676296,61.517307377765));
#8840 = CARTESIAN_POINT('',(1.278511105035,61.639217015937));
#8841 = CARTESIAN_POINT('',(1.265916903551,61.765533099634));
#8842 = CARTESIAN_POINT('',(1.254284297747,61.895711415072));
#8843 = CARTESIAN_POINT('',(1.236392889136,62.119514163509));
#8844 = CARTESIAN_POINT('',(1.229616269229,62.211271399401));
#8845 = CARTESIAN_POINT('',(1.223271986181,62.304437595229));
#8846 = CARTESIAN_POINT('',(1.217358798051,62.398878244438));
#8847 = CARTESIAN_POINT('',(1.211875922394,62.494473212129));
#8848 = CARTESIAN_POINT('',(1.195099626736,62.815335386423));
#8849 = CARTESIAN_POINT('',(1.185684948649,63.045296872678));
#8850 = CARTESIAN_POINT('',(1.178594645718,63.279371994033));
#8851 = CARTESIAN_POINT('',(1.173840957722,63.516151648707));
#8852 = CARTESIAN_POINT('',(1.171432141837,63.754345059166));
#8853 = CARTESIAN_POINT('',(1.171319468822,64.200929788697));
#8854 = CARTESIAN_POINT('',(1.173060208149,64.409146467494));
#8855 = CARTESIAN_POINT('',(1.176592687672,64.616459261671));
#8856 = CARTESIAN_POINT('',(1.181911867661,64.821991444728));
#8857 = CARTESIAN_POINT('',(1.189009439339,65.024808969844));
#8858 = CARTESIAN_POINT('',(1.203799235176,65.356925554044));
#8859 = CARTESIAN_POINT('',(1.210514150554,65.48830894116));
#8860 = CARTESIAN_POINT('',(1.218018822031,65.617777636046));
#8861 = CARTESIAN_POINT('',(1.226314202925,65.74504474871));
#8862 = CARTESIAN_POINT('',(1.235402675357,65.869779010106));
#8863 = CARTESIAN_POINT('',(1.255999293058,66.123593673055));
#8864 = CARTESIAN_POINT('',(1.267646307744,66.252170783603));
#8865 = CARTESIAN_POINT('',(1.280239233966,66.376902296544));
#8866 = CARTESIAN_POINT('',(1.293790690344,66.497250205674));
#8867 = CARTESIAN_POINT('',(1.308314418473,66.612542922633));
#8868 = CARTESIAN_POINT('',(1.334295088777,66.795816179406));
#8869 = CARTESIAN_POINT('',(1.345218541216,66.86701932551));
#8870 = CARTESIAN_POINT('',(1.356594391032,66.935269492531));
#8871 = CARTESIAN_POINT('',(1.368421843696,67.000252114552));
#8872 = CARTESIAN_POINT('',(1.380698919357,67.061623992993));
#8873 = CARTESIAN_POINT('',(1.408090675336,67.185170190733));
#8874 = CARTESIAN_POINT('',(1.4233699337,67.24611327629));
#8875 = CARTESIAN_POINT('',(1.439216813293,67.301058929632));
#8876 = CARTESIAN_POINT('',(1.455583416983,67.349298609513));
#8877 = CARTESIAN_POINT('',(1.472417749627,67.39019096117));
#8878 = CARTESIAN_POINT('',(1.515188825072,67.471942451385));
#8879 = CARTESIAN_POINT('',(1.541609264628,67.503350474196));
#8880 = CARTESIAN_POINT('',(1.568496112716,67.515042735087));
#8881 = CARTESIAN_POINT('',(1.59540775821,67.506230869905));
#8882 = CARTESIAN_POINT('',(1.621902287674,67.477577992908));
#8883 = CARTESIAN_POINT('',(1.665607268001,67.398701941497));
#8884 = CARTESIAN_POINT('',(1.683232906418,67.35739158582));
#8885 = CARTESIAN_POINT('',(1.700360277221,67.30800500296));
#8886 = CARTESIAN_POINT('',(1.71692832231,67.251262605025));
#8887 = CARTESIAN_POINT('',(1.732880817641,67.187970220561));
#8888 = CARTESIAN_POINT('',(1.760712070552,67.062444685357));
#8889 = CARTESIAN_POINT('',(1.772823443077,67.001988402748));
#8890 = CARTESIAN_POINT('',(1.784497776063,66.938016462103));
#8891 = CARTESIAN_POINT('',(1.795733097069,66.870858525333));
#8892 = CARTESIAN_POINT('',(1.806528563392,66.800817305407));
#8893 = CARTESIAN_POINT('',(1.845568007487,66.526955930548));
#8894 = CARTESIAN_POINT('',(1.870913486191,66.305516100481));
#8895 = CARTESIAN_POINT('',(1.89299100661,66.069109511268));
#8896 = CARTESIAN_POINT('',(1.911875044043,65.82121780366));
#8897 = CARTESIAN_POINT('',(1.927615861227,65.564243458714));
#8898 = CARTESIAN_POINT('',(1.940215948651,65.299867367239));
#8899 = ( GEOMETRIC_REPRESENTATION_CONTEXT(2) 
PARAMETRIC_REPRESENTATION_CONTEXT() REPRESENTATION_CONTEXT('2D SPACE',''
  ) );
#8900 = PCURVE('',#8559,#8901);
#8901 = DEFINITIONAL_REPRESENTATION('',(#8902),#9010);
#8902 = B_SPLINE_CURVE_WITH_KNOTS('',6,(#8903,#8904,#8905,#8906,#8907,
    #8908,#8909,#8910,#8911,#8912,#8913,#8914,#8915,#8916,#8917,#8918,
    #8919,#8920,#8921,#8922,#8923,#8924,#8925,#8926,#8927,#8928,#8929,
    #8930,#8931,#8932,#8933,#8934,#8935,#8936,#8937,#8938,#8939,#8940,
    #8941,#8942,#8943,#8944,#8945,#8946,#8947,#8948,#8949,#8950,#8951,
    #8952,#8953,#8954,#8955,#8956,#8957,#8958,#8959,#8960,#8961,#8962,
    #8963,#8964,#8965,#8966,#8967,#8968,#8969,#8970,#8971,#8972,#8973,
    #8974,#8975,#8976,#8977,#8978,#8979,#8980,#8981,#8982,#8983,#8984,
    #8985,#8986,#8987,#8988,#8989,#8990,#8991,#8992,#8993,#8994,#8995,
    #8996,#8997,#8998,#8999,#9000,#9001,#9002,#9003,#9004,#9005,#9006,
    #9007,#9008,#9009),.UNSPECIFIED.,.F.,.F.,(7,5,5,5,5,5,5,5,5,5,5,5,5,
    5,5,5,5,5,5,5,5,7),(0.,6.819418840989E-02,0.132629861231,
    0.175829367962,0.222633274715,0.254235099816,0.290665870816,
    0.344584779846,0.382549727263,0.414974592117,0.462192398444,
    0.494070372483,0.568029332806,0.632653476702,0.675848776216,
    0.722648280279,0.754247226226,0.790674678115,0.844588674728,
    0.882550163252,0.913706394978,1.),.UNSPECIFIED.);
#8903 = CARTESIAN_POINT('',(0.,1.60716643961));
#8904 = CARTESIAN_POINT('',(6.423534525851E-02,1.639496278688));
#8905 = CARTESIAN_POINT('',(0.127863875725,1.666436977543));
#8906 = CARTESIAN_POINT('',(0.19104994285,1.687202037977));
#8907 = CARTESIAN_POINT('',(0.253947824287,1.701261219431));
#8908 = CARTESIAN_POINT('',(0.316709181628,1.708343037394));
#8909 = CARTESIAN_POINT('',(0.438811667828,1.708526293024));
#8910 = CARTESIAN_POINT('',(0.498115442258,1.702376675143));
#8911 = CARTESIAN_POINT('',(0.557531699315,1.689992178485));
#8912 = CARTESIAN_POINT('',(0.617186761832,1.67158633288));
#8913 = CARTESIAN_POINT('',(0.677208786082,1.647580234404));
#8914 = CARTESIAN_POINT('',(0.778310371115,1.599171415255));
#8915 = CARTESIAN_POINT('',(0.819115332372,1.577505949429));
#8916 = CARTESIAN_POINT('',(0.860209829733,1.553781858332));
#8917 = CARTESIAN_POINT('',(0.901652402299,1.528214055564));
#8918 = CARTESIAN_POINT('',(0.943503679545,1.501056429622));
#8919 = CARTESIAN_POINT('',(1.031691507584,1.441777211354));
#8920 = CARTESIAN_POINT('',(1.078111814181,1.409429939331));
#8921 = CARTESIAN_POINT('',(1.125196446833,1.37592497415));
#8922 = CARTESIAN_POINT('',(1.173049558433,1.341686015585));
#8923 = CARTESIAN_POINT('',(1.22177967829,1.307211382189));
#8924 = CARTESIAN_POINT('',(1.305077200137,1.250047870234));
#8925 = CARTESIAN_POINT('',(1.339112204943,1.227162136406));
#8926 = CARTESIAN_POINT('',(1.373632988669,1.204619666834));
#8927 = CARTESIAN_POINT('',(1.408664276175,1.182628050425));
#8928 = CARTESIAN_POINT('',(1.444233331163,1.161410955507));
#8929 = CARTESIAN_POINT('',(1.522032935829,1.117912697184));
#8930 = CARTESIAN_POINT('',(1.56450088362,1.095936327439));
#8931 = CARTESIAN_POINT('',(1.607709976354,1.075712143515));
#8932 = CARTESIAN_POINT('',(1.651612197821,1.05766453714));
#8933 = CARTESIAN_POINT('',(1.696172942196,1.042184062162));
#8934 = CARTESIAN_POINT('',(1.808254770764,1.010987219643));
#8935 = CARTESIAN_POINT('',(1.876512110357,0.998729717019));
#8936 = CARTESIAN_POINT('',(1.945409668886,0.994089577575));
#8937 = CARTESIAN_POINT('',(2.01434095483,0.997596766028));
#8938 = CARTESIAN_POINT('',(2.082702224437,1.008797656897));
#8939 = CARTESIAN_POINT('',(2.196999336671,1.038958316321));
#8940 = CARTESIAN_POINT('',(2.243553528506,1.054633188657));
#8941 = CARTESIAN_POINT('',(2.289403969849,1.073153046187));
#8942 = CARTESIAN_POINT('',(2.334508379039,1.094078464832));
#8943 = CARTESIAN_POINT('',(2.378808405174,1.116926754755));
#8944 = CARTESIAN_POINT('',(2.459303463877,1.161931393845));
#8945 = CARTESIAN_POINT('',(2.495782946547,1.18372743216));
#8946 = CARTESIAN_POINT('',(2.531696938434,1.206332175898));
#8947 = CARTESIAN_POINT('',(2.567075139608,1.229504669768));
#8948 = CARTESIAN_POINT('',(2.601944477369,1.253021895076));
#8949 = CARTESIAN_POINT('',(2.686406588797,1.311135353068));
#8950 = CARTESIAN_POINT('',(2.73547870183,1.345904912264));
#8951 = CARTESIAN_POINT('',(2.7836673873,1.380392504076));
#8952 = CARTESIAN_POINT('',(2.831083580746,1.414091479835));
#8953 = CARTESIAN_POINT('',(2.877833700724,1.446571742713));
#8954 = CARTESIAN_POINT('',(2.95520788678,1.498322160064));
#8955 = CARTESIAN_POINT('',(2.986135611047,1.518455098565));
#8956 = CARTESIAN_POINT('',(3.016834434997,1.537747295446));
#8957 = CARTESIAN_POINT('',(3.047329929295,1.556094266469));
#8958 = CARTESIAN_POINT('',(3.077647005993,1.573403233371));
#8959 = CARTESIAN_POINT('',(3.17779402839,1.627152996194));
#8960 = CARTESIAN_POINT('',(3.246985016438,1.658703818256));
#8961 = CARTESIAN_POINT('',(3.315601527312,1.683161134114));
#8962 = CARTESIAN_POINT('',(3.383844782214,1.699793465503));
#8963 = CARTESIAN_POINT('',(3.451911754222,1.708224332347));
#8964 = CARTESIAN_POINT('',(3.579507670428,1.708618687035));
#8965 = CARTESIAN_POINT('',(3.638989369541,1.702526152406));
#8966 = CARTESIAN_POINT('',(3.698583177347,1.690159010768));
#8967 = CARTESIAN_POINT('',(3.75841647635,1.671731459194));
#8968 = CARTESIAN_POINT('',(3.818618496728,1.647667829983));
#8969 = CARTESIAN_POINT('',(3.919903024705,1.599171415255));
#8970 = CARTESIAN_POINT('',(3.960707985962,1.577505949429));
#8971 = CARTESIAN_POINT('',(4.001802483322,1.553781858332));
#8972 = CARTESIAN_POINT('',(4.043245055889,1.528214055564));
#8973 = CARTESIAN_POINT('',(4.085096333135,1.501056429622));
#8974 = CARTESIAN_POINT('',(4.173284313611,1.441777108887));
#8975 = CARTESIAN_POINT('',(4.219704775772,1.409429727151));
#8976 = CARTESIAN_POINT('',(4.266789470444,1.375924709121));
#8977 = CARTESIAN_POINT('',(4.314642517228,1.341685793006));
#8978 = CARTESIAN_POINT('',(4.363372479054,1.30721128119));
#8979 = CARTESIAN_POINT('',(4.446669853727,1.250047870234));
#8980 = CARTESIAN_POINT('',(4.480704858532,1.227162136406));
#8981 = CARTESIAN_POINT('',(4.515225642258,1.204619666834));
#8982 = CARTESIAN_POINT('',(4.550256929765,1.182628050425));
#8983 = CARTESIAN_POINT('',(4.585825984753,1.161410955507));
#8984 = CARTESIAN_POINT('',(4.663625589412,1.117912697188));
#8985 = CARTESIAN_POINT('',(4.706093537212,1.095936327437));
#8986 = CARTESIAN_POINT('',(4.749302629951,1.075712143512));
#8987 = CARTESIAN_POINT('',(4.793204851413,1.057664537141));
#8988 = CARTESIAN_POINT('',(4.837765595778,1.042184062165));
#8989 = CARTESIAN_POINT('',(4.949847424354,1.010987219643));
#8990 = CARTESIAN_POINT('',(5.018104763947,0.998729717019));
#8991 = CARTESIAN_POINT('',(5.087002322475,0.994089577575));
#8992 = CARTESIAN_POINT('',(5.15593360842,0.997596766028));
#8993 = CARTESIAN_POINT('',(5.224294878027,1.008797656897));
#8994 = CARTESIAN_POINT('',(5.338591990261,1.038958316321));
#8995 = CARTESIAN_POINT('',(5.385146182096,1.054633188657));
#8996 = CARTESIAN_POINT('',(5.430996623439,1.073153046187));
#8997 = CARTESIAN_POINT('',(5.476101032629,1.094078464832));
#8998 = CARTESIAN_POINT('',(5.520401058764,1.116926754755));
#8999 = CARTESIAN_POINT('',(5.599448604206,1.161122091847));
#9000 = CARTESIAN_POINT('',(5.634527400663,1.182027802628));
#9001 = CARTESIAN_POINT('',(5.669083057438,1.203689842015));
#9002 = CARTESIAN_POINT('',(5.703141597145,1.22589351206));
#9003 = CARTESIAN_POINT('',(5.736726623895,1.248439258624));
#9004 = CARTESIAN_POINT('',(5.861634427446,1.334033557215));
#9005 = CARTESIAN_POINT('',(5.950057230382,1.398222083058));
#9006 = CARTESIAN_POINT('',(6.035840778545,1.460006299171));
#9007 = CARTESIAN_POINT('',(6.119576157368,1.51666629881));
#9008 = CARTESIAN_POINT('',(6.201830517256,1.566220333445));
#9009 = CARTESIAN_POINT('',(6.28318530718,1.60716643961));
#9010 = ( GEOMETRIC_REPRESENTATION_CONTEXT(2) 
PARAMETRIC_REPRESENTATION_CONTEXT() REPRESENTATION_CONTEXT('2D SPACE',''
  ) );
#9011 = ADVANCED_FACE('',(#9012,#9015),#7581,.T.);
#9012 = FACE_BOUND('',#9013,.T.);
#9013 = EDGE_LOOP('',(#9014));
#9014 = ORIENTED_EDGE('',*,*,#7566,.T.);
#9015 = FACE_BOUND('',#9016,.T.);
#9016 = EDGE_LOOP('',(#9017));
#9017 = ORIENTED_EDGE('',*,*,#9018,.F.);
#9018 = EDGE_CURVE('',#9019,#9019,#9021,.T.);
#9019 = VERTEX_POINT('',#9020);
#9020 = CARTESIAN_POINT('',(110.,3.69108545263E-15,15.07));
#9021 = SURFACE_CURVE('',#9022,(#9027,#9034),.PCURVE_S1.);
#9022 = CIRCLE('',#9023,15.07);
#9023 = AXIS2_PLACEMENT_3D('',#9024,#9025,#9026);
#9024 = CARTESIAN_POINT('',(110.,0.,0.));
#9025 = DIRECTION('',(1.,0.,0.));
#9026 = DIRECTION('',(-0.,0.,1.));
#9027 = PCURVE('',#7581,#9028);
#9028 = DEFINITIONAL_REPRESENTATION('',(#9029),#9033);
#9029 = CIRCLE('',#9030,15.07);
#9030 = AXIS2_PLACEMENT_2D('',#9031,#9032);
#9031 = CARTESIAN_POINT('',(0.,0.));
#9032 = DIRECTION('',(1.,0.));
#9033 = ( GEOMETRIC_REPRESENTATION_CONTEXT(2) 
PARAMETRIC_REPRESENTATION_CONTEXT() REPRESENTATION_CONTEXT('2D SPACE',''
  ) );
#9034 = PCURVE('',#9035,#9040);
#9035 = CYLINDRICAL_SURFACE('',#9036,15.07);
#9036 = AXIS2_PLACEMENT_3D('',#9037,#9038,#9039);
#9037 = CARTESIAN_POINT('',(45.,0.,0.));
#9038 = DIRECTION('',(1.,0.,0.));
#9039 = DIRECTION('',(-0.,0.,1.));
#9040 = DEFINITIONAL_REPRESENTATION('',(#9041),#9045);
#9041 = LINE('',#9042,#9043);
#9042 = CARTESIAN_POINT('',(0.,65.));
#9043 = VECTOR('',#9044,1.);
#9044 = DIRECTION('',(1.,0.));
#9045 = ( GEOMETRIC_REPRESENTATION_CONTEXT(2) 
PARAMETRIC_REPRESENTATION_CONTEXT() REPRESENTATION_CONTEXT('2D SPACE',''
  ) );
#9046 = ADVANCED_FACE('',(#9047),#7723,.F.);
#9047 = FACE_BOUND('',#9048,.F.);
#9048 = EDGE_LOOP('',(#9049,#9050,#9073,#9259));
#9049 = ORIENTED_EDGE('',*,*,#7597,.F.);
#9050 = ORIENTED_EDGE('',*,*,#9051,.F.);
#9051 = EDGE_CURVE('',#9052,#7598,#9054,.T.);
#9052 = VERTEX_POINT('',#9053);
#9053 = CARTESIAN_POINT('',(70.,-14.76837499523,-3.));
#9054 = SEAM_CURVE('',#9055,(#9059,#9066),.PCURVE_S1.);
#9055 = LINE('',#9056,#9057);
#9056 = CARTESIAN_POINT('',(70.,0.,-3.));
#9057 = VECTOR('',#9058,1.);
#9058 = DIRECTION('',(0.,-1.,0.));
#9059 = PCURVE('',#7723,#9060);
#9060 = DEFINITIONAL_REPRESENTATION('',(#9061),#9065);
#9061 = LINE('',#9062,#9063);
#9062 = CARTESIAN_POINT('',(6.28318530718,-0.));
#9063 = VECTOR('',#9064,1.);
#9064 = DIRECTION('',(0.,1.));
#9065 = ( GEOMETRIC_REPRESENTATION_CONTEXT(2) 
PARAMETRIC_REPRESENTATION_CONTEXT() REPRESENTATION_CONTEXT('2D SPACE',''
  ) );
#9066 = PCURVE('',#7723,#9067);
#9067 = DEFINITIONAL_REPRESENTATION('',(#9068),#9072);
#9068 = LINE('',#9069,#9070);
#9069 = CARTESIAN_POINT('',(0.,-0.));
#9070 = VECTOR('',#9071,1.);
#9071 = DIRECTION('',(0.,1.));
#9072 = ( GEOMETRIC_REPRESENTATION_CONTEXT(2) 
PARAMETRIC_REPRESENTATION_CONTEXT() REPRESENTATION_CONTEXT('2D SPACE',''
  ) );
#9073 = ORIENTED_EDGE('',*,*,#9074,.T.);
#9074 = EDGE_CURVE('',#9052,#9052,#9075,.T.);
#9075 = SURFACE_CURVE('',#9076,(#9135,#9197),.PCURVE_S1.);
#9076 = B_SPLINE_CURVE_WITH_KNOTS('',8,(#9077,#9078,#9079,#9080,#9081,
    #9082,#9083,#9084,#9085,#9086,#9087,#9088,#9089,#9090,#9091,#9092,
    #9093,#9094,#9095,#9096,#9097,#9098,#9099,#9100,#9101,#9102,#9103,
    #9104,#9105,#9106,#9107,#9108,#9109,#9110,#9111,#9112,#9113,#9114,
    #9115,#9116,#9117,#9118,#9119,#9120,#9121,#9122,#9123,#9124,#9125,
    #9126,#9127,#9128,#9129,#9130,#9131,#9132,#9133,#9134),
  .UNSPECIFIED.,.T.,.F.,(9,7,7,7,7,7,7,7,9),(0.,0.106660326721,
    0.210659357686,0.31072434646,0.431674548496,0.556900700932,
    0.671690717601,0.815493850019,1.),.UNSPECIFIED.);
#9077 = CARTESIAN_POINT('',(70.,-14.76837499523,-3.));
#9078 = CARTESIAN_POINT('',(70.235640770651,-14.76837499523,-3.));
#9079 = CARTESIAN_POINT('',(70.471256108936,-14.77267169712,
    -2.978846878758));
#9080 = CARTESIAN_POINT('',(70.704637318684,-14.78126456062,
    -2.936549375719));
#9081 = CARTESIAN_POINT('',(70.933593746622,-14.79391778775,
    -2.873388875516));
#9082 = CARTESIAN_POINT('',(71.155973133105,-14.8101679499,
    -2.789912457828));
#9083 = CARTESIAN_POINT('',(71.369690035685,-14.82935532963,
    -2.686931412016));
#9084 = CARTESIAN_POINT('',(71.572762325562,-14.85067897702,
    -2.565525216534));
#9085 = CARTESIAN_POINT('',(71.949193666571,-14.89530817609,
    -2.292031838417));
#9086 = CARTESIAN_POINT('',(72.128568214726,-14.91919088832,
    -2.136862308507));
#9087 = CARTESIAN_POINT('',(72.298761832268,-14.94426807403,
    -1.961010899734));
#9088 = CARTESIAN_POINT('',(72.456805120987,-14.96965538524,
    -1.764243566602));
#9089 = CARTESIAN_POINT('',(72.599462174637,-14.99425133559,
    -1.546653825792));
#9090 = CARTESIAN_POINT('',(72.723195383012,-15.01676603527,
    -1.308723505934));
#9091 = CARTESIAN_POINT('',(72.824097340279,-15.03579722812,
    -1.051435156027));
#9092 = CARTESIAN_POINT('',(72.96867046866,-15.06363385301,
    -0.511880895501));
#9093 = CARTESIAN_POINT('',(73.013527978098,-15.0726376289,
    -0.234039999765));
#9094 = CARTESIAN_POINT('',(73.028462186692,-15.07577753445,
    5.112660382019E-02));
#9095 = CARTESIAN_POINT('',(73.011850620042,-15.07238881802,
    0.337072489964));
#9096 = CARTESIAN_POINT('',(72.964240584173,-15.06267108518,
    0.617082410698));
#9097 = CARTESIAN_POINT('',(72.888312203661,-15.04766212906,
    0.884772877614));
#9098 = CARTESIAN_POINT('',(72.788893328241,-15.02896620433,
    1.134556449017));
#9099 = CARTESIAN_POINT('',(72.532961053282,-14.98338404866,
    1.636851820549));
#9100 = CARTESIAN_POINT('',(72.366518827137,-14.95518628758,
    1.883651220325));
#9101 = CARTESIAN_POINT('',(72.179758849103,-14.92578149765,
    2.102269339812));
#9102 = CARTESIAN_POINT('',(71.977405190361,-14.8968824757,
    2.293308016959));
#9103 = CARTESIAN_POINT('',(71.763163597827,-14.86978971732,
    2.457701016852));
#9104 = CARTESIAN_POINT('',(71.539944007971,-14.84544209209,
    2.596471161329));
#9105 = CARTESIAN_POINT('',(71.310012584389,-14.8245115182,2.71056826432
    ));
#9106 = CARTESIAN_POINT('',(70.831890388412,-14.78979718113,
    2.894102179708));
#9107 = CARTESIAN_POINT('',(70.583177886329,-14.7762806314,
    2.961880081676));
#9108 = CARTESIAN_POINT('',(70.330967481758,-14.7674328458,
    3.004805134794));
#9109 = CARTESIAN_POINT('',(70.076929265539,-14.76355383684,
    3.023332259878));
#9110 = CARTESIAN_POINT('',(69.822562918322,-14.76475900565,
    3.017649711137));
#9111 = CARTESIAN_POINT('',(69.569341593559,-14.77099626037,
    2.987679479369));
#9112 = CARTESIAN_POINT('',(69.31885267229,-14.78203742419,
    2.933068489905));
#9113 = CARTESIAN_POINT('',(68.847538556242,-14.81156497233,
    2.779929250489));
#9114 = CARTESIAN_POINT('',(68.626065082795,-14.82934880292,
    2.685467642593));
#9115 = CARTESIAN_POINT('',(68.409809095617,-14.85046155597,
    2.56926368782));
#9116 = CARTESIAN_POINT('',(68.200421807389,-14.87442126528,
    2.430572184546));
#9117 = CARTESIAN_POINT('',(68.000021766863,-14.90055777769,
    2.268512012503));
#9118 = CARTESIAN_POINT('',(67.811322815276,-14.92794172033,
    2.082175228075));
#9119 = CARTESIAN_POINT('',(67.637811028431,-14.95532823738,
    1.870783341102));
#9120 = CARTESIAN_POINT('',(67.291286950009,-15.01352523417,
    1.337183053622));
#9121 = CARTESIAN_POINT('',(67.12131746169,-15.04482309078,
    0.987895157909));
#9122 = CARTESIAN_POINT('',(66.998771700871,-15.06975340256,
    0.596585401151));
#9123 = CARTESIAN_POINT('',(66.938996905747,-15.0827883253,
    0.179265592576));
#9124 = CARTESIAN_POINT('',(66.948469360038,-15.08046911039,
    -0.244198705008));
#9125 = CARTESIAN_POINT('',(67.025157726962,-15.0641866942,
    -0.653519418732));
#9126 = CARTESIAN_POINT('',(67.158114282345,-15.03840427675,
    -1.030553028842));
#9127 = CARTESIAN_POINT('',(67.543643595815,-14.96974057582,
    -1.787196909638));
#9128 = CARTESIAN_POINT('',(67.82406577873,-14.92325696423,
    -2.146440173841));
#9129 = CARTESIAN_POINT('',(68.146643204321,-14.87633464525,
    -2.439117580279));
#9130 = CARTESIAN_POINT('',(68.49725283649,-14.83467202685,
    -2.667977570308));
#9131 = CARTESIAN_POINT('',(68.865298937453,-14.80169803088,
    -2.835940659916));
#9132 = CARTESIAN_POINT('',(69.242776516965,-14.77937364955,
    -2.945859529375));
#9133 = CARTESIAN_POINT('',(69.623011002691,-14.76837499523,-3.));
#9134 = CARTESIAN_POINT('',(70.,-14.76837499523,-3.));
#9135 = PCURVE('',#7723,#9136);
#9136 = DEFINITIONAL_REPRESENTATION('',(#9137),#9196);
#9137 = B_SPLINE_CURVE_WITH_KNOTS('',8,(#9138,#9139,#9140,#9141,#9142,
    #9143,#9144,#9145,#9146,#9147,#9148,#9149,#9150,#9151,#9152,#9153,
    #9154,#9155,#9156,#9157,#9158,#9159,#9160,#9161,#9162,#9163,#9164,
    #9165,#9166,#9167,#9168,#9169,#9170,#9171,#9172,#9173,#9174,#9175,
    #9176,#9177,#9178,#9179,#9180,#9181,#9182,#9183,#9184,#9185,#9186,
    #9187,#9188,#9189,#9190,#9191,#9192,#9193,#9194,#9195),
  .UNSPECIFIED.,.F.,.F.,(9,7,7,7,7,7,7,7,9),(0.,0.106660326721,
    0.210659357686,0.31072434646,0.431674548496,0.556900700932,
    0.671690717601,0.815493850019,1.),.UNSPECIFIED.);
#9138 = CARTESIAN_POINT('',(0.,14.768374995239));
#9139 = CARTESIAN_POINT('',(7.854692355045E-02,14.768374995239));
#9140 = CARTESIAN_POINT('',(0.157085235679,14.772671697124));
#9141 = CARTESIAN_POINT('',(0.235617766594,14.781264560629));
#9142 = CARTESIAN_POINT('',(0.314151010896,14.793917787755));
#9143 = CARTESIAN_POINT('',(0.392691194229,14.810167949904));
#9144 = CARTESIAN_POINT('',(0.471239966025,14.82935532963));
#9145 = CARTESIAN_POINT('',(0.549789718328,14.850678977024));
#9146 = CARTESIAN_POINT('',(0.704887960444,14.895308176093));
#9147 = CARTESIAN_POINT('',(0.783662306113,14.919190888327));
#9148 = CARTESIAN_POINT('',(0.864697653369,14.944268074039));
#9149 = CARTESIAN_POINT('',(0.948086829116,14.969655385247));
#9150 = CARTESIAN_POINT('',(1.033974461186,14.994251335596));
#9151 = CARTESIAN_POINT('',(1.122558488511,15.016766035275));
#9152 = CARTESIAN_POINT('',(1.214104207333,15.035797228122));
#9153 = CARTESIAN_POINT('',(1.400300098654,15.063633853014));
#9154 = CARTESIAN_POINT('',(1.493627850622,15.072637628905));
#9155 = CARTESIAN_POINT('',(1.587893157333,15.075777534451));
#9156 = CARTESIAN_POINT('',(1.682222570575,15.072388818029));
#9157 = CARTESIAN_POINT('',(1.775793493436,15.062671085187));
#9158 = CARTESIAN_POINT('',(1.867725694129,15.047662129069));
#9159 = CARTESIAN_POINT('',(1.956957265608,15.028966204338));
#9160 = CARTESIAN_POINT('',(2.144870357113,14.983384048661));
#9161 = CARTESIAN_POINT('',(2.243358285935,14.955186287586));
#9162 = CARTESIAN_POINT('',(2.3382067146,14.925781497651));
#9163 = CARTESIAN_POINT('',(2.429953637333,14.896882475709));
#9164 = CARTESIAN_POINT('',(2.519075752324,14.869789717328));
#9165 = CARTESIAN_POINT('',(2.606017269939,14.84544209209));
#9166 = CARTESIAN_POINT('',(2.691199738583,14.824511518208));
#9167 = CARTESIAN_POINT('',(2.861912470772,14.789797181136));
#9168 = CARTESIAN_POINT('',(2.947406643952,14.7762806314));
#9169 = CARTESIAN_POINT('',(3.032018391853,14.767432845807));
#9170 = CARTESIAN_POINT('',(3.116150669533,14.763553836842));
#9171 = CARTESIAN_POINT('',(3.200192255776,14.764759005653));
#9172 = CARTESIAN_POINT('',(3.284530856388,14.770996260376));
#9173 = CARTESIAN_POINT('',(3.369565784125,14.782037424199));
#9174 = CARTESIAN_POINT('',(3.53475544705,14.811564972335));
#9175 = CARTESIAN_POINT('',(3.614696645546,14.82934880292));
#9176 = CARTESIAN_POINT('',(3.695975472394,14.850461555976));
#9177 = CARTESIAN_POINT('',(3.778969590018,14.874421265282));
#9178 = CARTESIAN_POINT('',(3.864070007589,14.900557777691));
#9179 = CARTESIAN_POINT('',(3.951690184643,14.927941720332));
#9180 = CARTESIAN_POINT('',(4.042286792164,14.95532823738));
#9181 = CARTESIAN_POINT('',(4.254368590777,15.013525234177));
#9182 = CARTESIAN_POINT('',(4.382873182495,15.044823090782));
#9183 = CARTESIAN_POINT('',(4.517005264089,15.069753402563));
#9184 = CARTESIAN_POINT('',(4.65393089619,15.082788325303));
#9185 = CARTESIAN_POINT('',(4.7914689373,15.080469110399));
#9186 = CARTESIAN_POINT('',(4.9275398748,15.064186694205));
#9187 = CARTESIAN_POINT('',(5.05964133011,15.038404276752));
#9188 = CARTESIAN_POINT('',(5.342708423431,14.969740575828));
#9189 = CARTESIAN_POINT('',(5.491841897359,14.92325696423));
#9190 = CARTESIAN_POINT('',(5.633710747777,14.876334645251));
#9191 = CARTESIAN_POINT('',(5.769947665554,14.83467202685));
#9192 = CARTESIAN_POINT('',(5.901931172238,14.801698030888));
#9193 = CARTESIAN_POINT('',(6.030776749805,14.779373649551));
#9194 = CARTESIAN_POINT('',(6.157522308077,14.768374995239));
#9195 = CARTESIAN_POINT('',(6.28318530718,14.768374995239));
#9196 = ( GEOMETRIC_REPRESENTATION_CONTEXT(2) 
PARAMETRIC_REPRESENTATION_CONTEXT() REPRESENTATION_CONTEXT('2D SPACE',''
  ) );
#9197 = PCURVE('',#9035,#9198);
#9198 = DEFINITIONAL_REPRESENTATION('',(#9199),#9258);
#9199 = B_SPLINE_CURVE_WITH_KNOTS('',8,(#9200,#9201,#9202,#9203,#9204,
    #9205,#9206,#9207,#9208,#9209,#9210,#9211,#9212,#9213,#9214,#9215,
    #9216,#9217,#9218,#9219,#9220,#9221,#9222,#9223,#9224,#9225,#9226,
    #9227,#9228,#9229,#9230,#9231,#9232,#9233,#9234,#9235,#9236,#9237,
    #9238,#9239,#9240,#9241,#9242,#9243,#9244,#9245,#9246,#9247,#9248,
    #9249,#9250,#9251,#9252,#9253,#9254,#9255,#9256,#9257),
  .UNSPECIFIED.,.T.,.F.,(9,7,7,7,7,7,7,7,9),(0.,0.106660326721,
    0.210659357686,0.31072434646,0.431674548496,0.556900700932,
    0.671690717601,0.815493850019,1.),.UNSPECIFIED.);
#9200 = CARTESIAN_POINT('',(1.771206184556,25.));
#9201 = CARTESIAN_POINT('',(1.771206184556,25.235640770651));
#9202 = CARTESIAN_POINT('',(1.769773874369,25.471256108936));
#9203 = CARTESIAN_POINT('',(1.766909776944,25.704637318684));
#9204 = CARTESIAN_POINT('',(1.762635387354,25.933593746622));
#9205 = CARTESIAN_POINT('',(1.756992379797,26.155973133105));
#9206 = CARTESIAN_POINT('',(1.75004175024,26.369690035685));
#9207 = CARTESIAN_POINT('',(1.7418628947,26.572762325562));
#9208 = CARTESIAN_POINT('',(1.723474653423,26.949193666571));
#9209 = CARTESIAN_POINT('',(1.713057244814,27.128568214726));
#9210 = CARTESIAN_POINT('',(1.701271476995,27.298761832268));
#9211 = CARTESIAN_POINT('',(1.688108862099,27.456805120987));
#9212 = CARTESIAN_POINT('',(1.673582428333,27.599462174637));
#9213 = CARTESIAN_POINT('',(1.657728771224,27.723195383012));
#9214 = CARTESIAN_POINT('',(1.640613501281,27.824097340279));
#9215 = CARTESIAN_POINT('',(1.604762681414,27.96867046866));
#9216 = CARTESIAN_POINT('',(1.58631968514,28.013527978098));
#9217 = CARTESIAN_POINT('',(1.567403049193,28.028462186692));
#9218 = CARTESIAN_POINT('',(1.548437018839,28.011850620042));
#9219 = CARTESIAN_POINT('',(1.529854067564,27.964240584173));
#9220 = CARTESIAN_POINT('',(1.512068256271,27.888312203661));
#9221 = CARTESIAN_POINT('',(1.495449087939,27.788893328241));
#9222 = CARTESIAN_POINT('',(1.461981312951,27.532961053282));
#9223 = CARTESIAN_POINT('',(1.445502365982,27.366518827136));
#9224 = CARTESIAN_POINT('',(1.430869154856,27.179758849104));
#9225 = CARTESIAN_POINT('',(1.418050829003,26.977405190361));
#9226 = CARTESIAN_POINT('',(1.40699629648,26.763163597827));
#9227 = CARTESIAN_POINT('',(1.397647767555,26.539944007972));
#9228 = CARTESIAN_POINT('',(1.389950397924,26.310012584389));
#9229 = CARTESIAN_POINT('',(1.377555701803,25.831890388412));
#9230 = CARTESIAN_POINT('',(1.372969825363,25.583177886329));
#9231 = CARTESIAN_POINT('',(1.370061581658,25.330967481758));
#9232 = CARTESIAN_POINT('',(1.368805474521,25.076929265539));
#9233 = CARTESIAN_POINT('',(1.36919096933,24.822562918322));
#9234 = CARTESIAN_POINT('',(1.371222328765,24.569341593559));
#9235 = CARTESIAN_POINT('',(1.374919323803,24.31885267229));
#9236 = CARTESIAN_POINT('',(1.385268357616,23.847538556242));
#9237 = CARTESIAN_POINT('',(1.391646604402,23.626065082795));
#9238 = CARTESIAN_POINT('',(1.399483509393,23.409809095617));
#9239 = CARTESIAN_POINT('',(1.408822240534,23.200421807389));
#9240 = CARTESIAN_POINT('',(1.419713415581,23.000021766863));
#9241 = CARTESIAN_POINT('',(1.432208324972,22.811322815276));
#9242 = CARTESIAN_POINT('',(1.446349996141,22.637811028431));
#9243 = CARTESIAN_POINT('',(1.481968080203,22.291286950009));
#9244 = CARTESIAN_POINT('',(1.505234238551,22.12131746169));
#9245 = CARTESIAN_POINT('',(1.531238978732,21.998771700871));
#9246 = CARTESIAN_POINT('',(1.558913121525,21.938996905747));
#9247 = CARTESIAN_POINT('',(1.586978173715,21.948469360038));
#9248 = CARTESIAN_POINT('',(1.614142883508,22.025157726962));
#9249 = CARTESIAN_POINT('',(1.639213852056,22.158114282345));
#9250 = CARTESIAN_POINT('',(1.689628784353,22.543643595815));
#9251 = CARTESIAN_POINT('',(1.713648284732,22.82406577873));
#9252 = CARTESIAN_POINT('',(1.733306176494,23.146643204321));
#9253 = CARTESIAN_POINT('',(1.74873957375,23.49725283649));
#9254 = CARTESIAN_POINT('',(1.760097318215,23.865298937453));
#9255 = CARTESIAN_POINT('',(1.767540219482,24.242776516965));
#9256 = CARTESIAN_POINT('',(1.771206184556,24.623011002691));
#9257 = CARTESIAN_POINT('',(1.771206184556,25.));
#9258 = ( GEOMETRIC_REPRESENTATION_CONTEXT(2) 
PARAMETRIC_REPRESENTATION_CONTEXT() REPRESENTATION_CONTEXT('2D SPACE',''
  ) );
#9259 = ORIENTED_EDGE('',*,*,#9051,.T.);
#9260 = ADVANCED_FACE('',(#9261,#9264),#7832,.T.);
#9261 = FACE_BOUND('',#9262,.T.);
#9262 = EDGE_LOOP('',(#9263));
#9263 = ORIENTED_EDGE('',*,*,#7817,.T.);
#9264 = FACE_BOUND('',#9265,.T.);
#9265 = EDGE_LOOP('',(#9266));
#9266 = ORIENTED_EDGE('',*,*,#9267,.F.);
#9267 = EDGE_CURVE('',#9268,#9268,#9270,.T.);
#9268 = VERTEX_POINT('',#9269);
#9269 = CARTESIAN_POINT('',(-3.69108545263E-15,107.72929349003,
    -26.86083066731));
#9270 = SURFACE_CURVE('',#9271,(#9276,#9283),.PCURVE_S1.);
#9271 = CIRCLE('',#9272,15.07);
#9272 = AXIS2_PLACEMENT_3D('',#9273,#9274,#9275);
#9273 = CARTESIAN_POINT('',(0.,102.13243599737,-40.85297439895));
#9274 = DIRECTION('',(0.,0.928476690885,-0.371390676354));
#9275 = DIRECTION('',(0.,0.371390676354,0.928476690885));
#9276 = PCURVE('',#7832,#9277);
#9277 = DEFINITIONAL_REPRESENTATION('',(#9278),#9282);
#9278 = CIRCLE('',#9279,15.07);
#9279 = AXIS2_PLACEMENT_2D('',#9280,#9281);
#9280 = CARTESIAN_POINT('',(1.319444736062E-15,0.));
#9281 = DIRECTION('',(1.,0.));
#9282 = ( GEOMETRIC_REPRESENTATION_CONTEXT(2) 
PARAMETRIC_REPRESENTATION_CONTEXT() REPRESENTATION_CONTEXT('2D SPACE',''
  ) );
#9283 = PCURVE('',#9284,#9289);
#9284 = CYLINDRICAL_SURFACE('',#9285,15.07);
#9285 = AXIS2_PLACEMENT_3D('',#9286,#9287,#9288);
#9286 = CARTESIAN_POINT('',(0.,41.781451089837,-16.71258043593));
#9287 = DIRECTION('',(0.,0.928476690885,-0.371390676354));
#9288 = DIRECTION('',(0.,0.371390676354,0.928476690885));
#9289 = DEFINITIONAL_REPRESENTATION('',(#9290),#9294);
#9290 = LINE('',#9291,#9292);
#9291 = CARTESIAN_POINT('',(0.,65.));
#9292 = VECTOR('',#9293,1.);
#9293 = DIRECTION('',(1.,0.));
#9294 = ( GEOMETRIC_REPRESENTATION_CONTEXT(2) 
PARAMETRIC_REPRESENTATION_CONTEXT() REPRESENTATION_CONTEXT('2D SPACE',''
  ) );
#9295 = ADVANCED_FACE('',(#9296),#7969,.F.);
#9296 = FACE_BOUND('',#9297,.F.);
#9297 = EDGE_LOOP('',(#9298,#9299,#9322,#9502));
#9298 = ORIENTED_EDGE('',*,*,#7847,.F.);
#9299 = ORIENTED_EDGE('',*,*,#9300,.F.);
#9300 = EDGE_CURVE('',#9301,#7848,#9303,.T.);
#9301 = VERTEX_POINT('',#9302);
#9302 = CARTESIAN_POINT('',(14.810343659428,64.993368361968,
    -22.99734734478));
#9303 = SEAM_CURVE('',#9304,(#9308,#9315),.PCURVE_S1.);
#9304 = LINE('',#9305,#9306);
#9305 = CARTESIAN_POINT('',(0.,64.993368361968,-22.99734734478));
#9306 = VECTOR('',#9307,1.);
#9307 = DIRECTION('',(1.,0.,0.));
#9308 = PCURVE('',#7969,#9309);
#9309 = DEFINITIONAL_REPRESENTATION('',(#9310),#9314);
#9310 = LINE('',#9311,#9312);
#9311 = CARTESIAN_POINT('',(6.28318530718,-0.));
#9312 = VECTOR('',#9313,1.);
#9313 = DIRECTION('',(0.,1.));
#9314 = ( GEOMETRIC_REPRESENTATION_CONTEXT(2) 
PARAMETRIC_REPRESENTATION_CONTEXT() REPRESENTATION_CONTEXT('2D SPACE',''
  ) );
#9315 = PCURVE('',#7969,#9316);
#9316 = DEFINITIONAL_REPRESENTATION('',(#9317),#9321);
#9317 = LINE('',#9318,#9319);
#9318 = CARTESIAN_POINT('',(0.,-0.));
#9319 = VECTOR('',#9320,1.);
#9320 = DIRECTION('',(0.,1.));
#9321 = ( GEOMETRIC_REPRESENTATION_CONTEXT(2) 
PARAMETRIC_REPRESENTATION_CONTEXT() REPRESENTATION_CONTEXT('2D SPACE',''
  ) );
#9322 = ORIENTED_EDGE('',*,*,#9323,.T.);
#9323 = EDGE_CURVE('',#9301,#9301,#9324,.T.);
#9324 = SURFACE_CURVE('',#9325,(#9382,#9442),.PCURVE_S1.);
#9325 = B_SPLINE_CURVE_WITH_KNOTS('',7,(#9326,#9327,#9328,#9329,#9330,
    #9331,#9332,#9333,#9334,#9335,#9336,#9337,#9338,#9339,#9340,#9341,
    #9342,#9343,#9344,#9345,#9346,#9347,#9348,#9349,#9350,#9351,#9352,
    #9353,#9354,#9355,#9356,#9357,#9358,#9359,#9360,#9361,#9362,#9363,
    #9364,#9365,#9366,#9367,#9368,#9369,#9370,#9371,#9372,#9373,#9374,
    #9375,#9376,#9377,#9378,#9379,#9380,#9381),.UNSPECIFIED.,.T.,.F.,(8,
    6,6,6,6,6,6,6,6,8),(0.,0.103414284974,0.195780562408,0.287647391393,
    0.41323342,0.523241912071,0.630505567884,0.733711688325,
    0.858458628005,1.),.UNSPECIFIED.);
#9326 = CARTESIAN_POINT('',(14.810343659428,64.993368361968,
    -22.99734734478));
#9327 = CARTESIAN_POINT('',(14.828463062545,64.733958927795,
    -22.99734734478));
#9328 = CARTESIAN_POINT('',(14.850696357197,64.470235855486,
    -23.02351657862));
#9329 = CARTESIAN_POINT('',(14.876480446613,64.203760879128,
    -23.07742421098));
#9330 = CARTESIAN_POINT('',(14.904973954495,63.936642812175,
    -23.16116016353));
#9331 = CARTESIAN_POINT('',(14.934966998674,63.671790745424,
    -23.277222301));
#9332 = CARTESIAN_POINT('',(14.964710085069,63.413294921335,
    -23.42836309674));
#9333 = CARTESIAN_POINT('',(15.016320401487,62.947176551035,
    -23.78602830186));
#9334 = CARTESIAN_POINT('',(15.039160848326,62.732809056768,
    -23.988179322));
#9335 = CARTESIAN_POINT('',(15.058053080727,62.535361546988,
    -24.22281611862));
#9336 = CARTESIAN_POINT('',(15.070570880392,62.363982581068,
    -24.48589549696));
#9337 = CARTESIAN_POINT('',(15.075149361379,62.225385660864,
    -24.77092646717));
#9338 = CARTESIAN_POINT('',(15.071722233749,62.123503377257,
    -25.06979752776));
#9339 = CARTESIAN_POINT('',(15.051021961963,61.994696931306,
    -25.67578421168));
#9340 = CARTESIAN_POINT('',(15.03407082096,61.968904808078,
    -25.97562834262));
#9341 = CARTESIAN_POINT('',(15.011988565918,61.978124313252,
    -26.26790957543));
#9342 = CARTESIAN_POINT('',(14.986620768327,62.018637826319,
    -26.5484012498));
#9343 = CARTESIAN_POINT('',(14.959810381604,62.08639317836,
    -26.81369125258));
#9344 = CARTESIAN_POINT('',(14.933150917922,62.176978326699,
    -27.06112433583));
#9345 = CARTESIAN_POINT('',(14.873246052477,62.434120252863,
    -27.60023359519));
#9346 = CARTESIAN_POINT('',(14.840660394389,62.618565912607,
    -27.87944430092));
#9347 = CARTESIAN_POINT('',(14.812634546626,62.831376547302,
    -28.12580078472));
#9348 = CARTESIAN_POINT('',(14.790739954335,63.067247262659,
    -28.33941971011));
#9349 = CARTESIAN_POINT('',(14.775841433642,63.322334558225,
    -28.5204453177));
#9350 = CARTESIAN_POINT('',(14.768374995239,63.593747348551,
    -28.6685978237));
#9351 = CARTESIAN_POINT('',(14.768374995239,64.129238576302,
    -28.8827943148));
#9352 = CARTESIAN_POINT('',(14.774103931086,64.389724097893,
    -28.95661171168));
#9353 = CARTESIAN_POINT('',(14.785560938355,64.657366547821,
    -29.00293012842));
#9354 = CARTESIAN_POINT('',(14.802274637156,64.928710565293,
    -29.02096977667));
#9355 = CARTESIAN_POINT('',(14.823323471151,65.200189048949,
    -29.01047350618));
#9356 = CARTESIAN_POINT('',(14.847450905068,65.46820229081,
    -28.97174203985));
#9357 = CARTESIAN_POINT('',(14.898455704006,65.983722995429,
    -28.84130874116));
#9358 = CARTESIAN_POINT('',(14.926102616435,66.240203796554,
    -28.748769858));
#9359 = CARTESIAN_POINT('',(14.955167348599,66.494940084827,
    -28.62568043307));
#9360 = CARTESIAN_POINT('',(14.984143421892,66.74352199394,
    -28.47000134489));
#9361 = CARTESIAN_POINT('',(15.011097858434,66.980784915447,
    -28.28011878813));
#9362 = CARTESIAN_POINT('',(15.033770565805,67.20062162086,
    -28.05498759559));
#9363 = CARTESIAN_POINT('',(15.065583851396,67.583042422648,
    -27.54382137568));
#9364 = CARTESIAN_POINT('',(15.074988888075,67.744903956659,
    -27.26385183917));
#9365 = CARTESIAN_POINT('',(15.076250722277,67.871798194824,
    -26.96108106399));
#9366 = CARTESIAN_POINT('',(15.068526913781,67.958175883444,
    -26.64483220315));
#9367 = CARTESIAN_POINT('',(15.052911370862,68.002441006057,
    -26.32605839615));
#9368 = CARTESIAN_POINT('',(15.03191440369,68.007458247842,
    -26.01601910766));
#9369 = CARTESIAN_POINT('',(14.979820511488,67.949081866149,
    -25.37439578753));
#9370 = CARTESIAN_POINT('',(14.946974879618,67.870567954267,
    -25.04496689851));
#9371 = CARTESIAN_POINT('',(14.91306546847,67.754438230803,
    -24.74099006579));
#9372 = CARTESIAN_POINT('',(14.880699482948,67.607674179518,
    -24.46391824839));
#9373 = CARTESIAN_POINT('',(14.851606774628,67.435721454653,
    -24.21414094226));
#9374 = CARTESIAN_POINT('',(14.826948044478,67.24273827355,
    -23.99159813163));
#9375 = CARTESIAN_POINT('',(14.785339426688,66.792349161052,
    -23.57451265968));
#9376 = CARTESIAN_POINT('',(14.769859105009,66.529596343272,
    -23.38761555024));
#9377 = CARTESIAN_POINT('',(14.762116855885,66.247961937182,
    -23.23560879174));
#9378 = CARTESIAN_POINT('',(14.762567461978,65.950681928856,
    -23.1189904184));
#9379 = CARTESIAN_POINT('',(14.771194855496,65.640567352772,
    -23.03892168235));
#9380 = CARTESIAN_POINT('',(14.787505651908,65.320332477165,
    -22.99734734478));
#9381 = CARTESIAN_POINT('',(14.810343659428,64.993368361968,
    -22.99734734478));
#9382 = PCURVE('',#7969,#9383);
#9383 = DEFINITIONAL_REPRESENTATION('',(#9384),#9441);
#9384 = B_SPLINE_CURVE_WITH_KNOTS('',7,(#9385,#9386,#9387,#9388,#9389,
    #9390,#9391,#9392,#9393,#9394,#9395,#9396,#9397,#9398,#9399,#9400,
    #9401,#9402,#9403,#9404,#9405,#9406,#9407,#9408,#9409,#9410,#9411,
    #9412,#9413,#9414,#9415,#9416,#9417,#9418,#9419,#9420,#9421,#9422,
    #9423,#9424,#9425,#9426,#9427,#9428,#9429,#9430,#9431,#9432,#9433,
    #9434,#9435,#9436,#9437,#9438,#9439,#9440),.UNSPECIFIED.,.F.,.F.,(8,
    6,6,6,6,6,6,6,6,8),(0.,0.103414284974,0.195780562408,0.287647391393,
    0.41323342,0.523241912071,0.630505567884,0.733711688325,
    0.858458628005,1.),.UNSPECIFIED.);
#9385 = CARTESIAN_POINT('',(0.,14.810343659428));
#9386 = CARTESIAN_POINT('',(8.646981139102E-02,14.828463062545));
#9387 = CARTESIAN_POINT('',(0.1743773513,14.850696357197));
#9388 = CARTESIAN_POINT('',(0.264259092345,14.876480446613));
#9389 = CARTESIAN_POINT('',(0.356622799229,14.904973954495));
#9390 = CARTESIAN_POINT('',(0.452021941525,14.934966998674));
#9391 = CARTESIAN_POINT('',(0.551051142862,14.964710085069));
#9392 = CARTESIAN_POINT('',(0.74689425867,15.016320401487));
#9393 = CARTESIAN_POINT('',(0.844604806486,15.039160848326));
#9394 = CARTESIAN_POINT('',(0.945719500579,15.058053080727));
#9395 = CARTESIAN_POINT('',(1.048962157581,15.070570880392));
#9396 = CARTESIAN_POINT('',(1.153315508915,15.075149361379));
#9397 = CARTESIAN_POINT('',(1.257822767659,15.071722233749));
#9398 = CARTESIAN_POINT('',(1.464331029964,15.051021961963));
#9399 = CARTESIAN_POINT('',(1.563883120921,15.03407082096));
#9400 = CARTESIAN_POINT('',(1.660323192472,15.011988565918));
#9401 = CARTESIAN_POINT('',(1.753790769898,14.986620768327));
#9402 = CARTESIAN_POINT('',(1.844299718746,14.959810381604));
#9403 = CARTESIAN_POINT('',(1.931742717663,14.933150917922));
#9404 = CARTESIAN_POINT('',(2.130840896603,14.873246052477));
#9405 = CARTESIAN_POINT('',(2.2413135341,14.840660394389));
#9406 = CARTESIAN_POINT('',(2.348453834845,14.812634546626));
#9407 = CARTESIAN_POINT('',(2.453149246749,14.790739954335));
#9408 = CARTESIAN_POINT('',(2.5562662465,14.775841433642));
#9409 = CARTESIAN_POINT('',(2.658606954826,14.768374995239));
#9410 = CARTESIAN_POINT('',(2.850854189107,14.768374995239));
#9411 = CARTESIAN_POINT('',(2.94061061984,14.774103931086));
#9412 = CARTESIAN_POINT('',(3.03036009701,14.785560938355));
#9413 = CARTESIAN_POINT('',(3.120114477736,14.802274637156));
#9414 = CARTESIAN_POINT('',(3.209882458991,14.823323471151));
#9415 = CARTESIAN_POINT('',(3.299657593035,14.847450905068));
#9416 = CARTESIAN_POINT('',(3.47691272689,14.898455704006));
#9417 = CARTESIAN_POINT('',(3.567360534492,14.926102616435));
#9418 = CARTESIAN_POINT('',(3.660837967053,14.955167348599));
#9419 = CARTESIAN_POINT('',(3.757508244122,14.984143421892));
#9420 = CARTESIAN_POINT('',(3.85764822689,15.011097858434));
#9421 = CARTESIAN_POINT('',(3.961634379295,15.033770565805));
#9422 = CARTESIAN_POINT('',(4.174429683654,15.065583851396));
#9423 = CARTESIAN_POINT('',(4.281475608248,15.074988888075));
#9424 = CARTESIAN_POINT('',(4.389481729148,15.076250722277));
#9425 = CARTESIAN_POINT('',(4.497135964958,15.068526913781));
#9426 = CARTESIAN_POINT('',(4.603119444838,15.052911370862));
#9427 = CARTESIAN_POINT('',(4.705889547911,15.03191440369));
#9428 = CARTESIAN_POINT('',(4.920647366773,14.979820511488));
#9429 = CARTESIAN_POINT('',(5.032376960958,14.946974879618));
#9430 = CARTESIAN_POINT('',(5.139442609149,14.91306546847));
#9431 = CARTESIAN_POINT('',(5.242637218472,14.880699482948));
#9432 = CARTESIAN_POINT('',(5.342703379349,14.851606774628));
#9433 = CARTESIAN_POINT('',(5.440304047619,14.826948044478));
#9434 = CARTESIAN_POINT('',(5.644920394192,14.785339426688));
#9435 = CARTESIAN_POINT('',(5.751511816239,14.769859105009));
#9436 = CARTESIAN_POINT('',(5.856919968463,14.762116855885));
#9437 = CARTESIAN_POINT('',(5.961966518125,14.762567461978));
#9438 = CARTESIAN_POINT('',(6.067452273696,14.771194855496));
#9439 = CARTESIAN_POINT('',(6.174197268781,14.787505651908));
#9440 = CARTESIAN_POINT('',(6.28318530718,14.810343659428));
#9441 = ( GEOMETRIC_REPRESENTATION_CONTEXT(2) 
PARAMETRIC_REPRESENTATION_CONTEXT() REPRESENTATION_CONTEXT('2D SPACE',''
  ) );
#9442 = PCURVE('',#9284,#9443);
#9443 = DEFINITIONAL_REPRESENTATION('',(#9444),#9501);
#9444 = B_SPLINE_CURVE_WITH_KNOTS('',7,(#9445,#9446,#9447,#9448,#9449,
    #9450,#9451,#9452,#9453,#9454,#9455,#9456,#9457,#9458,#9459,#9460,
    #9461,#9462,#9463,#9464,#9465,#9466,#9467,#9468,#9469,#9470,#9471,
    #9472,#9473,#9474,#9475,#9476,#9477,#9478,#9479,#9480,#9481,#9482,
    #9483,#9484,#9485,#9486,#9487,#9488,#9489,#9490,#9491,#9492,#9493,
    #9494,#9495,#9496,#9497,#9498,#9499,#9500),.UNSPECIFIED.,.T.,.F.,(8,
    6,6,6,6,6,6,6,6,8),(0.,0.103414284974,0.195780562408,0.287647391393,
    0.41323342,0.523241912071,0.630505567884,0.733711688325,
    0.858458628005,1.),.UNSPECIFIED.);
#9445 = CARTESIAN_POINT('',(1.384894613634,23.885827970938));
#9446 = CARTESIAN_POINT('',(1.391399678433,23.644972357912));
#9447 = CARTESIAN_POINT('',(1.399644208859,23.409830641879));
#9448 = CARTESIAN_POINT('',(1.409678913373,23.18243562967));
#9449 = CARTESIAN_POINT('',(1.421570547837,22.96552148284));
#9450 = CARTESIAN_POINT('',(1.435389035304,22.762716908064));
#9451 = CARTESIAN_POINT('',(1.451190807972,22.578841843061));
#9452 = CARTESIAN_POINT('',(1.48488856579,22.278895323484));
#9453 = CARTESIAN_POINT('',(1.502688404998,22.154937105867));
#9454 = CARTESIAN_POINT('',(1.522044584687,22.058753613957));
#9455 = CARTESIAN_POINT('',(1.542481772835,21.99733746705));
#9456 = CARTESIAN_POINT('',(1.56344970407,21.97451130202));
#9457 = CARTESIAN_POINT('',(1.584369957395,21.990913901812));
#9458 = CARTESIAN_POINT('',(1.624902994985,22.096377923512));
#9459 = CARTESIAN_POINT('',(1.644039408421,22.183789852879));
#9460 = CARTESIAN_POINT('',(1.661872973402,22.300900473274));
#9461 = CARTESIAN_POINT('',(1.678237408108,22.442688318478));
#9462 = CARTESIAN_POINT('',(1.693017352476,22.604123817094));
#9463 = CARTESIAN_POINT('',(1.706148287606,22.780124356006));
#9464 = CARTESIAN_POINT('',(1.733318567448,23.21909479316));
#9465 = CARTESIAN_POINT('',(1.746155611435,23.494044541813));
#9466 = CARTESIAN_POINT('',(1.756260774977,23.783128756845));
#9467 = CARTESIAN_POINT('',(1.763751256535,24.081465295297));
#9468 = CARTESIAN_POINT('',(1.768717357752,24.385539126212));
#9469 = CARTESIAN_POINT('',(1.771206184556,24.692562035044));
#9470 = CARTESIAN_POINT('',(1.771206184556,25.269303737887));
#9471 = CARTESIAN_POINT('',(1.76929643764,25.538573565953));
#9472 = CARTESIAN_POINT('',(1.765477780527,25.804275570322));
#9473 = CARTESIAN_POINT('',(1.759792994181,26.062911922923));
#9474 = CARTESIAN_POINT('',(1.752324689157,26.311075150074));
#9475 = CARTESIAN_POINT('',(1.743192933491,26.545534692518));
#9476 = CARTESIAN_POINT('',(1.722177800602,26.975741939403));
#9477 = CARTESIAN_POINT('',(1.710017059551,27.179510306504));
#9478 = CARTESIAN_POINT('',(1.696024127461,27.370312747711));
#9479 = CARTESIAN_POINT('',(1.680193596738,27.543297494242));
#9480 = CARTESIAN_POINT('',(1.662563814327,27.693069975291));
#9481 = CARTESIAN_POINT('',(1.643223641911,27.813571606201));
#9482 = CARTESIAN_POINT('',(1.60225127635,27.97879803863));
#9483 = CARTESIAN_POINT('',(1.581009154736,28.025104624587));
#9484 = CARTESIAN_POINT('',(1.559239385867,28.030476723955));
#9485 = CARTESIAN_POINT('',(1.537634651811,27.993224516129));
#9486 = CARTESIAN_POINT('',(1.516886427153,27.915934030911));
#9487 = CARTESIAN_POINT('',(1.497613743627,27.805446721909));
#9488 = CARTESIAN_POINT('',(1.459364857925,27.512952693384));
#9489 = CARTESIAN_POINT('',(1.440881535334,27.317707538388));
#9490 = CARTESIAN_POINT('',(1.42486172657,27.096989635531));
#9491 = CARTESIAN_POINT('',(1.411239931437,26.85782074519));
#9492 = CARTESIAN_POINT('',(1.399923571553,26.605401685557));
#9493 = CARTESIAN_POINT('',(1.390820355563,26.343570975212));
#9494 = CARTESIAN_POINT('',(1.375964068017,25.770493526906));
#9495 = CARTESIAN_POINT('',(1.370821422884,25.457121816248));
#9496 = CARTESIAN_POINT('',(1.36834283535,25.139176941992));
#9497 = CARTESIAN_POINT('',(1.368487274194,24.819848407047));
#9498 = CARTESIAN_POINT('',(1.37125675574,24.50217746961));
#9499 = CARTESIAN_POINT('',(1.37669551801,24.189406530654));
#9500 = CARTESIAN_POINT('',(1.384894613634,23.885827970938));
#9501 = ( GEOMETRIC_REPRESENTATION_CONTEXT(2) 
PARAMETRIC_REPRESENTATION_CONTEXT() REPRESENTATION_CONTEXT('2D SPACE',''
  ) );
#9502 = ORIENTED_EDGE('',*,*,#9300,.T.);
#9503 = ADVANCED_FACE('',(#9504,#9507),#8076,.T.);
#9504 = FACE_BOUND('',#9505,.T.);
#9505 = EDGE_LOOP('',(#9506));
#9506 = ORIENTED_EDGE('',*,*,#8061,.T.);
#9507 = FACE_BOUND('',#9508,.T.);
#9508 = EDGE_LOOP('',(#9509));
#9509 = ORIENTED_EDGE('',*,*,#9510,.F.);
#9510 = EDGE_CURVE('',#9511,#9511,#9513,.T.);
#9511 = VERTEX_POINT('',#9512);
#9512 = CARTESIAN_POINT('',(-3.69108545263E-15,-96.53557850472,
    -54.84511813059));
#9513 = SURFACE_CURVE('',#9514,(#9519,#9526),.PCURVE_S1.);
#9514 = CIRCLE('',#9515,15.07);
#9515 = AXIS2_PLACEMENT_3D('',#9516,#9517,#9518);
#9516 = CARTESIAN_POINT('',(0.,-102.1324359973,-40.85297439895));
#9517 = DIRECTION('',(0.,-0.928476690885,-0.371390676354));
#9518 = DIRECTION('',(0.,0.371390676354,-0.928476690885));
#9519 = PCURVE('',#8076,#9520);
#9520 = DEFINITIONAL_REPRESENTATION('',(#9521),#9525);
#9521 = CIRCLE('',#9522,15.07);
#9522 = AXIS2_PLACEMENT_2D('',#9523,#9524);
#9523 = CARTESIAN_POINT('',(-1.319444736062E-15,0.));
#9524 = DIRECTION('',(1.,0.));
#9525 = ( GEOMETRIC_REPRESENTATION_CONTEXT(2) 
PARAMETRIC_REPRESENTATION_CONTEXT() REPRESENTATION_CONTEXT('2D SPACE',''
  ) );
#9526 = PCURVE('',#9527,#9532);
#9527 = CYLINDRICAL_SURFACE('',#9528,15.07);
#9528 = AXIS2_PLACEMENT_3D('',#9529,#9530,#9531);
#9529 = CARTESIAN_POINT('',(0.,-41.78145108983,-16.71258043593));
#9530 = DIRECTION('',(0.,-0.928476690885,-0.371390676354));
#9531 = DIRECTION('',(0.,0.371390676354,-0.928476690885));
#9532 = DEFINITIONAL_REPRESENTATION('',(#9533),#9537);
#9533 = LINE('',#9534,#9535);
#9534 = CARTESIAN_POINT('',(0.,65.));
#9535 = VECTOR('',#9536,1.);
#9536 = DIRECTION('',(1.,0.));
#9537 = ( GEOMETRIC_REPRESENTATION_CONTEXT(2) 
PARAMETRIC_REPRESENTATION_CONTEXT() REPRESENTATION_CONTEXT('2D SPACE',''
  ) );
#9538 = ADVANCED_FACE('',(#9539),#8213,.F.);
#9539 = FACE_BOUND('',#9540,.F.);
#9540 = EDGE_LOOP('',(#9541,#9542,#9565,#9745));
#9541 = ORIENTED_EDGE('',*,*,#8091,.F.);
#9542 = ORIENTED_EDGE('',*,*,#9543,.F.);
#9543 = EDGE_CURVE('',#9544,#8092,#9546,.T.);
#9544 = VERTEX_POINT('',#9545);
#9545 = CARTESIAN_POINT('',(-14.81034365942,-64.99336836196,
    -28.99734734478));
#9546 = SEAM_CURVE('',#9547,(#9551,#9558),.PCURVE_S1.);
#9547 = LINE('',#9548,#9549);
#9548 = CARTESIAN_POINT('',(0.,-64.99336836196,-28.99734734478));
#9549 = VECTOR('',#9550,1.);
#9550 = DIRECTION('',(-1.,-0.,0.));
#9551 = PCURVE('',#8213,#9552);
#9552 = DEFINITIONAL_REPRESENTATION('',(#9553),#9557);
#9553 = LINE('',#9554,#9555);
#9554 = CARTESIAN_POINT('',(6.28318530718,-0.));
#9555 = VECTOR('',#9556,1.);
#9556 = DIRECTION('',(0.,1.));
#9557 = ( GEOMETRIC_REPRESENTATION_CONTEXT(2) 
PARAMETRIC_REPRESENTATION_CONTEXT() REPRESENTATION_CONTEXT('2D SPACE',''
  ) );
#9558 = PCURVE('',#8213,#9559);
#9559 = DEFINITIONAL_REPRESENTATION('',(#9560),#9564);
#9560 = LINE('',#9561,#9562);
#9561 = CARTESIAN_POINT('',(0.,-0.));
#9562 = VECTOR('',#9563,1.);
#9563 = DIRECTION('',(0.,1.));
#9564 = ( GEOMETRIC_REPRESENTATION_CONTEXT(2) 
PARAMETRIC_REPRESENTATION_CONTEXT() REPRESENTATION_CONTEXT('2D SPACE',''
  ) );
#9565 = ORIENTED_EDGE('',*,*,#9566,.T.);
#9566 = EDGE_CURVE('',#9544,#9544,#9567,.T.);
#9567 = SURFACE_CURVE('',#9568,(#9625,#9685),.PCURVE_S1.);
#9568 = B_SPLINE_CURVE_WITH_KNOTS('',7,(#9569,#9570,#9571,#9572,#9573,
    #9574,#9575,#9576,#9577,#9578,#9579,#9580,#9581,#9582,#9583,#9584,
    #9585,#9586,#9587,#9588,#9589,#9590,#9591,#9592,#9593,#9594,#9595,
    #9596,#9597,#9598,#9599,#9600,#9601,#9602,#9603,#9604,#9605,#9606,
    #9607,#9608,#9609,#9610,#9611,#9612,#9613,#9614,#9615,#9616,#9617,
    #9618,#9619,#9620,#9621,#9622,#9623,#9624),.UNSPECIFIED.,.T.,.F.,(8,
    6,6,6,6,6,6,6,6,8),(0.,0.108033496005,0.204525502566,0.300495751789,
    0.431691337807,0.552247890869,0.660457600497,0.752840815225,
    0.864565003383,1.),.UNSPECIFIED.);
#9569 = CARTESIAN_POINT('',(-14.81034365942,-64.99336836196,
    -28.99734734478));
#9570 = CARTESIAN_POINT('',(-14.82846306254,-65.25277779614,
    -28.99734734478));
#9571 = CARTESIAN_POINT('',(-14.85069635719,-65.51650086845,
    -28.97117811095));
#9572 = CARTESIAN_POINT('',(-14.87648044661,-65.7829758448,
    -28.91727047859));
#9573 = CARTESIAN_POINT('',(-14.90497395449,-66.05009391176,
    -28.83353452604));
#9574 = CARTESIAN_POINT('',(-14.93496699867,-66.31494597851,
    -28.71747238857));
#9575 = CARTESIAN_POINT('',(-14.96471008506,-66.5734418026,
    -28.56633159283));
#9576 = CARTESIAN_POINT('',(-15.01632040148,-67.0395601729,
    -28.2086663877));
#9577 = CARTESIAN_POINT('',(-15.03916084832,-67.25392766716,
    -28.00651536757));
#9578 = CARTESIAN_POINT('',(-15.05805308072,-67.45137517694,
    -27.77187857095));
#9579 = CARTESIAN_POINT('',(-15.07057088039,-67.62275414286,
    -27.5087991926));
#9580 = CARTESIAN_POINT('',(-15.07514936137,-67.76135106307,
    -27.2237682224));
#9581 = CARTESIAN_POINT('',(-15.07172223374,-67.86323334667,
    -26.9248971618));
#9582 = CARTESIAN_POINT('',(-15.05102196196,-67.99203979263,
    -26.31891047789));
#9583 = CARTESIAN_POINT('',(-15.03407082096,-68.01783191585,
    -26.01906634694));
#9584 = CARTESIAN_POINT('',(-15.01198856591,-68.00861241068,
    -25.72678511413));
#9585 = CARTESIAN_POINT('',(-14.98662076832,-67.96809889761,
    -25.44629343976));
#9586 = CARTESIAN_POINT('',(-14.9598103816,-67.90034354557,
    -25.18100343698));
#9587 = CARTESIAN_POINT('',(-14.93315091792,-67.80975839723,
    -24.93357035373));
#9588 = CARTESIAN_POINT('',(-14.87324605247,-67.55261647107,
    -24.39446109438));
#9589 = CARTESIAN_POINT('',(-14.84066039438,-67.36817081132,
    -24.11525038865));
#9590 = CARTESIAN_POINT('',(-14.81263454662,-67.15536017663,
    -23.86889390484));
#9591 = CARTESIAN_POINT('',(-14.79073995433,-66.91948946127,
    -23.65527497946));
#9592 = CARTESIAN_POINT('',(-14.77584143364,-66.66440216571,
    -23.47424937187));
#9593 = CARTESIAN_POINT('',(-14.76837499523,-66.39298937538,
    -23.32609686587));
#9594 = CARTESIAN_POINT('',(-14.76837499523,-65.84523929788,
    -23.10699683487));
#9595 = CARTESIAN_POINT('',(-14.77467968739,-65.57166342096,
    -23.03099408822));
#9596 = CARTESIAN_POINT('',(-14.78726814949,-65.28873581211,
    -22.98456681597));
#9597 = CARTESIAN_POINT('',(-14.80582675385,-64.99827631289,
    -22.96905041894));
#9598 = CARTESIAN_POINT('',(-14.82973053859,-64.7023429466,
    -22.98644644501));
#9599 = CARTESIAN_POINT('',(-14.85788816791,-64.40366435387,
    -23.03945336168));
#9600 = CARTESIAN_POINT('',(-14.91609556883,-63.83941824264,
    -23.21410149948));
#9601 = CARTESIAN_POINT('',(-14.94602858537,-63.56998208361,
    -23.32927510936));
#9602 = CARTESIAN_POINT('',(-14.97689530516,-63.30401841452,
    -23.48008914601));
#9603 = CARTESIAN_POINT('',(-15.00657666651,-63.04814297346,
    -23.66846813862));
#9604 = CARTESIAN_POINT('',(-15.03247875514,-62.80953236969,
    -23.89523534153));
#9605 = CARTESIAN_POINT('',(-15.05190375532,-62.5960229284,
    -24.16006407441));
#9606 = CARTESIAN_POINT('',(-15.07190016866,-62.26328272022,
    -24.71820974792));
#9607 = CARTESIAN_POINT('',(-15.07457858909,-62.13873530173,
    -24.99514483461));
#9608 = CARTESIAN_POINT('',(-15.06986530694,-62.04777190269,
    -25.28571490946));
#9609 = CARTESIAN_POINT('',(-15.0578811738,-61.99271502625,
    -25.58223092262));
#9610 = CARTESIAN_POINT('',(-15.04001007036,-61.97317984271,
    -25.87637680781));
#9611 = CARTESIAN_POINT('',(-15.01837895954,-61.98581204034,
    -26.15990655026));
#9612 = CARTESIAN_POINT('',(-14.96708565484,-62.07024722488,
    -26.74594826099));
#9613 = CARTESIAN_POINT('',(-14.93611928349,-62.15482500068,
    -27.04653413963));
#9614 = CARTESIAN_POINT('',(-14.90480862179,-62.27074804048,
    -27.32441173706));
#9615 = CARTESIAN_POINT('',(-14.87514072979,-62.41252856918,
    -27.57863936329));
#9616 = CARTESIAN_POINT('',(-14.84846355535,-62.57587775002,
    -27.80900923961));
#9617 = CARTESIAN_POINT('',(-14.82570028943,-62.75750467375,
    -28.01560407508));
#9618 = CARTESIAN_POINT('',(-14.78533942642,-63.19438756571,
    -28.4201820325));
#9619 = CARTESIAN_POINT('',(-14.76985910544,-63.45714037026,
    -28.60707913271));
#9620 = CARTESIAN_POINT('',(-14.76211685576,-63.73877480328,
    -28.75908590511));
#9621 = CARTESIAN_POINT('',(-14.76256746173,-64.03605478103,
    -28.87570426693));
#9622 = CARTESIAN_POINT('',(-14.77119485577,-64.34616937783,
    -28.95577300833));
#9623 = CARTESIAN_POINT('',(-14.7875056518,-64.66640424531,
    -28.99734734478));
#9624 = CARTESIAN_POINT('',(-14.81034365942,-64.99336836196,
    -28.99734734478));
#9625 = PCURVE('',#8213,#9626);
#9626 = DEFINITIONAL_REPRESENTATION('',(#9627),#9684);
#9627 = B_SPLINE_CURVE_WITH_KNOTS('',7,(#9628,#9629,#9630,#9631,#9632,
    #9633,#9634,#9635,#9636,#9637,#9638,#9639,#9640,#9641,#9642,#9643,
    #9644,#9645,#9646,#9647,#9648,#9649,#9650,#9651,#9652,#9653,#9654,
    #9655,#9656,#9657,#9658,#9659,#9660,#9661,#9662,#9663,#9664,#9665,
    #9666,#9667,#9668,#9669,#9670,#9671,#9672,#9673,#9674,#9675,#9676,
    #9677,#9678,#9679,#9680,#9681,#9682,#9683),.UNSPECIFIED.,.F.,.F.,(8,
    6,6,6,6,6,6,6,6,8),(0.,0.108033496005,0.204525502566,0.300495751789,
    0.431691337807,0.552247890869,0.660457600497,0.752840815225,
    0.864565003383,1.),.UNSPECIFIED.);
#9628 = CARTESIAN_POINT('',(0.,14.810343659428));
#9629 = CARTESIAN_POINT('',(8.646981139095E-02,14.828463062545));
#9630 = CARTESIAN_POINT('',(0.1743773513,14.850696357198));
#9631 = CARTESIAN_POINT('',(0.264259092345,14.876480446612));
#9632 = CARTESIAN_POINT('',(0.356622799229,14.904973954495));
#9633 = CARTESIAN_POINT('',(0.452021941525,14.934966998674));
#9634 = CARTESIAN_POINT('',(0.551051142862,14.964710085069));
#9635 = CARTESIAN_POINT('',(0.74689425867,15.016320401487));
#9636 = CARTESIAN_POINT('',(0.844604806486,15.039160848326));
#9637 = CARTESIAN_POINT('',(0.945719500579,15.058053080727));
#9638 = CARTESIAN_POINT('',(1.048962157581,15.070570880392));
#9639 = CARTESIAN_POINT('',(1.153315508915,15.075149361379));
#9640 = CARTESIAN_POINT('',(1.257822767659,15.071722233749));
#9641 = CARTESIAN_POINT('',(1.464331029964,15.051021961963));
#9642 = CARTESIAN_POINT('',(1.563883120921,15.03407082096));
#9643 = CARTESIAN_POINT('',(1.660323192472,15.011988565918));
#9644 = CARTESIAN_POINT('',(1.753790769898,14.986620768327));
#9645 = CARTESIAN_POINT('',(1.844299718746,14.959810381604));
#9646 = CARTESIAN_POINT('',(1.931742717662,14.933150917922));
#9647 = CARTESIAN_POINT('',(2.130840896603,14.873246052477));
#9648 = CARTESIAN_POINT('',(2.2413135341,14.840660394389));
#9649 = CARTESIAN_POINT('',(2.348453834845,14.812634546626));
#9650 = CARTESIAN_POINT('',(2.45314924675,14.790739954335));
#9651 = CARTESIAN_POINT('',(2.5562662465,14.775841433642));
#9652 = CARTESIAN_POINT('',(2.658606954826,14.768374995239));
#9653 = CARTESIAN_POINT('',(2.855255250858,14.768374995239));
#9654 = CARTESIAN_POINT('',(2.949333643428,14.77467968739));
#9655 = CARTESIAN_POINT('',(3.044009594088,14.787268149493));
#9656 = CARTESIAN_POINT('',(3.13990441078,14.805826753851));
#9657 = CARTESIAN_POINT('',(3.237676444582,14.829730538594));
#9658 = CARTESIAN_POINT('',(3.338008757237,14.857888167916));
#9659 = CARTESIAN_POINT('',(3.534894411043,14.916095568834));
#9660 = CARTESIAN_POINT('',(3.632042061246,14.946028585375));
#9661 = CARTESIAN_POINT('',(3.73291720513,14.976895305169));
#9662 = CARTESIAN_POINT('',(3.837430086818,15.006576666514));
#9663 = CARTESIAN_POINT('',(3.945689579745,15.032478755149));
#9664 = CARTESIAN_POINT('',(4.057957895849,15.051903755324));
#9665 = CARTESIAN_POINT('',(4.274558562462,15.071900168666));
#9666 = CARTESIAN_POINT('',(4.375108006535,15.074578589099));
#9667 = CARTESIAN_POINT('',(4.475451471218,15.069865306942));
#9668 = CARTESIAN_POINT('',(4.574724365433,15.057881173809));
#9669 = CARTESIAN_POINT('',(4.672005556128,15.040010070362));
#9670 = CARTESIAN_POINT('',(4.766150207849,15.018378959548));
#9671 = CARTESIAN_POINT('',(4.963514559888,14.96708565484));
#9672 = CARTESIAN_POINT('',(5.066706401429,14.936119283492));
#9673 = CARTESIAN_POINT('',(5.165954315219,14.904808621798));
#9674 = CARTESIAN_POINT('',(5.261921909945,14.875140729799));
#9675 = CARTESIAN_POINT('',(5.355228645862,14.848463555357));
#9676 = CARTESIAN_POINT('',(5.446440062021,14.825700289436));
#9677 = CARTESIAN_POINT('',(5.644920395477,14.785339426427));
#9678 = CARTESIAN_POINT('',(5.751511811955,14.769859105442));
#9679 = CARTESIAN_POINT('',(5.856919974824,14.762116855765));
#9680 = CARTESIAN_POINT('',(5.96196651297,14.762567461735));
#9681 = CARTESIAN_POINT('',(6.067452276037,14.77119485577));
#9682 = CARTESIAN_POINT('',(6.174197268295,14.787505651806));
#9683 = CARTESIAN_POINT('',(6.28318530718,14.810343659428));
#9684 = ( GEOMETRIC_REPRESENTATION_CONTEXT(2) 
PARAMETRIC_REPRESENTATION_CONTEXT() REPRESENTATION_CONTEXT('2D SPACE',''
  ) );
#9685 = PCURVE('',#9527,#9686);
#9686 = DEFINITIONAL_REPRESENTATION('',(#9687),#9744);
#9687 = B_SPLINE_CURVE_WITH_KNOTS('',7,(#9688,#9689,#9690,#9691,#9692,
    #9693,#9694,#9695,#9696,#9697,#9698,#9699,#9700,#9701,#9702,#9703,
    #9704,#9705,#9706,#9707,#9708,#9709,#9710,#9711,#9712,#9713,#9714,
    #9715,#9716,#9717,#9718,#9719,#9720,#9721,#9722,#9723,#9724,#9725,
    #9726,#9727,#9728,#9729,#9730,#9731,#9732,#9733,#9734,#9735,#9736,
    #9737,#9738,#9739,#9740,#9741,#9742,#9743),.UNSPECIFIED.,.T.,.F.,(8,
    6,6,6,6,6,6,6,6,8),(0.,0.108033496005,0.204525502566,0.300495751789,
    0.431691337807,0.552247890869,0.660457600497,0.752840815225,
    0.864565003383,1.),.UNSPECIFIED.);
#9688 = CARTESIAN_POINT('',(4.898290693546,26.114172029062));
#9689 = CARTESIAN_POINT('',(4.891785628746,26.355027642088));
#9690 = CARTESIAN_POINT('',(4.883541098321,26.590169358122));
#9691 = CARTESIAN_POINT('',(4.873506393807,26.81756437033));
#9692 = CARTESIAN_POINT('',(4.861614759342,27.03447851716));
#9693 = CARTESIAN_POINT('',(4.847796271875,27.237283091936));
#9694 = CARTESIAN_POINT('',(4.831994499208,27.421158156939));
#9695 = CARTESIAN_POINT('',(4.798296741389,27.721104676516));
#9696 = CARTESIAN_POINT('',(4.780496902182,27.845062894133));
#9697 = CARTESIAN_POINT('',(4.761140722492,27.941246386043));
#9698 = CARTESIAN_POINT('',(4.740703534344,28.002662532949));
#9699 = CARTESIAN_POINT('',(4.71973560311,28.02548869798));
#9700 = CARTESIAN_POINT('',(4.698815349784,28.009086098188));
#9701 = CARTESIAN_POINT('',(4.658282312195,27.903622076488));
#9702 = CARTESIAN_POINT('',(4.639145898759,27.816210147121));
#9703 = CARTESIAN_POINT('',(4.621312333778,27.699099526726));
#9704 = CARTESIAN_POINT('',(4.604947899072,27.557311681522));
#9705 = CARTESIAN_POINT('',(4.590167954703,27.395876182906));
#9706 = CARTESIAN_POINT('',(4.577037019573,27.219875643994));
#9707 = CARTESIAN_POINT('',(4.549866739732,26.78090520684));
#9708 = CARTESIAN_POINT('',(4.537029695745,26.505955458186));
#9709 = CARTESIAN_POINT('',(4.526924532202,26.216871243155));
#9710 = CARTESIAN_POINT('',(4.519434050644,25.918534704702));
#9711 = CARTESIAN_POINT('',(4.514467949428,25.614460873788));
#9712 = CARTESIAN_POINT('',(4.511979122623,25.307437964956));
#9713 = CARTESIAN_POINT('',(4.511979122623,24.71749307686));
#9714 = CARTESIAN_POINT('',(4.514080689594,24.435257540471));
#9715 = CARTESIAN_POINT('',(4.518276828911,24.1553231944));
#9716 = CARTESIAN_POINT('',(4.524600036379,23.879875674551));
#9717 = CARTESIAN_POINT('',(4.533113311347,23.611569163782));
#9718 = CARTESIAN_POINT('',(4.543900987764,23.353939326993));
#9719 = CARTESIAN_POINT('',(4.568867297743,22.894912654821));
#9720 = CARTESIAN_POINT('',(4.582745251746,22.687521866345));
#9721 = CARTESIAN_POINT('',(4.598720313725,22.496591726051));
#9722 = CARTESIAN_POINT('',(4.616733825908,22.328979544734));
#9723 = CARTESIAN_POINT('',(4.636649316645,22.191654385796));
#9724 = CARTESIAN_POINT('',(4.658257139602,22.091770768495));
#9725 = CARTESIAN_POINT('',(4.700865851896,21.990119340268));
#9726 = CARTESIAN_POINT('',(4.720993255914,21.977331074447));
#9727 = CARTESIAN_POINT('',(4.741130050278,22.000788695346));
#9728 = CARTESIAN_POINT('',(4.760761286656,22.059792951567));
#9729 = CARTESIAN_POINT('',(4.779397095447,22.150898028251));
#9730 = CARTESIAN_POINT('',(4.796611969253,22.267927032114));
#9731 = CARTESIAN_POINT('',(4.830807505725,22.563973560172));
#9732 = CARTESIAN_POINT('',(4.847365423277,22.754136846338));
#9733 = CARTESIAN_POINT('',(4.861775577594,22.964969835584));
#9734 = CARTESIAN_POINT('',(4.874101134267,23.191027521755));
#9735 = CARTESIAN_POINT('',(4.884421083744,23.42825065282));
#9736 = CARTESIAN_POINT('',(4.892810460472,23.673614413615));
#9737 = CARTESIAN_POINT('',(4.907221239256,24.229506476693));
#9738 = CARTESIAN_POINT('',(4.912363884142,24.542878171638));
#9739 = CARTESIAN_POINT('',(4.914842471872,24.860823076061));
#9740 = CARTESIAN_POINT('',(4.914698033072,25.180151578341));
#9741 = CARTESIAN_POINT('',(4.911928551342,25.49782253699));
#9742 = CARTESIAN_POINT('',(4.906489789206,25.810593467994));
#9743 = CARTESIAN_POINT('',(4.898290693546,26.114172029062));
#9744 = ( GEOMETRIC_REPRESENTATION_CONTEXT(2) 
PARAMETRIC_REPRESENTATION_CONTEXT() REPRESENTATION_CONTEXT('2D SPACE',''
  ) );
#9745 = ORIENTED_EDGE('',*,*,#9543,.T.);
#9746 = ADVANCED_FACE('',(#9747),#8320,.T.);
#9747 = FACE_BOUND('',#9748,.T.);
#9748 = EDGE_LOOP('',(#9749));
#9749 = ORIENTED_EDGE('',*,*,#8305,.T.);
#9750 = ADVANCED_FACE('',(#9751),#8559,.F.);
#9751 = FACE_BOUND('',#9752,.F.);
#9752 = EDGE_LOOP('',(#9753,#9754,#9775,#9776));
#9753 = ORIENTED_EDGE('',*,*,#8335,.F.);
#9754 = ORIENTED_EDGE('',*,*,#9755,.F.);
#9755 = EDGE_CURVE('',#8678,#8336,#9756,.T.);
#9756 = SEAM_CURVE('',#9757,(#9761,#9768),.PCURVE_S1.);
#9757 = LINE('',#9758,#9759);
#9758 = CARTESIAN_POINT('',(-59.42250821665,-10.,27.269003286663));
#9759 = VECTOR('',#9760,1.);
#9760 = DIRECTION('',(0.,1.,0.));
#9761 = PCURVE('',#8559,#9762);
#9762 = DEFINITIONAL_REPRESENTATION('',(#9763),#9767);
#9763 = LINE('',#9764,#9765);
#9764 = CARTESIAN_POINT('',(6.28318530718,-0.));
#9765 = VECTOR('',#9766,1.);
#9766 = DIRECTION('',(0.,1.));
#9767 = ( GEOMETRIC_REPRESENTATION_CONTEXT(2) 
PARAMETRIC_REPRESENTATION_CONTEXT() REPRESENTATION_CONTEXT('2D SPACE',''
  ) );
#9768 = PCURVE('',#8559,#9769);
#9769 = DEFINITIONAL_REPRESENTATION('',(#9770),#9774);
#9770 = LINE('',#9771,#9772);
#9771 = CARTESIAN_POINT('',(0.,-0.));
#9772 = VECTOR('',#9773,1.);
#9773 = DIRECTION('',(0.,1.));
#9774 = ( GEOMETRIC_REPRESENTATION_CONTEXT(2) 
PARAMETRIC_REPRESENTATION_CONTEXT() REPRESENTATION_CONTEXT('2D SPACE',''
  ) );
#9775 = ORIENTED_EDGE('',*,*,#8677,.T.);
#9776 = ORIENTED_EDGE('',*,*,#9755,.T.);
#9777 = ADVANCED_FACE('',(#9778,#9832),#9035,.F.);
#9778 = FACE_BOUND('',#9779,.F.);
#9779 = EDGE_LOOP('',(#9780,#9803,#9804,#9805));
#9780 = ORIENTED_EDGE('',*,*,#9781,.T.);
#9781 = EDGE_CURVE('',#9782,#9019,#9784,.T.);
#9782 = VERTEX_POINT('',#9783);
#9783 = CARTESIAN_POINT('',(45.,3.69108545263E-15,15.07));
#9784 = SEAM_CURVE('',#9785,(#9789,#9796),.PCURVE_S1.);
#9785 = LINE('',#9786,#9787);
#9786 = CARTESIAN_POINT('',(45.,3.69108545263E-15,15.07));
#9787 = VECTOR('',#9788,1.);
#9788 = DIRECTION('',(1.,0.,0.));
#9789 = PCURVE('',#9035,#9790);
#9790 = DEFINITIONAL_REPRESENTATION('',(#9791),#9795);
#9791 = LINE('',#9792,#9793);
#9792 = CARTESIAN_POINT('',(6.28318530718,-0.));
#9793 = VECTOR('',#9794,1.);
#9794 = DIRECTION('',(0.,1.));
#9795 = ( GEOMETRIC_REPRESENTATION_CONTEXT(2) 
PARAMETRIC_REPRESENTATION_CONTEXT() REPRESENTATION_CONTEXT('2D SPACE',''
  ) );
#9796 = PCURVE('',#9035,#9797);
#9797 = DEFINITIONAL_REPRESENTATION('',(#9798),#9802);
#9798 = LINE('',#9799,#9800);
#9799 = CARTESIAN_POINT('',(0.,-0.));
#9800 = VECTOR('',#9801,1.);
#9801 = DIRECTION('',(0.,1.));
#9802 = ( GEOMETRIC_REPRESENTATION_CONTEXT(2) 
PARAMETRIC_REPRESENTATION_CONTEXT() REPRESENTATION_CONTEXT('2D SPACE',''
  ) );
#9803 = ORIENTED_EDGE('',*,*,#9018,.F.);
#9804 = ORIENTED_EDGE('',*,*,#9781,.F.);
#9805 = ORIENTED_EDGE('',*,*,#9806,.T.);
#9806 = EDGE_CURVE('',#9782,#9782,#9807,.T.);
#9807 = SURFACE_CURVE('',#9808,(#9813,#9820),.PCURVE_S1.);
#9808 = CIRCLE('',#9809,15.07);
#9809 = AXIS2_PLACEMENT_3D('',#9810,#9811,#9812);
#9810 = CARTESIAN_POINT('',(45.,0.,0.));
#9811 = DIRECTION('',(1.,0.,0.));
#9812 = DIRECTION('',(-0.,0.,1.));
#9813 = PCURVE('',#9035,#9814);
#9814 = DEFINITIONAL_REPRESENTATION('',(#9815),#9819);
#9815 = LINE('',#9816,#9817);
#9816 = CARTESIAN_POINT('',(0.,0.));
#9817 = VECTOR('',#9818,1.);
#9818 = DIRECTION('',(1.,0.));
#9819 = ( GEOMETRIC_REPRESENTATION_CONTEXT(2) 
PARAMETRIC_REPRESENTATION_CONTEXT() REPRESENTATION_CONTEXT('2D SPACE',''
  ) );
#9820 = PCURVE('',#9821,#9826);
#9821 = PLANE('',#9822);
#9822 = AXIS2_PLACEMENT_3D('',#9823,#9824,#9825);
#9823 = CARTESIAN_POINT('',(45.,0.,0.));
#9824 = DIRECTION('',(1.,0.,0.));
#9825 = DIRECTION('',(-0.,0.,1.));
#9826 = DEFINITIONAL_REPRESENTATION('',(#9827),#9831);
#9827 = CIRCLE('',#9828,15.07);
#9828 = AXIS2_PLACEMENT_2D('',#9829,#9830);
#9829 = CARTESIAN_POINT('',(0.,0.));
#9830 = DIRECTION('',(1.,0.));
#9831 = ( GEOMETRIC_REPRESENTATION_CONTEXT(2) 
PARAMETRIC_REPRESENTATION_CONTEXT() REPRESENTATION_CONTEXT('2D SPACE',''
  ) );
#9832 = FACE_BOUND('',#9833,.F.);
#9833 = EDGE_LOOP('',(#9834));
#9834 = ORIENTED_EDGE('',*,*,#9074,.F.);
#9835 = ADVANCED_FACE('',(#9836,#9890),#9284,.F.);
#9836 = FACE_BOUND('',#9837,.F.);
#9837 = EDGE_LOOP('',(#9838,#9861,#9862,#9863));
#9838 = ORIENTED_EDGE('',*,*,#9839,.T.);
#9839 = EDGE_CURVE('',#9840,#9268,#9842,.T.);
#9840 = VERTEX_POINT('',#9841);
#9841 = CARTESIAN_POINT('',(-3.69108545263E-15,47.378308582493,
    -2.720436704294));
#9842 = SEAM_CURVE('',#9843,(#9847,#9854),.PCURVE_S1.);
#9843 = LINE('',#9844,#9845);
#9844 = CARTESIAN_POINT('',(-3.69108545263E-15,47.378308582493,
    -2.720436704294));
#9845 = VECTOR('',#9846,1.);
#9846 = DIRECTION('',(0.,0.928476690885,-0.371390676354));
#9847 = PCURVE('',#9284,#9848);
#9848 = DEFINITIONAL_REPRESENTATION('',(#9849),#9853);
#9849 = LINE('',#9850,#9851);
#9850 = CARTESIAN_POINT('',(6.28318530718,-0.));
#9851 = VECTOR('',#9852,1.);
#9852 = DIRECTION('',(0.,1.));
#9853 = ( GEOMETRIC_REPRESENTATION_CONTEXT(2) 
PARAMETRIC_REPRESENTATION_CONTEXT() REPRESENTATION_CONTEXT('2D SPACE',''
  ) );
#9854 = PCURVE('',#9284,#9855);
#9855 = DEFINITIONAL_REPRESENTATION('',(#9856),#9860);
#9856 = LINE('',#9857,#9858);
#9857 = CARTESIAN_POINT('',(0.,-0.));
#9858 = VECTOR('',#9859,1.);
#9859 = DIRECTION('',(0.,1.));
#9860 = ( GEOMETRIC_REPRESENTATION_CONTEXT(2) 
PARAMETRIC_REPRESENTATION_CONTEXT() REPRESENTATION_CONTEXT('2D SPACE',''
  ) );
#9861 = ORIENTED_EDGE('',*,*,#9267,.F.);
#9862 = ORIENTED_EDGE('',*,*,#9839,.F.);
#9863 = ORIENTED_EDGE('',*,*,#9864,.T.);
#9864 = EDGE_CURVE('',#9840,#9840,#9865,.T.);
#9865 = SURFACE_CURVE('',#9866,(#9871,#9878),.PCURVE_S1.);
#9866 = CIRCLE('',#9867,15.07);
#9867 = AXIS2_PLACEMENT_3D('',#9868,#9869,#9870);
#9868 = CARTESIAN_POINT('',(0.,41.781451089837,-16.71258043593));
#9869 = DIRECTION('',(0.,0.928476690885,-0.371390676354));
#9870 = DIRECTION('',(0.,0.371390676354,0.928476690885));
#9871 = PCURVE('',#9284,#9872);
#9872 = DEFINITIONAL_REPRESENTATION('',(#9873),#9877);
#9873 = LINE('',#9874,#9875);
#9874 = CARTESIAN_POINT('',(0.,0.));
#9875 = VECTOR('',#9876,1.);
#9876 = DIRECTION('',(1.,0.));
#9877 = ( GEOMETRIC_REPRESENTATION_CONTEXT(2) 
PARAMETRIC_REPRESENTATION_CONTEXT() REPRESENTATION_CONTEXT('2D SPACE',''
  ) );
#9878 = PCURVE('',#9879,#9884);
#9879 = PLANE('',#9880);
#9880 = AXIS2_PLACEMENT_3D('',#9881,#9882,#9883);
#9881 = CARTESIAN_POINT('',(0.,41.781451089837,-16.71258043593));
#9882 = DIRECTION('',(0.,0.928476690885,-0.371390676354));
#9883 = DIRECTION('',(0.,0.371390676354,0.928476690885));
#9884 = DEFINITIONAL_REPRESENTATION('',(#9885),#9889);
#9885 = CIRCLE('',#9886,15.07);
#9886 = AXIS2_PLACEMENT_2D('',#9887,#9888);
#9887 = CARTESIAN_POINT('',(0.,0.));
#9888 = DIRECTION('',(1.,0.));
#9889 = ( GEOMETRIC_REPRESENTATION_CONTEXT(2) 
PARAMETRIC_REPRESENTATION_CONTEXT() REPRESENTATION_CONTEXT('2D SPACE',''
  ) );
#9890 = FACE_BOUND('',#9891,.F.);
#9891 = EDGE_LOOP('',(#9892));
#9892 = ORIENTED_EDGE('',*,*,#9323,.F.);
#9893 = ADVANCED_FACE('',(#9894,#9948),#9527,.F.);
#9894 = FACE_BOUND('',#9895,.F.);
#9895 = EDGE_LOOP('',(#9896,#9919,#9920,#9921));
#9896 = ORIENTED_EDGE('',*,*,#9897,.T.);
#9897 = EDGE_CURVE('',#9898,#9511,#9900,.T.);
#9898 = VERTEX_POINT('',#9899);
#9899 = CARTESIAN_POINT('',(-3.69108545263E-15,-36.18459359718,
    -30.70472416757));
#9900 = SEAM_CURVE('',#9901,(#9905,#9912),.PCURVE_S1.);
#9901 = LINE('',#9902,#9903);
#9902 = CARTESIAN_POINT('',(-3.69108545263E-15,-36.18459359718,
    -30.70472416757));
#9903 = VECTOR('',#9904,1.);
#9904 = DIRECTION('',(0.,-0.928476690885,-0.371390676354));
#9905 = PCURVE('',#9527,#9906);
#9906 = DEFINITIONAL_REPRESENTATION('',(#9907),#9911);
#9907 = LINE('',#9908,#9909);
#9908 = CARTESIAN_POINT('',(6.28318530718,-0.));
#9909 = VECTOR('',#9910,1.);
#9910 = DIRECTION('',(0.,1.));
#9911 = ( GEOMETRIC_REPRESENTATION_CONTEXT(2) 
PARAMETRIC_REPRESENTATION_CONTEXT() REPRESENTATION_CONTEXT('2D SPACE',''
  ) );
#9912 = PCURVE('',#9527,#9913);
#9913 = DEFINITIONAL_REPRESENTATION('',(#9914),#9918);
#9914 = LINE('',#9915,#9916);
#9915 = CARTESIAN_POINT('',(0.,-0.));
#9916 = VECTOR('',#9917,1.);
#9917 = DIRECTION('',(0.,1.));
#9918 = ( GEOMETRIC_REPRESENTATION_CONTEXT(2) 
PARAMETRIC_REPRESENTATION_CONTEXT() REPRESENTATION_CONTEXT('2D SPACE',''
  ) );
#9919 = ORIENTED_EDGE('',*,*,#9510,.F.);
#9920 = ORIENTED_EDGE('',*,*,#9897,.F.);
#9921 = ORIENTED_EDGE('',*,*,#9922,.T.);
#9922 = EDGE_CURVE('',#9898,#9898,#9923,.T.);
#9923 = SURFACE_CURVE('',#9924,(#9929,#9936),.PCURVE_S1.);
#9924 = CIRCLE('',#9925,15.07);
#9925 = AXIS2_PLACEMENT_3D('',#9926,#9927,#9928);
#9926 = CARTESIAN_POINT('',(0.,-41.78145108983,-16.71258043593));
#9927 = DIRECTION('',(0.,-0.928476690885,-0.371390676354));
#9928 = DIRECTION('',(0.,0.371390676354,-0.928476690885));
#9929 = PCURVE('',#9527,#9930);
#9930 = DEFINITIONAL_REPRESENTATION('',(#9931),#9935);
#9931 = LINE('',#9932,#9933);
#9932 = CARTESIAN_POINT('',(0.,0.));
#9933 = VECTOR('',#9934,1.);
#9934 = DIRECTION('',(1.,0.));
#9935 = ( GEOMETRIC_REPRESENTATION_CONTEXT(2) 
PARAMETRIC_REPRESENTATION_CONTEXT() REPRESENTATION_CONTEXT('2D SPACE',''
  ) );
#9936 = PCURVE('',#9937,#9942);
#9937 = PLANE('',#9938);
#9938 = AXIS2_PLACEMENT_3D('',#9939,#9940,#9941);
#9939 = CARTESIAN_POINT('',(0.,-41.78145108983,-16.71258043593));
#9940 = DIRECTION('',(0.,-0.928476690885,-0.371390676354));
#9941 = DIRECTION('',(0.,0.371390676354,-0.928476690885));
#9942 = DEFINITIONAL_REPRESENTATION('',(#9943),#9947);
#9943 = CIRCLE('',#9944,15.07);
#9944 = AXIS2_PLACEMENT_2D('',#9945,#9946);
#9945 = CARTESIAN_POINT('',(0.,0.));
#9946 = DIRECTION('',(1.,0.));
#9947 = ( GEOMETRIC_REPRESENTATION_CONTEXT(2) 
PARAMETRIC_REPRESENTATION_CONTEXT() REPRESENTATION_CONTEXT('2D SPACE',''
  ) );
#9948 = FACE_BOUND('',#9949,.F.);
#9949 = EDGE_LOOP('',(#9950));
#9950 = ORIENTED_EDGE('',*,*,#9566,.F.);
#9951 = ADVANCED_FACE('',(#9952),#9821,.T.);
#9952 = FACE_BOUND('',#9953,.F.);
#9953 = EDGE_LOOP('',(#9954));
#9954 = ORIENTED_EDGE('',*,*,#9806,.F.);
#9955 = ADVANCED_FACE('',(#9956),#9879,.T.);
#9956 = FACE_BOUND('',#9957,.F.);
#9957 = EDGE_LOOP('',(#9958));
#9958 = ORIENTED_EDGE('',*,*,#9864,.F.);
#9959 = ADVANCED_FACE('',(#9960),#9937,.T.);
#9960 = FACE_BOUND('',#9961,.F.);
#9961 = EDGE_LOOP('',(#9962));
#9962 = ORIENTED_EDGE('',*,*,#9922,.F.);
#9963 = ( GEOMETRIC_REPRESENTATION_CONTEXT(3) 
GLOBAL_UNCERTAINTY_ASSIGNED_CONTEXT((#9967)) 
GLOBAL_UNIT_ASSIGNED_CONTEXT((#9964,#9965,#9966)) REPRESENTATION_CONTEXT
('Context #1','3D Context with UNIT and UNCERTAINTY') );
#9964 = ( LENGTH_UNIT() NAMED_UNIT(*) SI_UNIT(.MILLI.,.METRE.) );
#9965 = ( NAMED_UNIT(*) PLANE_ANGLE_UNIT() SI_UNIT($,.RADIAN.) );
#9966 = ( NAMED_UNIT(*) SI_UNIT($,.STERADIAN.) SOLID_ANGLE_UNIT() );
#9967 = UNCERTAINTY_MEASURE_WITH_UNIT(LENGTH_MEASURE(1.E-07),#9964,
  'distance_accuracy_value','confusion accuracy');
#9968 = CONTEXT_DEPENDENT_SHAPE_REPRESENTATION(#9969,#9971);
#9969 = ( REPRESENTATION_RELATIONSHIP('','',#7042,#10) 
REPRESENTATION_RELATIONSHIP_WITH_TRANSFORMATION(#9970) 
SHAPE_REPRESENTATION_RELATIONSHIP() );
#9970 = ITEM_DEFINED_TRANSFORMATION('','',#11,#23);
#9971 = PRODUCT_DEFINITION_SHAPE('Placement','Placement of an item',
  #9972);
#9972 = NEXT_ASSEMBLY_USAGE_OCCURRENCE('56','S ridge-end x2','',#5,#7037
  ,$);
#9973 = PRODUCT_RELATED_PRODUCT_CATEGORY('part',$,(#7039));
#9974 = SHAPE_DEFINITION_REPRESENTATION(#9975,#9981);
#9975 = PRODUCT_DEFINITION_SHAPE('','',#9976);
#9976 = PRODUCT_DEFINITION('design','',#9977,#9980);
#9977 = PRODUCT_DEFINITION_FORMATION('','',#9978);
#9978 = PRODUCT('S ridge-middle x1','S ridge-middle x1','',(#9979));
#9979 = PRODUCT_CONTEXT('',#2,'mechanical');
#9980 = PRODUCT_DEFINITION_CONTEXT('part definition',#2,'design');
#9981 = ADVANCED_BREP_SHAPE_REPRESENTATION('',(#11,#9982),#12712);
#9982 = MANIFOLD_SOLID_BREP('',#9983);
#9983 = CLOSED_SHELL('',(#9984,#10491,#10742,#10986,#11230,#11480,#11515
    ,#11729,#11764,#11972,#12007,#12215,#12250,#12464,#12522,#12580,
    #12638,#12696,#12700,#12704,#12708));
#9984 = ADVANCED_FACE('',(#9985,#10163,#10270,#10384),#10000,.T.);
#9985 = FACE_BOUND('',#9986,.T.);
#9986 = EDGE_LOOP('',(#9987,#10057,#10081,#10082,#10138,#10162));
#9987 = ORIENTED_EDGE('',*,*,#9988,.F.);
#9988 = EDGE_CURVE('',#9989,#9991,#9993,.T.);
#9989 = VERTEX_POINT('',#9990);
#9990 = CARTESIAN_POINT('',(36.894377620446,-2.060392020053E-15,20.07));
#9991 = VERTEX_POINT('',#9992);
#9992 = CARTESIAN_POINT('',(36.894377620445,-9.036516291882E-15,-20.07)
  );
#9993 = SURFACE_CURVE('',#9994,(#9999,#10045),.PCURVE_S1.);
#9994 = CIRCLE('',#9995,20.07);
#9995 = AXIS2_PLACEMENT_3D('',#9996,#9997,#9998);
#9996 = CARTESIAN_POINT('',(36.894377620445,0.,0.));
#9997 = DIRECTION('',(1.,0.,0.));
#9998 = DIRECTION('',(-0.,0.,1.));
#9999 = PCURVE('',#10000,#10005);
#10000 = SPHERICAL_SURFACE('',#10001,42.);
#10001 = AXIS2_PLACEMENT_3D('',#10002,#10003,#10004);
#10002 = CARTESIAN_POINT('',(0.,0.,0.));
#10003 = DIRECTION('',(0.,0.,1.));
#10004 = DIRECTION('',(1.,0.,-0.));
#10005 = DEFINITIONAL_REPRESENTATION('',(#10006),#10044);
#10006 = B_SPLINE_CURVE_WITH_KNOTS('',8,(#10007,#10008,#10009,#10010,
    #10011,#10012,#10013,#10014,#10015,#10016,#10017,#10018,#10019,
    #10020,#10021,#10022,#10023,#10024,#10025,#10026,#10027,#10028,
    #10029,#10030,#10031,#10032,#10033,#10034,#10035,#10036,#10037,
    #10038,#10039,#10040,#10041,#10042,#10043),.UNSPECIFIED.,.F.,.F.,(9,
    7,7,7,7,9),(0.,0.392699081699,1.079922474671,2.110757564131,
    2.62617510886,3.14159265359),.UNSPECIFIED.);
#10007 = CARTESIAN_POINT('',(6.28318530718,0.498213693216));
#10008 = CARTESIAN_POINT('',(6.256482489982,0.498213693216));
#10009 = CARTESIAN_POINT('',(6.229779677817,0.496715667515));
#10010 = CARTESIAN_POINT('',(6.203232909754,0.493719624321));
#10011 = CARTESIAN_POINT('',(6.176998354173,0.489240074397));
#10012 = CARTESIAN_POINT('',(6.1512251211,0.483306139978));
#10013 = CARTESIAN_POINT('',(6.126048914803,0.475959996483));
#10014 = CARTESIAN_POINT('',(6.101587938636,0.467254413749));
#10015 = CARTESIAN_POINT('',(6.036562883751,0.439742725628));
#10016 = CARTESIAN_POINT('',(5.997680774151,0.418258128218));
#10017 = CARTESIAN_POINT('',(5.961833202679,0.393122036742));
#10018 = CARTESIAN_POINT('',(5.929388474531,0.364735672308));
#10019 = CARTESIAN_POINT('',(5.900528432697,0.333532826096));
#10020 = CARTESIAN_POINT('',(5.875321045464,0.299939685764));
#10021 = CARTESIAN_POINT('',(5.85377358397,0.264367458695));
#10022 = CARTESIAN_POINT('',(5.809006445548,0.171474292543));
#10023 = CARTESIAN_POINT('',(5.790337535324,0.112172026656));
#10024 = CARTESIAN_POINT('',(5.779795071444,5.06339281683E-02));
#10025 = CARTESIAN_POINT('',(5.77717964834,-1.189664037418E-02));
#10026 = CARTESIAN_POINT('',(5.782427521218,-7.426070005138E-02));
#10027 = CARTESIAN_POINT('',(5.795637870357,-0.135292200961));
#10028 = CARTESIAN_POINT('',(5.817026360226,-0.193724943147));
#10029 = CARTESIAN_POINT('',(5.861416289485,-0.27545014212));
#10030 = CARTESIAN_POINT('',(5.87826412611,-0.301704571793));
#10031 = CARTESIAN_POINT('',(5.897166635327,-0.326802898576));
#10032 = CARTESIAN_POINT('',(5.918115250346,-0.350571298663));
#10033 = CARTESIAN_POINT('',(5.941081351946,-0.372831328253));
#10034 = CARTESIAN_POINT('',(5.966002403398,-0.39340314316));
#10035 = CARTESIAN_POINT('',(5.99276877504,-0.412111848741));
#10036 = CARTESIAN_POINT('',(6.04966683816,-0.445482741411));
#10037 = CARTESIAN_POINT('',(6.079798542766,-0.460144924047));
#10038 = CARTESIAN_POINT('',(6.111450363449,-0.472623634756));
#10039 = CARTESIAN_POINT('',(6.144407013167,-0.482773312447));
#10040 = CARTESIAN_POINT('',(6.178395845538,-0.490471959766));
#10041 = CARTESIAN_POINT('',(6.21309041184,-0.495633110128));
#10042 = CARTESIAN_POINT('',(6.248137859608,-0.498213693216));
#10043 = CARTESIAN_POINT('',(6.28318530718,-0.498213693216));
#10044 = ( GEOMETRIC_REPRESENTATION_CONTEXT(2) 
PARAMETRIC_REPRESENTATION_CONTEXT() REPRESENTATION_CONTEXT('2D SPACE',''
  ) );
#10045 = PCURVE('',#10046,#10051);
#10046 = CYLINDRICAL_SURFACE('',#10047,20.07);
#10047 = AXIS2_PLACEMENT_3D('',#10048,#10049,#10050);
#10048 = CARTESIAN_POINT('',(0.,0.,0.));
#10049 = DIRECTION('',(1.,0.,0.));
#10050 = DIRECTION('',(-0.,0.,1.));
#10051 = DEFINITIONAL_REPRESENTATION('',(#10052),#10056);
#10052 = LINE('',#10053,#10054);
#10053 = CARTESIAN_POINT('',(0.,36.894377620445));
#10054 = VECTOR('',#10055,1.);
#10055 = DIRECTION('',(1.,0.));
#10056 = ( GEOMETRIC_REPRESENTATION_CONTEXT(2) 
PARAMETRIC_REPRESENTATION_CONTEXT() REPRESENTATION_CONTEXT('2D SPACE',''
  ) );
#10057 = ORIENTED_EDGE('',*,*,#10058,.T.);
#10058 = EDGE_CURVE('',#9989,#10059,#10061,.T.);
#10059 = VERTEX_POINT('',#10060);
#10060 = CARTESIAN_POINT('',(2.571758278209E-15,-6.29899108718E-31,42.)
  );
#10061 = SEAM_CURVE('',#10062,(#10067,#10074),.PCURVE_S1.);
#10062 = CIRCLE('',#10063,42.);
#10063 = AXIS2_PLACEMENT_3D('',#10064,#10065,#10066);
#10064 = CARTESIAN_POINT('',(0.,0.,0.));
#10065 = DIRECTION('',(-2.449293598295E-16,-1.,0.));
#10066 = DIRECTION('',(1.,-2.449293598295E-16,0.));
#10067 = PCURVE('',#10000,#10068);
#10068 = DEFINITIONAL_REPRESENTATION('',(#10069),#10073);
#10069 = LINE('',#10070,#10071);
#10070 = CARTESIAN_POINT('',(0.,-6.28318530718));
#10071 = VECTOR('',#10072,1.);
#10072 = DIRECTION('',(0.,1.));
#10073 = ( GEOMETRIC_REPRESENTATION_CONTEXT(2) 
PARAMETRIC_REPRESENTATION_CONTEXT() REPRESENTATION_CONTEXT('2D SPACE',''
  ) );
#10074 = PCURVE('',#10000,#10075);
#10075 = DEFINITIONAL_REPRESENTATION('',(#10076),#10080);
#10076 = LINE('',#10077,#10078);
#10077 = CARTESIAN_POINT('',(6.28318530718,-6.28318530718));
#10078 = VECTOR('',#10079,1.);
#10079 = DIRECTION('',(0.,1.));
#10080 = ( GEOMETRIC_REPRESENTATION_CONTEXT(2) 
PARAMETRIC_REPRESENTATION_CONTEXT() REPRESENTATION_CONTEXT('2D SPACE',''
  ) );
#10081 = ORIENTED_EDGE('',*,*,#10058,.F.);
#10082 = ORIENTED_EDGE('',*,*,#10083,.F.);
#10083 = EDGE_CURVE('',#9991,#9989,#10084,.T.);
#10084 = SURFACE_CURVE('',#10085,(#10090,#10131),.PCURVE_S1.);
#10085 = CIRCLE('',#10086,20.07);
#10086 = AXIS2_PLACEMENT_3D('',#10087,#10088,#10089);
#10087 = CARTESIAN_POINT('',(36.894377620445,0.,0.));
#10088 = DIRECTION('',(1.,0.,0.));
#10089 = DIRECTION('',(-0.,0.,1.));
#10090 = PCURVE('',#10000,#10091);
#10091 = DEFINITIONAL_REPRESENTATION('',(#10092),#10130);
#10092 = B_SPLINE_CURVE_WITH_KNOTS('',8,(#10093,#10094,#10095,#10096,
    #10097,#10098,#10099,#10100,#10101,#10102,#10103,#10104,#10105,
    #10106,#10107,#10108,#10109,#10110,#10111,#10112,#10113,#10114,
    #10115,#10116,#10117,#10118,#10119,#10120,#10121,#10122,#10123,
    #10124,#10125,#10126,#10127,#10128,#10129),.UNSPECIFIED.,.F.,.F.,(9,
    7,7,7,7,9),(3.14159265359,3.534291735289,4.221515128261,
    5.25235021772,5.76776776245,6.28318530718),.UNSPECIFIED.);
#10093 = CARTESIAN_POINT('',(0.,-0.498213693216));
#10094 = CARTESIAN_POINT('',(2.670281719743E-02,-0.498213693216));
#10095 = CARTESIAN_POINT('',(5.340562936259E-02,-0.496715667515));
#10096 = CARTESIAN_POINT('',(7.995239742516E-02,-0.493719624321));
#10097 = CARTESIAN_POINT('',(0.106186953006,-0.489240074397));
#10098 = CARTESIAN_POINT('',(0.131960186079,-0.483306139978));
#10099 = CARTESIAN_POINT('',(0.157136392376,-0.475959996483));
#10100 = CARTESIAN_POINT('',(0.181597368544,-0.467254413749));
#10101 = CARTESIAN_POINT('',(0.246622423429,-0.439742725628));
#10102 = CARTESIAN_POINT('',(0.285504533028,-0.418258128218));
#10103 = CARTESIAN_POINT('',(0.321352104502,-0.393122036741));
#10104 = CARTESIAN_POINT('',(0.353796832647,-0.36473567231));
#10105 = CARTESIAN_POINT('',(0.382656874483,-0.333532826095));
#10106 = CARTESIAN_POINT('',(0.407864261715,-0.299939685765));
#10107 = CARTESIAN_POINT('',(0.429411723209,-0.264367458695));
#10108 = CARTESIAN_POINT('',(0.474178861631,-0.171474292543));
#10109 = CARTESIAN_POINT('',(0.492847771855,-0.112172026656));
#10110 = CARTESIAN_POINT('',(0.503390235737,-5.063392816835E-02));
#10111 = CARTESIAN_POINT('',(0.50600565884,1.189664037423E-02));
#10112 = CARTESIAN_POINT('',(0.500757785963,7.426070005133E-02));
#10113 = CARTESIAN_POINT('',(0.487547436822,0.135292200961));
#10114 = CARTESIAN_POINT('',(0.466158946954,0.193724943147));
#10115 = CARTESIAN_POINT('',(0.421769017694,0.27545014212));
#10116 = CARTESIAN_POINT('',(0.404921181069,0.301704571793));
#10117 = CARTESIAN_POINT('',(0.386018671853,0.326802898575));
#10118 = CARTESIAN_POINT('',(0.365070056834,0.350571298663));
#10119 = CARTESIAN_POINT('',(0.342103955234,0.372831328253));
#10120 = CARTESIAN_POINT('',(0.317182903781,0.39340314316));
#10121 = CARTESIAN_POINT('',(0.29041653214,0.412111848741));
#10122 = CARTESIAN_POINT('',(0.23351846902,0.445482741411));
#10123 = CARTESIAN_POINT('',(0.203386764414,0.460144924047));
#10124 = CARTESIAN_POINT('',(0.171734943731,0.472623634756));
#10125 = CARTESIAN_POINT('',(0.138778294013,0.482773312446));
#10126 = CARTESIAN_POINT('',(0.104789461642,0.490471959767));
#10127 = CARTESIAN_POINT('',(7.00948953391E-02,0.495633110128));
#10128 = CARTESIAN_POINT('',(3.504744757163E-02,0.498213693216));
#10129 = CARTESIAN_POINT('',(1.332379774054E-16,0.498213693216));
#10130 = ( GEOMETRIC_REPRESENTATION_CONTEXT(2) 
PARAMETRIC_REPRESENTATION_CONTEXT() REPRESENTATION_CONTEXT('2D SPACE',''
  ) );
#10131 = PCURVE('',#10046,#10132);
#10132 = DEFINITIONAL_REPRESENTATION('',(#10133),#10137);
#10133 = LINE('',#10134,#10135);
#10134 = CARTESIAN_POINT('',(0.,36.894377620445));
#10135 = VECTOR('',#10136,1.);
#10136 = DIRECTION('',(1.,0.));
#10137 = ( GEOMETRIC_REPRESENTATION_CONTEXT(2) 
PARAMETRIC_REPRESENTATION_CONTEXT() REPRESENTATION_CONTEXT('2D SPACE',''
  ) );
#10138 = ORIENTED_EDGE('',*,*,#10139,.F.);
#10139 = EDGE_CURVE('',#10140,#9991,#10142,.T.);
#10140 = VERTEX_POINT('',#10141);
#10141 = CARTESIAN_POINT('',(2.571758278209E-15,-6.29899108718E-31,-42.)
  );
#10142 = SEAM_CURVE('',#10143,(#10148,#10155),.PCURVE_S1.);
#10143 = CIRCLE('',#10144,42.);
#10144 = AXIS2_PLACEMENT_3D('',#10145,#10146,#10147);
#10145 = CARTESIAN_POINT('',(0.,0.,0.));
#10146 = DIRECTION('',(-2.449293598295E-16,-1.,0.));
#10147 = DIRECTION('',(1.,-2.449293598295E-16,0.));
#10148 = PCURVE('',#10000,#10149);
#10149 = DEFINITIONAL_REPRESENTATION('',(#10150),#10154);
#10150 = LINE('',#10151,#10152);
#10151 = CARTESIAN_POINT('',(6.28318530718,-6.28318530718));
#10152 = VECTOR('',#10153,1.);
#10153 = DIRECTION('',(0.,1.));
#10154 = ( GEOMETRIC_REPRESENTATION_CONTEXT(2) 
PARAMETRIC_REPRESENTATION_CONTEXT() REPRESENTATION_CONTEXT('2D SPACE',''
  ) );
#10155 = PCURVE('',#10000,#10156);
#10156 = DEFINITIONAL_REPRESENTATION('',(#10157),#10161);
#10157 = LINE('',#10158,#10159);
#10158 = CARTESIAN_POINT('',(0.,-6.28318530718));
#10159 = VECTOR('',#10160,1.);
#10160 = DIRECTION('',(0.,1.));
#10161 = ( GEOMETRIC_REPRESENTATION_CONTEXT(2) 
PARAMETRIC_REPRESENTATION_CONTEXT() REPRESENTATION_CONTEXT('2D SPACE',''
  ) );
#10162 = ORIENTED_EDGE('',*,*,#10139,.T.);
#10163 = FACE_BOUND('',#10164,.T.);
#10164 = EDGE_LOOP('',(#10165));
#10165 = ORIENTED_EDGE('',*,*,#10166,.F.);
#10166 = EDGE_CURVE('',#10167,#10167,#10169,.T.);
#10167 = VERTEX_POINT('',#10168);
#10168 = CARTESIAN_POINT('',(-4.915732251777E-15,41.709380519729,
    4.932299327946));
#10169 = SURFACE_CURVE('',#10170,(#10175,#10258),.PCURVE_S1.);
#10170 = CIRCLE('',#10171,20.07);
#10171 = AXIS2_PLACEMENT_3D('',#10172,#10173,#10174);
#10172 = CARTESIAN_POINT('',(0.,34.255569645302,-13.70222785812));
#10173 = DIRECTION('',(0.,0.928476690885,-0.371390676354));
#10174 = DIRECTION('',(0.,0.371390676354,0.928476690885));
#10175 = PCURVE('',#10000,#10176);
#10176 = DEFINITIONAL_REPRESENTATION('',(#10177),#10257);
#10177 = B_SPLINE_CURVE_WITH_KNOTS('',8,(#10178,#10179,#10180,#10181,
    #10182,#10183,#10184,#10185,#10186,#10187,#10188,#10189,#10190,
    #10191,#10192,#10193,#10194,#10195,#10196,#10197,#10198,#10199,
    #10200,#10201,#10202,#10203,#10204,#10205,#10206,#10207,#10208,
    #10209,#10210,#10211,#10212,#10213,#10214,#10215,#10216,#10217,
    #10218,#10219,#10220,#10221,#10222,#10223,#10224,#10225,#10226,
    #10227,#10228,#10229,#10230,#10231,#10232,#10233,#10234,#10235,
    #10236,#10237,#10238,#10239,#10240,#10241,#10242,#10243,#10244,
    #10245,#10246,#10247,#10248,#10249,#10250,#10251,#10252,#10253,
    #10254,#10255,#10256),.UNSPECIFIED.,.T.,.F.,(9,7,7,7,7,7,7,7,7,7,7,9
    ),(0.,0.785398163397,1.47262155637,2.073942025221,2.600097435466,
    3.06048341943,3.463321155399,3.815804174372,4.432649457574,
    4.895283419975,5.589234363577,6.28318530718),.UNSPECIFIED.);
#10178 = CARTESIAN_POINT('',(1.570796326795,0.117707316104));
#10179 = CARTESIAN_POINT('',(1.52355593104,0.117707316104));
#10180 = CARTESIAN_POINT('',(1.476315540511,0.112786045322));
#10181 = CARTESIAN_POINT('',(1.429718252345,0.102943595617));
#10182 = CARTESIAN_POINT('',(1.384407319465,8.829679494482E-02));
#10183 = CARTESIAN_POINT('',(1.340967791554,6.908124501558E-02));
#10184 = CARTESIAN_POINT('',(1.299867521087,4.562041401793E-02));
#10185 = CARTESIAN_POINT('',(1.261475109945,1.828738111935E-02));
#10186 = CARTESIAN_POINT('',(1.195123652971,-3.946757645077E-02));
#10187 = CARTESIAN_POINT('',(1.166460311469,-6.907631358737E-02));
#10188 = CARTESIAN_POINT('',(1.140296842782,-0.101071855237));
#10189 = CARTESIAN_POINT('',(1.116790455693,-0.135167385267));
#10190 = CARTESIAN_POINT('',(1.096073046863,-0.171070494842));
#10191 = CARTESIAN_POINT('',(1.078273324791,-0.208487624361));
#10192 = CARTESIAN_POINT('',(1.063539054492,-0.24712196902));
#10193 = CARTESIAN_POINT('',(1.042004764521,-0.321266040934));
#10194 = CARTESIAN_POINT('',(1.034443192282,-0.35656268681));
#10195 = CARTESIAN_POINT('',(1.02949262736,-0.392349040015));
#10196 = CARTESIAN_POINT('',(1.027297496496,-0.428412215821));
#10197 = CARTESIAN_POINT('',(1.028032962049,-0.464528579323));
#10198 = CARTESIAN_POINT('',(1.031910758967,-0.500457609627));
#10199 = CARTESIAN_POINT('',(1.039185066067,-0.535932006413));
#10200 = CARTESIAN_POINT('',(1.05970659558,-0.601026616529));
#10201 = CARTESIAN_POINT('',(1.072093555204,-0.630824314686));
#10202 = CARTESIAN_POINT('',(1.087474173371,-0.659839504617));
#10203 = CARTESIAN_POINT('',(1.106044080955,-0.687848721235));
#10204 = CARTESIAN_POINT('',(1.127996627772,-0.714603759626));
#10205 = CARTESIAN_POINT('',(1.153503948284,-0.739828043372));
#10206 = CARTESIAN_POINT('',(1.18265157638,-0.763218837584));
#10207 = CARTESIAN_POINT('',(1.243994470278,-0.803063099058));
#10208 = CARTESIAN_POINT('',(1.275353335841,-0.820018251947));
#10209 = CARTESIAN_POINT('',(1.309396670455,-0.835128841746));
#10210 = CARTESIAN_POINT('',(1.345983797723,-0.848186655391));
#10211 = CARTESIAN_POINT('',(1.38485164015,-0.858991488711));
#10212 = CARTESIAN_POINT('',(1.425570499316,-0.86737037277));
#10213 = CARTESIAN_POINT('',(1.467577553802,-0.873204599809));
#10214 = CARTESIAN_POINT('',(1.547598231972,-0.879266226735));
#10215 = CARTESIAN_POINT('',(1.585454662334,-0.880103321403));
#10216 = CARTESIAN_POINT('',(1.623410606537,-0.878910810992));
#10217 = CARTESIAN_POINT('',(1.661019765221,-0.87568714128));
#10218 = CARTESIAN_POINT('',(1.69783961838,-0.870471999848));
#10219 = CARTESIAN_POINT('',(1.733487994929,-0.863343140457));
#10220 = CARTESIAN_POINT('',(1.767663229684,-0.854404229488));
#10221 = CARTESIAN_POINT('',(1.828562773454,-0.834474984263));
#10222 = CARTESIAN_POINT('',(1.855684471179,-0.823880750333));
#10223 = CARTESIAN_POINT('',(1.881359108241,-0.812072968721));
#10224 = CARTESIAN_POINT('',(1.905484492571,-0.799141641365));
#10225 = CARTESIAN_POINT('',(1.928004446051,-0.785180940202));
#10226 = CARTESIAN_POINT('',(1.948899805768,-0.770284972312));
#10227 = CARTESIAN_POINT('',(1.968177223265,-0.75454501334));
#10228 = CARTESIAN_POINT('',(2.016809790646,-0.709179470257));
#10229 = CARTESIAN_POINT('',(2.042879692468,-0.677993383033));
#10230 = CARTESIAN_POINT('',(2.064205390508,-0.644958433865));
#10231 = CARTESIAN_POINT('',(2.081092874701,-0.610505614035));
#10232 = CARTESIAN_POINT('',(2.093879958115,-0.575007599596));
#10233 = CARTESIAN_POINT('',(2.102876888297,-0.538792604824));
#10234 = CARTESIAN_POINT('',(2.108358593456,-0.502154214421));
#10235 = CARTESIAN_POINT('',(2.112211593172,-0.437766608418));
#10236 = CARTESIAN_POINT('',(2.112017869466,-0.410084995073));
#10237 = CARTESIAN_POINT('',(2.110078578853,-0.38242988842));
#10238 = CARTESIAN_POINT('',(2.106480488178,-0.354906828242));
#10239 = CARTESIAN_POINT('',(2.101298274593,-0.32761578299));
#10240 = CARTESIAN_POINT('',(2.094595940776,-0.300652973831));
#10241 = CARTESIAN_POINT('',(2.086429059549,-0.27411220212));
#10242 = CARTESIAN_POINT('',(2.062476030323,-0.209045897591));
#10243 = CARTESIAN_POINT('',(2.044921939818,-0.171163167232));
#10244 = CARTESIAN_POINT('',(2.024354623288,-0.134748718653));
#10245 = CARTESIAN_POINT('',(2.000915167852,-0.100105491304));
#10246 = CARTESIAN_POINT('',(1.974735476594,-6.753451844404E-02));
#10247 = CARTESIAN_POINT('',(1.945962692318,-3.733435380718E-02));
#10248 = CARTESIAN_POINT('',(1.91478181527,-9.793479665737E-03));
#10249 = CARTESIAN_POINT('',(1.848076306452,3.944221007799E-02));
#10250 = CARTESIAN_POINT('',(1.812551658418,6.113702061413E-02));
#10251 = CARTESIAN_POINT('',(1.775091188735,7.964496797234E-02));
#10252 = CARTESIAN_POINT('',(1.73598181523,9.47268707535E-02));
#10253 = CARTESIAN_POINT('',(1.695572688772,0.106181422639));
#10254 = CARTESIAN_POINT('',(1.654276321088,0.113865340957));
#10255 = CARTESIAN_POINT('',(1.612536324083,0.117707316104));
#10256 = CARTESIAN_POINT('',(1.570796326795,0.117707316104));
#10257 = ( GEOMETRIC_REPRESENTATION_CONTEXT(2) 
PARAMETRIC_REPRESENTATION_CONTEXT() REPRESENTATION_CONTEXT('2D SPACE',''
  ) );
#10258 = PCURVE('',#10259,#10264);
#10259 = CYLINDRICAL_SURFACE('',#10260,20.07);
#10260 = AXIS2_PLACEMENT_3D('',#10261,#10262,#10263);
#10261 = CARTESIAN_POINT('',(0.,0.,0.));
#10262 = DIRECTION('',(0.,0.928476690885,-0.371390676354));
#10263 = DIRECTION('',(0.,0.371390676354,0.928476690885));
#10264 = DEFINITIONAL_REPRESENTATION('',(#10265),#10269);
#10265 = LINE('',#10266,#10267);
#10266 = CARTESIAN_POINT('',(0.,36.894377620445));
#10267 = VECTOR('',#10268,1.);
#10268 = DIRECTION('',(1.,0.));
#10269 = ( GEOMETRIC_REPRESENTATION_CONTEXT(2) 
PARAMETRIC_REPRESENTATION_CONTEXT() REPRESENTATION_CONTEXT('2D SPACE',''
  ) );
#10270 = FACE_BOUND('',#10271,.T.);
#10271 = EDGE_LOOP('',(#10272));
#10272 = ORIENTED_EDGE('',*,*,#10273,.F.);
#10273 = EDGE_CURVE('',#10274,#10274,#10276,.T.);
#10274 = VERTEX_POINT('',#10275);
#10275 = CARTESIAN_POINT('',(-4.915732251777E-15,-26.80175877087,
    -32.33675504418));
#10276 = SURFACE_CURVE('',#10277,(#10282,#10372),.PCURVE_S1.);
#10277 = CIRCLE('',#10278,20.07);
#10278 = AXIS2_PLACEMENT_3D('',#10279,#10280,#10281);
#10279 = CARTESIAN_POINT('',(0.,-34.2555696453,-13.70222785812));
#10280 = DIRECTION('',(0.,-0.928476690885,-0.371390676354));
#10281 = DIRECTION('',(0.,0.371390676354,-0.928476690885));
#10282 = PCURVE('',#10000,#10283);
#10283 = DEFINITIONAL_REPRESENTATION('',(#10284),#10371);
#10284 = B_SPLINE_CURVE_WITH_KNOTS('',8,(#10285,#10286,#10287,#10288,
    #10289,#10290,#10291,#10292,#10293,#10294,#10295,#10296,#10297,
    #10298,#10299,#10300,#10301,#10302,#10303,#10304,#10305,#10306,
    #10307,#10308,#10309,#10310,#10311,#10312,#10313,#10314,#10315,
    #10316,#10317,#10318,#10319,#10320,#10321,#10322,#10323,#10324,
    #10325,#10326,#10327,#10328,#10329,#10330,#10331,#10332,#10333,
    #10334,#10335,#10336,#10337,#10338,#10339,#10340,#10341,#10342,
    #10343,#10344,#10345,#10346,#10347,#10348,#10349,#10350,#10351,
    #10352,#10353,#10354,#10355,#10356,#10357,#10358,#10359,#10360,
    #10361,#10362,#10363,#10364,#10365,#10366,#10367,#10368,#10369,
    #10370),.UNSPECIFIED.,.T.,.F.,(9,7,7,7,7,7,7,7,7,7,7,7,9),(0.,
    0.392699081699,0.760854470791,1.45114582534,2.05515076057,
    2.583655078896,3.046096357431,3.855368594868,4.462322772946,
    4.917538406505,5.600361856842,5.941773582011,6.28318530718),
  .UNSPECIFIED.);
#10285 = CARTESIAN_POINT('',(4.712388980385,-0.878720070329));
#10286 = CARTESIAN_POINT('',(4.749147158444,-0.878720070329));
#10287 = CARTESIAN_POINT('',(4.785905335961,-0.8768054297));
#10288 = CARTESIAN_POINT('',(4.822264579083,-0.872976166122));
#10289 = CARTESIAN_POINT('',(4.857825964005,-0.867266813687));
#10290 = CARTESIAN_POINT('',(4.892227475189,-0.85974680815));
#10291 = CARTESIAN_POINT('',(4.925182138198,-0.850512852028));
#10292 = CARTESIAN_POINT('',(4.956479299252,-0.839677953986));
#10293 = CARTESIAN_POINT('',(5.01363071873,-0.815819189193));
#10294 = CARTESIAN_POINT('',(5.039702916501,-0.802974458472));
#10295 = CARTESIAN_POINT('',(5.064076150598,-0.788929751158));
#10296 = CARTESIAN_POINT('',(5.086686359787,-0.773791954217));
#10297 = CARTESIAN_POINT('',(5.10751540802,-0.757668537793));
#10298 = CARTESIAN_POINT('',(5.126578296694,-0.740663719264));
#10299 = CARTESIAN_POINT('',(5.143910456075,-0.722876504047));
#10300 = CARTESIAN_POINT('',(5.188904966116,-0.669757137333));
#10301 = CARTESIAN_POINT('',(5.212336272924,-0.632691486223));
#10302 = CARTESIAN_POINT('',(5.230175652729,-0.59381829367));
#10303 = CARTESIAN_POINT('',(5.242906501389,-0.553681085548));
#10304 = CARTESIAN_POINT('',(5.250978807868,-0.51273826436));
#10305 = CARTESIAN_POINT('',(5.254775762884,-0.471394003853));
#10306 = CARTESIAN_POINT('',(5.254614715641,-0.430012970203));
#10307 = CARTESIAN_POINT('',(5.247380600809,-0.352992209972));
#10308 = CARTESIAN_POINT('',(5.241174055569,-0.317281392747));
#10309 = CARTESIAN_POINT('',(5.232311751705,-0.282030548765));
#10310 = CARTESIAN_POINT('',(5.220935517599,-0.247452809187));
#10311 = CARTESIAN_POINT('',(5.207160400771,-0.213753522061));
#10312 = CARTESIAN_POINT('',(5.191084371205,-0.181134711185));
#10313 = CARTESIAN_POINT('',(5.172799518058,-0.149796809513));
#10314 = CARTESIAN_POINT('',(5.134555647194,-9.381029962795E-02));
#10315 = CARTESIAN_POINT('',(5.11509160526,-6.881518236323E-02));
#10316 = CARTESIAN_POINT('',(5.094075612092,-4.508431984196E-02));
#10317 = CARTESIAN_POINT('',(5.071575554643,-2.274828728848E-02));
#10318 = CARTESIAN_POINT('',(5.04766771552,-1.935346681223E-03));
#10319 = CARTESIAN_POINT('',(5.022442492139,1.723080101614E-02));
#10320 = CARTESIAN_POINT('',(4.996008575079,3.463448422182E-02));
#10321 = CARTESIAN_POINT('',(4.944418344298,6.376784556707E-02));
#10322 = CARTESIAN_POINT('',(4.919515367318,7.593482405695E-02));
#10323 = CARTESIAN_POINT('',(4.893870446491,8.660399511064E-02));
#10324 = CARTESIAN_POINT('',(4.867580448701,9.571306781232E-02));
#10325 = CARTESIAN_POINT('',(4.840753844509,0.103209191146));
#10326 = CARTESIAN_POINT('',(4.813509458965,0.10905097459));
#10327 = CARTESIAN_POINT('',(4.785973644339,0.113210015798));
#10328 = CARTESIAN_POINT('',(4.709804778048,0.119980294573));
#10329 = CARTESIAN_POINT('',(4.660837729422,0.119091157299));
#10330 = CARTESIAN_POINT('',(4.612069068151,0.112927178695));
#10331 = CARTESIAN_POINT('',(4.56422402124,0.101539985851));
#10332 = CARTESIAN_POINT('',(4.517996721437,8.512338214854E-02));
#10333 = CARTESIAN_POINT('',(4.473959780148,6.398872518292E-02));
#10334 = CARTESIAN_POINT('',(4.432567693607,3.851683841234E-02));
#10335 = CARTESIAN_POINT('',(4.365395412789,-1.290734000376E-02));
#10336 = CARTESIAN_POINT('',(4.338299245747,-3.714754192636E-02));
#10337 = CARTESIAN_POINT('',(4.31304826002,-6.34102650006E-02));
#10338 = CARTESIAN_POINT('',(4.289766658736,-9.150324842758E-02));
#10339 = CARTESIAN_POINT('',(4.268556765501,-0.121227891249));
#10340 = CARTESIAN_POINT('',(4.249510294572,-0.15238331229));
#10341 = CARTESIAN_POINT('',(4.232720628277,-0.184767253934));
#10342 = CARTESIAN_POINT('',(4.207472250894,-0.243228686965));
#10343 = CARTESIAN_POINT('',(4.197980146113,-0.268858797052));
#10344 = CARTESIAN_POINT('',(4.189861134477,-0.294977242474));
#10345 = CARTESIAN_POINT('',(4.183163323172,-0.321496019708));
#10346 = CARTESIAN_POINT('',(4.177941257886,-0.348325460629));
#10347 = CARTESIAN_POINT('',(4.174258182494,-0.375373227928));
#10348 = CARTESIAN_POINT('',(4.172187762362,-0.402542841887));
#10349 = CARTESIAN_POINT('',(4.17125653463,-0.470515083511));
#10350 = CARTESIAN_POINT('',(4.174518136961,-0.51134182401));
#10351 = CARTESIAN_POINT('',(4.181887318788,-0.551865767976));
#10352 = CARTESIAN_POINT('',(4.193710289903,-0.59171034848));
#10353 = CARTESIAN_POINT('',(4.210392033207,-0.630452851327));
#10354 = CARTESIAN_POINT('',(4.232394344362,-0.667609377466));
#10355 = CARTESIAN_POINT('',(4.26016241875,-0.702606123762));
#10356 = CARTESIAN_POINT('',(4.310759093176,-0.750914190417));
#10357 = CARTESIAN_POINT('',(4.3291154172,-0.766319040754));
#10358 = CARTESIAN_POINT('',(4.34898728055,-0.780947093726));
#10359 = CARTESIAN_POINT('',(4.370383934635,-0.794715849122));
#10360 = CARTESIAN_POINT('',(4.393292908162,-0.807540123777));
#10361 = CARTESIAN_POINT('',(4.417670640365,-0.81933423576));
#10362 = CARTESIAN_POINT('',(4.443434535358,-0.830015416971));
#10363 = CARTESIAN_POINT('',(4.497487514253,-0.849001296699));
#10364 = CARTESIAN_POINT('',(4.525776630057,-0.857305991298));
#10365 = CARTESIAN_POINT('',(4.555204676121,-0.864347118364));
#10366 = CARTESIAN_POINT('',(4.585607811511,-0.870056716365));
#10367 = CARTESIAN_POINT('',(4.616778602733,-0.874378526795));
#10368 = CARTESIAN_POINT('',(4.648474045774,-0.877272883431));
#10369 = CARTESIAN_POINT('',(4.680431500548,-0.878720070329));
#10370 = CARTESIAN_POINT('',(4.712388980385,-0.878720070329));
#10371 = ( GEOMETRIC_REPRESENTATION_CONTEXT(2) 
PARAMETRIC_REPRESENTATION_CONTEXT() REPRESENTATION_CONTEXT('2D SPACE',''
  ) );
#10372 = PCURVE('',#10373,#10378);
#10373 = CYLINDRICAL_SURFACE('',#10374,20.07);
#10374 = AXIS2_PLACEMENT_3D('',#10375,#10376,#10377);
#10375 = CARTESIAN_POINT('',(0.,0.,0.));
#10376 = DIRECTION('',(0.,-0.928476690885,-0.371390676354));
#10377 = DIRECTION('',(0.,0.371390676354,-0.928476690885));
#10378 = DEFINITIONAL_REPRESENTATION('',(#10379),#10383);
#10379 = LINE('',#10380,#10381);
#10380 = CARTESIAN_POINT('',(0.,36.894377620445));
#10381 = VECTOR('',#10382,1.);
#10382 = DIRECTION('',(1.,0.));
#10383 = ( GEOMETRIC_REPRESENTATION_CONTEXT(2) 
PARAMETRIC_REPRESENTATION_CONTEXT() REPRESENTATION_CONTEXT('2D SPACE',''
  ) );
#10384 = FACE_BOUND('',#10385,.T.);
#10385 = EDGE_LOOP('',(#10386));
#10386 = ORIENTED_EDGE('',*,*,#10387,.F.);
#10387 = EDGE_CURVE('',#10388,#10388,#10390,.T.);
#10388 = VERTEX_POINT('',#10389);
#10389 = CARTESIAN_POINT('',(-36.89437762044,4.915732251777E-15,-20.07)
  );
#10390 = SURFACE_CURVE('',#10391,(#10396,#10479),.PCURVE_S1.);
#10391 = CIRCLE('',#10392,20.07);
#10392 = AXIS2_PLACEMENT_3D('',#10393,#10394,#10395);
#10393 = CARTESIAN_POINT('',(-36.89437762044,0.,0.));
#10394 = DIRECTION('',(-1.,0.,0.));
#10395 = DIRECTION('',(0.,0.,-1.));
#10396 = PCURVE('',#10000,#10397);
#10397 = DEFINITIONAL_REPRESENTATION('',(#10398),#10478);
#10398 = B_SPLINE_CURVE_WITH_KNOTS('',8,(#10399,#10400,#10401,#10402,
    #10403,#10404,#10405,#10406,#10407,#10408,#10409,#10410,#10411,
    #10412,#10413,#10414,#10415,#10416,#10417,#10418,#10419,#10420,
    #10421,#10422,#10423,#10424,#10425,#10426,#10427,#10428,#10429,
    #10430,#10431,#10432,#10433,#10434,#10435,#10436,#10437,#10438,
    #10439,#10440,#10441,#10442,#10443,#10444,#10445,#10446,#10447,
    #10448,#10449,#10450,#10451,#10452,#10453,#10454,#10455,#10456,
    #10457,#10458,#10459,#10460,#10461,#10462,#10463,#10464,#10465,
    #10466,#10467,#10468,#10469,#10470,#10471,#10472,#10473,#10474,
    #10475,#10476,#10477),.UNSPECIFIED.,.T.,.F.,(9,7,7,7,7,7,7,7,7,7,7,9
    ),(0.,0.392699081699,1.129009859884,1.773281790796,2.337019730344,
    2.830290427448,3.261902287414,3.639562664885,4.300468325459,
    5.291826816319,5.787506061749,6.28318530718),.UNSPECIFIED.);
#10399 = CARTESIAN_POINT('',(3.14159265359,-0.498213693216));
#10400 = CARTESIAN_POINT('',(3.168295470787,-0.498213693216));
#10401 = CARTESIAN_POINT('',(3.194998282952,-0.496715667515));
#10402 = CARTESIAN_POINT('',(3.221545051016,-0.493719624321));
#10403 = CARTESIAN_POINT('',(3.247779606596,-0.489240074397));
#10404 = CARTESIAN_POINT('',(3.273552839668,-0.483306139978));
#10405 = CARTESIAN_POINT('',(3.298729045966,-0.475959996483));
#10406 = CARTESIAN_POINT('',(3.323190022134,-0.467254413749));
#10407 = CARTESIAN_POINT('',(3.391170761332,-0.438492194349));
#10408 = CARTESIAN_POINT('',(3.432639028206,-0.415168613616));
#10409 = CARTESIAN_POINT('',(3.470579754645,-0.387679933637));
#10410 = CARTESIAN_POINT('',(3.504554671264,-0.356526426628));
#10411 = CARTESIAN_POINT('',(3.534373196962,-0.322246776589));
#10412 = CARTESIAN_POINT('',(3.559980062106,-0.285362838401));
#10413 = CARTESIAN_POINT('',(3.581385943624,-0.246374516362));
#10414 = CARTESIAN_POINT('',(3.61370743281,-0.170220512968));
#10415 = CARTESIAN_POINT('',(3.625599845265,-0.133436200607));
#10416 = CARTESIAN_POINT('',(3.634323590227,-9.572593106107E-02));
#10417 = CARTESIAN_POINT('',(3.639913911211,-5.739649821778E-02));
#10418 = CARTESIAN_POINT('',(3.642397102664,-1.874298820955E-02));
#10419 = CARTESIAN_POINT('',(3.641780436779,1.994486854168E-02));
#10420 = CARTESIAN_POINT('',(3.638052237645,5.837502253149E-02));
#10421 = CARTESIAN_POINT('',(3.625186315126,0.129386514605));
#10422 = CARTESIAN_POINT('',(3.616783053963,0.162098480126));
#10423 = CARTESIAN_POINT('',(3.60596580198,0.19418296863));
#10424 = CARTESIAN_POINT('',(3.592714051892,0.225434700564));
#10425 = CARTESIAN_POINT('',(3.577005709796,0.255641224892));
#10426 = CARTESIAN_POINT('',(3.558827408478,0.284580912959));
#10427 = CARTESIAN_POINT('',(3.538190106362,0.312024062867));
#10428 = CARTESIAN_POINT('',(3.494988103606,0.360240681513));
#10429 = CARTESIAN_POINT('',(3.472986774613,0.381419068869));
#10430 = CARTESIAN_POINT('',(3.449181983223,0.40111990265));
#10431 = CARTESIAN_POINT('',(3.423636403841,0.419187713825));
#10432 = CARTESIAN_POINT('',(3.396447809962,0.43546930265));
#10433 = CARTESIAN_POINT('',(3.36775948043,0.449820351782));
#10434 = CARTESIAN_POINT('',(3.337764622611,0.462113770208));
#10435 = CARTESIAN_POINT('',(3.279514292257,0.481115023192));
#10436 = CARTESIAN_POINT('',(3.25151006169,0.488328961829));
#10437 = CARTESIAN_POINT('',(3.222842290157,0.49382139068));
#10438 = CARTESIAN_POINT('',(3.193692281189,0.497538740715));
#10439 = CARTESIAN_POINT('',(3.164262050502,0.499446187991));
#10440 = CARTESIAN_POINT('',(3.134764147893,0.49953048178));
#10441 = CARTESIAN_POINT('',(3.105409274409,0.497800643149));
#10442 = CARTESIAN_POINT('',(3.05100990791,0.491210112383));
#10443 = CARTESIAN_POINT('',(3.025885296802,0.486767825451));
#10444 = CARTESIAN_POINT('',(3.001155649953,0.480978212948));
#10445 = CARTESIAN_POINT('',(2.976947421797,0.473872667682));
#10446 = CARTESIAN_POINT('',(2.95337499588,0.465493173857));
#10447 = CARTESIAN_POINT('',(2.930537489085,0.455890555525));
#10448 = CARTESIAN_POINT('',(2.908517681065,0.445122394571));
#10449 = CARTESIAN_POINT('',(2.850397497566,0.412475009624));
#10450 = CARTESIAN_POINT('',(2.81612283231,0.388319634436));
#10451 = CARTESIAN_POINT('',(2.784920718239,0.361116764173));
#10452 = CARTESIAN_POINT('',(2.757008859891,0.331241718874));
#10453 = CARTESIAN_POINT('',(2.732474091243,0.299079179305));
#10454 = CARTESIAN_POINT('',(2.711333786611,0.265000701507));
#10455 = CARTESIAN_POINT('',(2.693571166818,0.229362488364));
#10456 = CARTESIAN_POINT('',(2.657541944887,0.137222523207));
#10457 = CARTESIAN_POINT('',(2.643464022836,7.91985350556E-02));
#10458 = CARTESIAN_POINT('',(2.636835160587,1.95890840746E-02));
#10459 = CARTESIAN_POINT('',(2.63751409563,-4.052374669874E-02));
#10460 = CARTESIAN_POINT('',(2.64548562295,-0.100109080267));
#10461 = CARTESIAN_POINT('',(2.660869067072,-0.158115298722));
#10462 = CARTESIAN_POINT('',(2.683854688857,-0.213395150493));
#10463 = CARTESIAN_POINT('',(2.729718174126,-0.290403214322));
#10464 = CARTESIAN_POINT('',(2.746903513747,-0.315087294519));
#10465 = CARTESIAN_POINT('',(2.765984981989,-0.338634255432));
#10466 = CARTESIAN_POINT('',(2.786948452634,-0.360888215383));
#10467 = CARTESIAN_POINT('',(2.809759803324,-0.381689985714));
#10468 = CARTESIAN_POINT('',(2.834353294766,-0.400880280185));
#10469 = CARTESIAN_POINT('',(2.860621105466,-0.418305421616));
#10470 = CARTESIAN_POINT('',(2.91619798614,-0.449345705231));
#10471 = CARTESIAN_POINT('',(2.945507099583,-0.462960840326));
#10472 = CARTESIAN_POINT('',(2.976183032658,-0.474531097197));
#10473 = CARTESIAN_POINT('',(3.008027191367,-0.483930261697));
#10474 = CARTESIAN_POINT('',(3.040790558449,-0.491053566628));
#10475 = CARTESIAN_POINT('',(3.074182128607,-0.495826973474));
#10476 = CARTESIAN_POINT('',(3.107887374163,-0.498213693216));
#10477 = CARTESIAN_POINT('',(3.14159265359,-0.498213693216));
#10478 = ( GEOMETRIC_REPRESENTATION_CONTEXT(2) 
PARAMETRIC_REPRESENTATION_CONTEXT() REPRESENTATION_CONTEXT('2D SPACE',''
  ) );
#10479 = PCURVE('',#10480,#10485);
#10480 = CYLINDRICAL_SURFACE('',#10481,20.07);
#10481 = AXIS2_PLACEMENT_3D('',#10482,#10483,#10484);
#10482 = CARTESIAN_POINT('',(0.,0.,0.));
#10483 = DIRECTION('',(-1.,0.,0.));
#10484 = DIRECTION('',(0.,0.,-1.));
#10485 = DEFINITIONAL_REPRESENTATION('',(#10486),#10490);
#10486 = LINE('',#10487,#10488);
#10487 = CARTESIAN_POINT('',(0.,36.894377620445));
#10488 = VECTOR('',#10489,1.);
#10489 = DIRECTION('',(1.,0.));
#10490 = ( GEOMETRIC_REPRESENTATION_CONTEXT(2) 
PARAMETRIC_REPRESENTATION_CONTEXT() REPRESENTATION_CONTEXT('2D SPACE',''
  ) );
#10491 = ADVANCED_FACE('',(#10492,#10547),#10046,.T.);
#10492 = FACE_BOUND('',#10493,.T.);
#10493 = EDGE_LOOP('',(#10494,#10495,#10518,#10545,#10546));
#10494 = ORIENTED_EDGE('',*,*,#10083,.T.);
#10495 = ORIENTED_EDGE('',*,*,#10496,.T.);
#10496 = EDGE_CURVE('',#9989,#10497,#10499,.T.);
#10497 = VERTEX_POINT('',#10498);
#10498 = CARTESIAN_POINT('',(110.,4.915732251777E-15,20.07));
#10499 = SEAM_CURVE('',#10500,(#10504,#10511),.PCURVE_S1.);
#10500 = LINE('',#10501,#10502);
#10501 = CARTESIAN_POINT('',(0.,4.915732251777E-15,20.07));
#10502 = VECTOR('',#10503,1.);
#10503 = DIRECTION('',(1.,0.,0.));
#10504 = PCURVE('',#10046,#10505);
#10505 = DEFINITIONAL_REPRESENTATION('',(#10506),#10510);
#10506 = LINE('',#10507,#10508);
#10507 = CARTESIAN_POINT('',(0.,-0.));
#10508 = VECTOR('',#10509,1.);
#10509 = DIRECTION('',(0.,1.));
#10510 = ( GEOMETRIC_REPRESENTATION_CONTEXT(2) 
PARAMETRIC_REPRESENTATION_CONTEXT() REPRESENTATION_CONTEXT('2D SPACE',''
  ) );
#10511 = PCURVE('',#10046,#10512);
#10512 = DEFINITIONAL_REPRESENTATION('',(#10513),#10517);
#10513 = LINE('',#10514,#10515);
#10514 = CARTESIAN_POINT('',(6.28318530718,-0.));
#10515 = VECTOR('',#10516,1.);
#10516 = DIRECTION('',(0.,1.));
#10517 = ( GEOMETRIC_REPRESENTATION_CONTEXT(2) 
PARAMETRIC_REPRESENTATION_CONTEXT() REPRESENTATION_CONTEXT('2D SPACE',''
  ) );
#10518 = ORIENTED_EDGE('',*,*,#10519,.F.);
#10519 = EDGE_CURVE('',#10497,#10497,#10520,.T.);
#10520 = SURFACE_CURVE('',#10521,(#10526,#10533),.PCURVE_S1.);
#10521 = CIRCLE('',#10522,20.07);
#10522 = AXIS2_PLACEMENT_3D('',#10523,#10524,#10525);
#10523 = CARTESIAN_POINT('',(110.,0.,0.));
#10524 = DIRECTION('',(1.,0.,0.));
#10525 = DIRECTION('',(-0.,0.,1.));
#10526 = PCURVE('',#10046,#10527);
#10527 = DEFINITIONAL_REPRESENTATION('',(#10528),#10532);
#10528 = LINE('',#10529,#10530);
#10529 = CARTESIAN_POINT('',(0.,110.));
#10530 = VECTOR('',#10531,1.);
#10531 = DIRECTION('',(1.,0.));
#10532 = ( GEOMETRIC_REPRESENTATION_CONTEXT(2) 
PARAMETRIC_REPRESENTATION_CONTEXT() REPRESENTATION_CONTEXT('2D SPACE',''
  ) );
#10533 = PCURVE('',#10534,#10539);
#10534 = PLANE('',#10535);
#10535 = AXIS2_PLACEMENT_3D('',#10536,#10537,#10538);
#10536 = CARTESIAN_POINT('',(110.,0.,0.));
#10537 = DIRECTION('',(1.,0.,0.));
#10538 = DIRECTION('',(-0.,0.,1.));
#10539 = DEFINITIONAL_REPRESENTATION('',(#10540),#10544);
#10540 = CIRCLE('',#10541,20.07);
#10541 = AXIS2_PLACEMENT_2D('',#10542,#10543);
#10542 = CARTESIAN_POINT('',(0.,0.));
#10543 = DIRECTION('',(1.,0.));
#10544 = ( GEOMETRIC_REPRESENTATION_CONTEXT(2) 
PARAMETRIC_REPRESENTATION_CONTEXT() REPRESENTATION_CONTEXT('2D SPACE',''
  ) );
#10545 = ORIENTED_EDGE('',*,*,#10496,.F.);
#10546 = ORIENTED_EDGE('',*,*,#9988,.T.);
#10547 = FACE_BOUND('',#10548,.T.);
#10548 = EDGE_LOOP('',(#10549));
#10549 = ORIENTED_EDGE('',*,*,#10550,.F.);
#10550 = EDGE_CURVE('',#10551,#10551,#10553,.T.);
#10551 = VERTEX_POINT('',#10552);
#10552 = CARTESIAN_POINT('',(70.,-19.84451813473,-3.));
#10553 = SURFACE_CURVE('',#10554,(#10613,#10675),.PCURVE_S1.);
#10554 = B_SPLINE_CURVE_WITH_KNOTS('',8,(#10555,#10556,#10557,#10558,
    #10559,#10560,#10561,#10562,#10563,#10564,#10565,#10566,#10567,
    #10568,#10569,#10570,#10571,#10572,#10573,#10574,#10575,#10576,
    #10577,#10578,#10579,#10580,#10581,#10582,#10583,#10584,#10585,
    #10586,#10587,#10588,#10589,#10590,#10591,#10592,#10593,#10594,
    #10595,#10596,#10597,#10598,#10599,#10600,#10601,#10602,#10603,
    #10604,#10605,#10606,#10607,#10608,#10609,#10610,#10611,#10612),
  .UNSPECIFIED.,.T.,.F.,(9,7,7,7,7,7,7,7,9),(0.,0.106484038841,
    0.210259826392,0.310219027303,0.430876213322,0.556105082682,
    0.670647551853,0.814353129108,1.),.UNSPECIFIED.);
#10555 = CARTESIAN_POINT('',(70.,-19.84451813473,-3.));
#10556 = CARTESIAN_POINT('',(70.235628009692,-19.84451813473,-3.));
#10557 = CARTESIAN_POINT('',(70.47124942919,-19.84771541795,
    -2.978849223475));
#10558 = CARTESIAN_POINT('',(70.704643018903,-19.8541104572,
    -2.936550221986));
#10559 = CARTESIAN_POINT('',(70.93360602295,-19.86353005452,
    -2.873385427043));
#10560 = CARTESIAN_POINT('',(71.155980823867,-19.87563303812,
    -2.789907189617));
#10561 = CARTESIAN_POINT('',(71.369685850835,-19.88993303518,
    -2.686931249269));
#10562 = CARTESIAN_POINT('',(71.572750741429,-19.90583832029,
    -2.565533632899));
#10563 = CARTESIAN_POINT('',(71.949113038481,-19.93915008687,
    -2.292090418153));
#10564 = CARTESIAN_POINT('',(72.128543858794,-19.95699531113,
    -2.136901547785));
#10565 = CARTESIAN_POINT('',(72.298844533551,-19.97575609445,
    -1.960957351768));
#10566 = CARTESIAN_POINT('',(72.456979737513,-19.99476808868,
    -1.764053455608));
#10567 = CARTESIAN_POINT('',(72.599671134344,-20.01319969842,
    -1.546333200424));
#10568 = CARTESIAN_POINT('',(72.723366192684,-20.03007598499,
    -1.308343180892));
#10569 = CARTESIAN_POINT('',(72.824176824133,-20.0443401182,
    -1.051138518247));
#10570 = CARTESIAN_POINT('',(72.968671304946,-20.06521837192,
    -0.51187777444));
#10571 = CARTESIAN_POINT('',(73.013497415652,-20.07197517529,
    -0.234153563927));
#10572 = CARTESIAN_POINT('',(73.028431245213,-20.07433501232,
    5.085072248091E-02));
#10573 = CARTESIAN_POINT('',(73.011866452949,-20.0717963794,
    0.336626204847));
#10574 = CARTESIAN_POINT('',(72.964341372136,-20.06450953163,
    0.616515468377));
#10575 = CARTESIAN_POINT('',(72.888503518802,-20.05325453656,
    0.884198851308));
#10576 = CARTESIAN_POINT('',(72.789104738936,-20.03923076419,
    1.134141532165));
#10577 = CARTESIAN_POINT('',(72.532897308829,-20.00502897812,
    1.636976926082));
#10578 = CARTESIAN_POINT('',(72.366348295101,-19.98389629214,
    1.883913242456));
#10579 = CARTESIAN_POINT('',(72.179446583789,-19.96187954666,
    2.102642019106));
#10580 = CARTESIAN_POINT('',(71.976947483358,-19.94026956545,
    2.293732575347));
#10581 = CARTESIAN_POINT('',(71.762603995116,-19.92004055729,
    2.458101325734));
#10582 = CARTESIAN_POINT('',(71.539384230221,-19.90188877831,
    2.596772698064));
#10583 = CARTESIAN_POINT('',(71.309618384499,-19.88630594639,
    2.710719583481));
#10584 = CARTESIAN_POINT('',(70.8317035909,-19.86045217394,
    2.894173884555));
#10585 = CARTESIAN_POINT('',(70.58292950621,-19.85039110431,
    2.961932873038));
#10586 = CARTESIAN_POINT('',(70.330766182371,-19.84381530894,
    3.004811493477));
#10587 = CARTESIAN_POINT('',(70.076843071795,-19.84093516936,
    3.023308611509));
#10588 = CARTESIAN_POINT('',(69.822605698267,-19.84183024106,
    3.017631634773));
#10589 = CARTESIAN_POINT('',(69.569470444037,-19.84646468476,
    2.987694361394));
#10590 = CARTESIAN_POINT('',(69.318976556893,-19.85467942801,
    2.933108742453));
#10591 = CARTESIAN_POINT('',(68.847916226419,-19.87666137805,
    2.780051962968));
#10592 = CARTESIAN_POINT('',(68.626650548183,-19.88989341914,
    2.685733226116));
#10593 = CARTESIAN_POINT('',(68.410457486948,-19.90561981969,
    2.569650361081));
#10594 = CARTESIAN_POINT('',(68.201020650884,-19.92349147857,
    2.43102803716));
#10595 = CARTESIAN_POINT('',(68.000494999195,-19.94301606594,
    2.268965850134));
#10596 = CARTESIAN_POINT('',(67.811631841829,-19.96350205435,
    2.082548379332));
#10597 = CARTESIAN_POINT('',(67.637952594994,-19.98401456068,
    1.871001334491));
#10598 = CARTESIAN_POINT('',(67.290823886489,-20.02767617635,
    1.336469998331));
#10599 = CARTESIAN_POINT('',(67.121028758433,-20.05113073356,
    0.987028826721));
#10600 = CARTESIAN_POINT('',(66.998735396909,-20.06981176739,
    0.595911448001));
#10601 = CARTESIAN_POINT('',(66.939093965076,-20.07959775093,
    0.17894965207));
#10602 = CARTESIAN_POINT('',(66.948568443443,-20.07784645557,
    -0.244134972311));
#10603 = CARTESIAN_POINT('',(67.025118654602,-20.06563294995,
    -0.653159379222));
#10604 = CARTESIAN_POINT('',(67.157908572726,-20.04630409293,
    -1.030149300981));
#10605 = CARTESIAN_POINT('',(67.545396868759,-19.99457728782,
    -1.790637901536));
#10606 = CARTESIAN_POINT('',(67.827731988377,-19.95956105404,
    -2.150530286987));
#10607 = CARTESIAN_POINT('',(68.150880339844,-19.9245323124,
    -2.441864595106));
#10608 = CARTESIAN_POINT('',(68.500221698709,-19.89373831158,
    -2.668674326127));
#10609 = CARTESIAN_POINT('',(68.865572152297,-19.8694377433,
    -2.835138278214));
#10610 = CARTESIAN_POINT('',(69.240237827247,-19.85285037883,
    -2.944888240379));
#10611 = CARTESIAN_POINT('',(69.619643853755,-19.84451813473,-3.));
#10612 = CARTESIAN_POINT('',(70.,-19.84451813473,-3.));
#10613 = PCURVE('',#10046,#10614);
#10614 = DEFINITIONAL_REPRESENTATION('',(#10615),#10674);
#10615 = B_SPLINE_CURVE_WITH_KNOTS('',8,(#10616,#10617,#10618,#10619,
    #10620,#10621,#10622,#10623,#10624,#10625,#10626,#10627,#10628,
    #10629,#10630,#10631,#10632,#10633,#10634,#10635,#10636,#10637,
    #10638,#10639,#10640,#10641,#10642,#10643,#10644,#10645,#10646,
    #10647,#10648,#10649,#10650,#10651,#10652,#10653,#10654,#10655,
    #10656,#10657,#10658,#10659,#10660,#10661,#10662,#10663,#10664,
    #10665,#10666,#10667,#10668,#10669,#10670,#10671,#10672,#10673),
  .UNSPECIFIED.,.T.,.F.,(9,7,7,7,7,7,7,7,9),(0.,0.106484038841,
    0.210259826392,0.310219027303,0.430876213322,0.556105082682,
    0.670647551853,0.814353129108,1.),.UNSPECIFIED.);
#10616 = CARTESIAN_POINT('',(1.720835465007,70.));
#10617 = CARTESIAN_POINT('',(1.720835465007,70.235628009692));
#10618 = CARTESIAN_POINT('',(1.719769646475,70.47124942919));
#10619 = CARTESIAN_POINT('',(1.717638110646,70.704643018903));
#10620 = CARTESIAN_POINT('',(1.714456094409,70.93360602295));
#10621 = CARTESIAN_POINT('',(1.710253341466,71.155980823867));
#10622 = CARTESIAN_POINT('',(1.705073467307,71.369685850835));
#10623 = CARTESIAN_POINT('',(1.698973318029,71.572750741429));
#10624 = CARTESIAN_POINT('',(1.685248115381,71.949113038481));
#10625 = CARTESIAN_POINT('',(1.677464956432,72.128543858794));
#10626 = CARTESIAN_POINT('',(1.668649257859,72.298844533551));
#10627 = CARTESIAN_POINT('',(1.658793822437,72.456979737513));
#10628 = CARTESIAN_POINT('',(1.64790870883,72.599671134344));
#10629 = CARTESIAN_POINT('',(1.636023135601,72.723366192684));
#10630 = CARTESIAN_POINT('',(1.623189855939,72.824176824133));
#10631 = CARTESIAN_POINT('',(1.596300729968,72.968671304946));
#10632 = CARTESIAN_POINT('',(1.582460281093,73.013497415652));
#10633 = CARTESIAN_POINT('',(1.568262372221,73.028431245213));
#10634 = CARTESIAN_POINT('',(1.554027022423,73.011866452949));
#10635 = CARTESIAN_POINT('',(1.540080386504,72.964341372136));
#10636 = CARTESIAN_POINT('',(1.526733318885,72.888503518802));
#10637 = CARTESIAN_POINT('',(1.514261068491,72.789104738936));
#10638 = CARTESIAN_POINT('',(1.489149099493,72.532897308829));
#10639 = CARTESIAN_POINT('',(1.476802258357,72.366348295101));
#10640 = CARTESIAN_POINT('',(1.465850682315,72.179446583789));
#10641 = CARTESIAN_POINT('',(1.456269893822,71.976947483358));
#10642 = CARTESIAN_POINT('',(1.448018843804,71.762603995116));
#10643 = CARTESIAN_POINT('',(1.441050723266,71.539384230221));
#10644 = CARTESIAN_POINT('',(1.435320451245,71.309618384499));
#10645 = CARTESIAN_POINT('',(1.426089404936,70.8317035909));
#10646 = CARTESIAN_POINT('',(1.42267635033,70.58292950621));
#10647 = CARTESIAN_POINT('',(1.420514924481,70.330766182371));
#10648 = CARTESIAN_POINT('',(1.419582169612,70.076843071795));
#10649 = CARTESIAN_POINT('',(1.419868535773,69.822605698267));
#10650 = CARTESIAN_POINT('',(1.421377951772,69.569470444037));
#10651 = CARTESIAN_POINT('',(1.424128278369,69.318976556893));
#10652 = CARTESIAN_POINT('',(1.431832675065,68.847916226419));
#10653 = CARTESIAN_POINT('',(1.436578160612,68.626650548183));
#10654 = CARTESIAN_POINT('',(1.442414782276,68.410457486948));
#10655 = CARTESIAN_POINT('',(1.449378582673,68.201020650884));
#10656 = CARTESIAN_POINT('',(1.457511152796,68.000494999195));
#10657 = CARTESIAN_POINT('',(1.466854326145,67.811631841829));
#10658 = CARTESIAN_POINT('',(1.477443003719,67.637952594994));
#10659 = CARTESIAN_POINT('',(1.504165054384,67.290823886489));
#10660 = CARTESIAN_POINT('',(1.521613483324,67.121028758433));
#10661 = CARTESIAN_POINT('',(1.541117458334,66.998735396909));
#10662 = CARTESIAN_POINT('',(1.561885271398,66.939093965076));
#10663 = CARTESIAN_POINT('',(1.582950994399,66.948568443443));
#10664 = CARTESIAN_POINT('',(1.603332368173,67.025118654602));
#10665 = CARTESIAN_POINT('',(1.622138136672,67.157908572726));
#10666 = CARTESIAN_POINT('',(1.660117496104,67.545396868759));
#10667 = CARTESIAN_POINT('',(1.678126403433,67.827731988377));
#10668 = CARTESIAN_POINT('',(1.692742313374,68.150880339844));
#10669 = CARTESIAN_POINT('',(1.704145974137,68.500221698709));
#10670 = CARTESIAN_POINT('',(1.712527768463,68.865572152297));
#10671 = CARTESIAN_POINT('',(1.718058292646,69.240237827247));
#10672 = CARTESIAN_POINT('',(1.720835465007,69.619643853755));
#10673 = CARTESIAN_POINT('',(1.720835465007,70.));
#10674 = ( GEOMETRIC_REPRESENTATION_CONTEXT(2) 
PARAMETRIC_REPRESENTATION_CONTEXT() REPRESENTATION_CONTEXT('2D SPACE',''
  ) );
#10675 = PCURVE('',#10676,#10681);
#10676 = CYLINDRICAL_SURFACE('',#10677,3.);
#10677 = AXIS2_PLACEMENT_3D('',#10678,#10679,#10680);
#10678 = CARTESIAN_POINT('',(70.,0.,0.));
#10679 = DIRECTION('',(0.,-1.,0.));
#10680 = DIRECTION('',(0.,-0.,-1.));
#10681 = DEFINITIONAL_REPRESENTATION('',(#10682),#10741);
#10682 = B_SPLINE_CURVE_WITH_KNOTS('',8,(#10683,#10684,#10685,#10686,
    #10687,#10688,#10689,#10690,#10691,#10692,#10693,#10694,#10695,
    #10696,#10697,#10698,#10699,#10700,#10701,#10702,#10703,#10704,
    #10705,#10706,#10707,#10708,#10709,#10710,#10711,#10712,#10713,
    #10714,#10715,#10716,#10717,#10718,#10719,#10720,#10721,#10722,
    #10723,#10724,#10725,#10726,#10727,#10728,#10729,#10730,#10731,
    #10732,#10733,#10734,#10735,#10736,#10737,#10738,#10739,#10740),
  .UNSPECIFIED.,.F.,.F.,(9,7,7,7,7,7,7,7,9),(0.,0.106484038841,
    0.210259826392,0.310219027303,0.430876213322,0.556105082682,
    0.670647551853,0.814353129108,1.),.UNSPECIFIED.);
#10683 = CARTESIAN_POINT('',(0.,19.844518134739));
#10684 = CARTESIAN_POINT('',(7.854266989725E-02,19.844518134739));
#10685 = CARTESIAN_POINT('',(0.157083036102,19.84771541795));
#10686 = CARTESIAN_POINT('',(0.235619503163,19.854110457205));
#10687 = CARTESIAN_POINT('',(0.314155122743,19.863530054523));
#10688 = CARTESIAN_POINT('',(0.392694221466,19.875633038125));
#10689 = CARTESIAN_POINT('',(0.471238834571,19.889933035186));
#10690 = CARTESIAN_POINT('',(0.549784945403,19.905838320297));
#10691 = CARTESIAN_POINT('',(0.704854739844,19.939150086877));
#10692 = CARTESIAN_POINT('',(0.783648058893,19.956995311134));
#10693 = CARTESIAN_POINT('',(0.864729531376,19.975756094453));
#10694 = CARTESIAN_POINT('',(0.948171403427,19.994768088685));
#10695 = CARTESIAN_POINT('',(1.034099899494,20.013199698421));
#10696 = CARTESIAN_POINT('',(1.122695688794,20.030075984998));
#10697 = CARTESIAN_POINT('',(1.214206574676,20.0443401182));
#10698 = CARTESIAN_POINT('',(1.400301175707,20.065218371923));
#10699 = CARTESIAN_POINT('',(1.493588626961,20.07197517529));
#10700 = CARTESIAN_POINT('',(1.587801736223,20.07433501232));
#10701 = CARTESIAN_POINT('',(1.682076091436,20.071796379403));
#10702 = CARTESIAN_POINT('',(1.775604538315,20.064509531633));
#10703 = CARTESIAN_POINT('',(1.867526321185,20.053254536562));
#10704 = CARTESIAN_POINT('',(1.956802041585,20.039230764194));
#10705 = CARTESIAN_POINT('',(2.144917160187,20.005028978129));
#10706 = CARTESIAN_POINT('',(2.243461913048,19.98389629214));
#10707 = CARTESIAN_POINT('',(2.338366921492,19.961879546669));
#10708 = CARTESIAN_POINT('',(2.430158874622,19.940269565456));
#10709 = CARTESIAN_POINT('',(2.519302224214,19.920040557298));
#10710 = CARTESIAN_POINT('',(2.606227493307,19.901888778314));
#10711 = CARTESIAN_POINT('',(2.691340486996,19.886305946399));
#10712 = CARTESIAN_POINT('',(2.861979166512,19.860452173947));
#10713 = CARTESIAN_POINT('',(2.94749024458,19.85039110431));
#10714 = CARTESIAN_POINT('',(3.032084094012,19.843815308946));
#10715 = CARTESIAN_POINT('',(3.116178864838,19.840935169361));
#10716 = CARTESIAN_POINT('',(3.200179082364,19.841830241064));
#10717 = CARTESIAN_POINT('',(3.284488475203,19.84646468476));
#10718 = CARTESIAN_POINT('',(3.369522364132,19.854679428013));
#10719 = CARTESIAN_POINT('',(3.534623078409,19.876661378059));
#10720 = CARTESIAN_POINT('',(3.614483681028,19.889893419147));
#10721 = CARTESIAN_POINT('',(3.69572633228,19.905619819697));
#10722 = CARTESIAN_POINT('',(3.77872156735,19.923491478571));
#10723 = CARTESIAN_POINT('',(3.863853713763,19.943016065944));
#10724 = CARTESIAN_POINT('',(3.951529763357,19.96350205435));
#10725 = CARTESIAN_POINT('',(4.042200149726,19.984014560688));
#10726 = CARTESIAN_POINT('',(4.254651997762,20.027676176352));
#10727 = CARTESIAN_POINT('',(4.383167649124,20.051130733568));
#10728 = CARTESIAN_POINT('',(4.517219021321,20.069811767394));
#10729 = CARTESIAN_POINT('',(4.654032131428,20.079597750934));
#10730 = CARTESIAN_POINT('',(4.791453737083,20.077846455577));
#10731 = CARTESIAN_POINT('',(4.927427159103,20.065632949951));
#10732 = CARTESIAN_POINT('',(5.059490291986,20.046304092934));
#10733 = CARTESIAN_POINT('',(5.343995728594,19.994577287829));
#10734 = CARTESIAN_POINT('',(5.493611713692,19.959561054046));
#10735 = CARTESIAN_POINT('',(5.63531671507,19.924532312404));
#10736 = CARTESIAN_POINT('',(5.770890845535,19.893738311582));
#10737 = CARTESIAN_POINT('',(5.901941661478,19.869437743303));
#10738 = CARTESIAN_POINT('',(6.029930285866,19.852850378839));
#10739 = CARTESIAN_POINT('',(6.156399925098,19.844518134739));
#10740 = CARTESIAN_POINT('',(6.28318530718,19.844518134739));
#10741 = ( GEOMETRIC_REPRESENTATION_CONTEXT(2) 
PARAMETRIC_REPRESENTATION_CONTEXT() REPRESENTATION_CONTEXT('2D SPACE',''
  ) );
#10742 = ADVANCED_FACE('',(#10743,#10797),#10259,.T.);
#10743 = FACE_BOUND('',#10744,.T.);
#10744 = EDGE_LOOP('',(#10745,#10746,#10769,#10796));
#10745 = ORIENTED_EDGE('',*,*,#10166,.T.);
#10746 = ORIENTED_EDGE('',*,*,#10747,.T.);
#10747 = EDGE_CURVE('',#10167,#10748,#10750,.T.);
#10748 = VERTEX_POINT('',#10749);
#10749 = CARTESIAN_POINT('',(-4.915732251777E-15,109.5862468718,
    -22.21844721288));
#10750 = SEAM_CURVE('',#10751,(#10755,#10762),.PCURVE_S1.);
#10751 = LINE('',#10752,#10753);
#10752 = CARTESIAN_POINT('',(-4.915732251777E-15,7.453810874427,
    18.634527186067));
#10753 = VECTOR('',#10754,1.);
#10754 = DIRECTION('',(0.,0.928476690885,-0.371390676354));
#10755 = PCURVE('',#10259,#10756);
#10756 = DEFINITIONAL_REPRESENTATION('',(#10757),#10761);
#10757 = LINE('',#10758,#10759);
#10758 = CARTESIAN_POINT('',(0.,-0.));
#10759 = VECTOR('',#10760,1.);
#10760 = DIRECTION('',(0.,1.));
#10761 = ( GEOMETRIC_REPRESENTATION_CONTEXT(2) 
PARAMETRIC_REPRESENTATION_CONTEXT() REPRESENTATION_CONTEXT('2D SPACE',''
  ) );
#10762 = PCURVE('',#10259,#10763);
#10763 = DEFINITIONAL_REPRESENTATION('',(#10764),#10768);
#10764 = LINE('',#10765,#10766);
#10765 = CARTESIAN_POINT('',(6.28318530718,-0.));
#10766 = VECTOR('',#10767,1.);
#10767 = DIRECTION('',(0.,1.));
#10768 = ( GEOMETRIC_REPRESENTATION_CONTEXT(2) 
PARAMETRIC_REPRESENTATION_CONTEXT() REPRESENTATION_CONTEXT('2D SPACE',''
  ) );
#10769 = ORIENTED_EDGE('',*,*,#10770,.F.);
#10770 = EDGE_CURVE('',#10748,#10748,#10771,.T.);
#10771 = SURFACE_CURVE('',#10772,(#10777,#10784),.PCURVE_S1.);
#10772 = CIRCLE('',#10773,20.07);
#10773 = AXIS2_PLACEMENT_3D('',#10774,#10775,#10776);
#10774 = CARTESIAN_POINT('',(0.,102.13243599737,-40.85297439895));
#10775 = DIRECTION('',(0.,0.928476690885,-0.371390676354));
#10776 = DIRECTION('',(0.,0.371390676354,0.928476690885));
#10777 = PCURVE('',#10259,#10778);
#10778 = DEFINITIONAL_REPRESENTATION('',(#10779),#10783);
#10779 = LINE('',#10780,#10781);
#10780 = CARTESIAN_POINT('',(0.,110.));
#10781 = VECTOR('',#10782,1.);
#10782 = DIRECTION('',(1.,0.));
#10783 = ( GEOMETRIC_REPRESENTATION_CONTEXT(2) 
PARAMETRIC_REPRESENTATION_CONTEXT() REPRESENTATION_CONTEXT('2D SPACE',''
  ) );
#10784 = PCURVE('',#10785,#10790);
#10785 = PLANE('',#10786);
#10786 = AXIS2_PLACEMENT_3D('',#10787,#10788,#10789);
#10787 = CARTESIAN_POINT('',(0.,102.13243599737,-40.85297439895));
#10788 = DIRECTION('',(0.,0.928476690885,-0.371390676354));
#10789 = DIRECTION('',(0.,0.371390676354,0.928476690885));
#10790 = DEFINITIONAL_REPRESENTATION('',(#10791),#10795);
#10791 = CIRCLE('',#10792,20.07);
#10792 = AXIS2_PLACEMENT_2D('',#10793,#10794);
#10793 = CARTESIAN_POINT('',(0.,0.));
#10794 = DIRECTION('',(1.,0.));
#10795 = ( GEOMETRIC_REPRESENTATION_CONTEXT(2) 
PARAMETRIC_REPRESENTATION_CONTEXT() REPRESENTATION_CONTEXT('2D SPACE',''
  ) );
#10796 = ORIENTED_EDGE('',*,*,#10747,.F.);
#10797 = FACE_BOUND('',#10798,.T.);
#10798 = EDGE_LOOP('',(#10799));
#10799 = ORIENTED_EDGE('',*,*,#10800,.F.);
#10800 = EDGE_CURVE('',#10801,#10801,#10803,.T.);
#10801 = VERTEX_POINT('',#10802);
#10802 = CARTESIAN_POINT('',(19.875771162658,64.993368361968,
    -22.99734734478));
#10803 = SURFACE_CURVE('',#10804,(#10861,#10921),.PCURVE_S1.);
#10804 = B_SPLINE_CURVE_WITH_KNOTS('',7,(#10805,#10806,#10807,#10808,
    #10809,#10810,#10811,#10812,#10813,#10814,#10815,#10816,#10817,
    #10818,#10819,#10820,#10821,#10822,#10823,#10824,#10825,#10826,
    #10827,#10828,#10829,#10830,#10831,#10832,#10833,#10834,#10835,
    #10836,#10837,#10838,#10839,#10840,#10841,#10842,#10843,#10844,
    #10845,#10846,#10847,#10848,#10849,#10850,#10851,#10852,#10853,
    #10854,#10855,#10856,#10857,#10858,#10859,#10860),.UNSPECIFIED.,.T.,
  .F.,(8,6,6,6,6,6,6,6,6,8),(0.,0.103155638036,0.195411864487,
    0.287101186601,0.412633542894,0.522729611791,0.630025563173,
    0.733375466008,0.858125447378,1.),.UNSPECIFIED.);
#10805 = CARTESIAN_POINT('',(19.875771162658,64.993368361968,
    -22.99734734478));
#10806 = CARTESIAN_POINT('',(19.889252095006,64.734355899764,
    -22.99734734478));
#10807 = CARTESIAN_POINT('',(19.90580920673,64.470820687485,
    -23.02343653129));
#10808 = CARTESIAN_POINT('',(19.925038316762,64.204361709789,
    -23.07725760008));
#10809 = CARTESIAN_POINT('',(19.946322256924,63.937140136002,
    -23.16094759686));
#10810 = CARTESIAN_POINT('',(19.968761552729,63.672120944873,
    -23.27702736694));
#10811 = CARTESIAN_POINT('',(19.991040905379,63.413447303391,
    -23.42824616987));
#10812 = CARTESIAN_POINT('',(20.029753631248,62.946751553853,
    -23.78635441367));
#10813 = CARTESIAN_POINT('',(20.046883296913,62.732315316784,
    -23.98870397708));
#10814 = CARTESIAN_POINT('',(20.061050514943,62.534946694222,
    -24.22340964738));
#10815 = CARTESIAN_POINT('',(20.070438460253,62.363696397995,
    -24.48645215708));
#10816 = CARTESIAN_POINT('',(20.073864212869,62.225233758397,
    -24.7713603723));
#10817 = CARTESIAN_POINT('',(20.071285974111,62.123453112298,
    -25.0700340058));
#10818 = CARTESIAN_POINT('',(20.05576445429,61.99479452193,
    -25.67532508389));
#10819 = CARTESIAN_POINT('',(20.043062471679,61.96892759112,
    -25.97497930022));
#10820 = CARTESIAN_POINT('',(20.026506488307,61.978048898485,
    -26.2672912893));
#10821 = CARTESIAN_POINT('',(20.007488003154,62.018515730699,
    -26.54794737161));
#10822 = CARTESIAN_POINT('',(19.987400961401,62.086293551316,
    -26.81344394301));
#10823 = CARTESIAN_POINT('',(19.967447645563,62.176942091322,
    -27.06104836679));
#10824 = CARTESIAN_POINT('',(19.92262588696,62.434393776638,
    -27.60080704971));
#10825 = CARTESIAN_POINT('',(19.898279987737,62.619148117951,
    -27.88026868371));
#10826 = CARTESIAN_POINT('',(19.877397339002,62.832167833569,
    -28.12660849025));
#10827 = CARTESIAN_POINT('',(19.861121741882,63.06807114649,
    -28.34003816238));
#10828 = CARTESIAN_POINT('',(19.850060493296,63.323000882985,
    -28.52081288769));
#10829 = CARTESIAN_POINT('',(19.844518134739,63.594111747372,
    -28.66874358323));
#10830 = CARTESIAN_POINT('',(19.844518134739,64.129225035441,
    -28.88278889845));
#10831 = CARTESIAN_POINT('',(19.84878117902,64.38971918112,
    -28.95661311209));
#10832 = CARTESIAN_POINT('',(19.857308024116,64.657377463046,
    -29.00293393257));
#10833 = CARTESIAN_POINT('',(19.869752084929,64.928725008098,
    -29.0209686875));
#10834 = CARTESIAN_POINT('',(19.885434626785,65.200189236961,
    -29.01046989445));
#10835 = CARTESIAN_POINT('',(19.903428260388,65.468186426401,
    -28.97174605375));
#10836 = CARTESIAN_POINT('',(19.941498850763,65.983612575635,
    -28.84133667877));
#10837 = CARTESIAN_POINT('',(19.962160797923,66.240191020447,
    -28.74879706173));
#10838 = CARTESIAN_POINT('',(19.983913272373,66.495102428025,
    -28.62563370514));
#10839 = CARTESIAN_POINT('',(20.005622905002,66.74382511647,
    -28.46982474741));
#10840 = CARTESIAN_POINT('',(20.025827687454,66.981114621904,
    -28.27982621721));
#10841 = CARTESIAN_POINT('',(20.042820877627,67.200831869296,
    -28.05470656512));
#10842 = CARTESIAN_POINT('',(20.066681739026,67.583044634768,
    -27.54381841883));
#10843 = CARTESIAN_POINT('',(20.073739654045,67.744809148366,
    -27.26397827955));
#10844 = CARTESIAN_POINT('',(20.074692227285,67.871645178681,
    -26.96139665259));
#10845 = CARTESIAN_POINT('',(20.068900531521,67.958026808294,
    -26.64535710559));
#10846 = CARTESIAN_POINT('',(20.057191198486,68.002377523793,
    -26.32668709059));
#10847 = CARTESIAN_POINT('',(20.041444550792,68.00750646916,
    -26.01654911518));
#10848 = CARTESIAN_POINT('',(20.002356795289,67.94906732648,
    -25.37423597992));
#10849 = CARTESIAN_POINT('',(19.97774279109,67.870491437565,
    -25.04461134712));
#10850 = CARTESIAN_POINT('',(19.952361600017,67.754241706505,
    -24.74046420229));
#10851 = CARTESIAN_POINT('',(19.928177530895,67.607336117303,
    -24.46331575053));
#10852 = CARTESIAN_POINT('',(19.906478934636,67.435295806109,
    -24.21359974883));
#10853 = CARTESIAN_POINT('',(19.888118309347,67.242384208539,
    -23.99127024765));
#10854 = CARTESIAN_POINT('',(19.857130221273,66.792194151731,
    -23.57436911239));
#10855 = CARTESIAN_POINT('',(19.845616146168,66.529423166374,
    -23.38752829126));
#10856 = CARTESIAN_POINT('',(19.83986915288,66.247909292585,
    -23.23562952938));
#10857 = CARTESIAN_POINT('',(19.840201947233,65.950808020803,
    -23.11906920153));
#10858 = CARTESIAN_POINT('',(19.846606329388,65.640818954009,
    -23.03897872001));
#10859 = CARTESIAN_POINT('',(19.858741854478,65.320556640003,
    -22.99734734478));
#10860 = CARTESIAN_POINT('',(19.875771162658,64.993368361968,
    -22.99734734478));
#10861 = PCURVE('',#10259,#10862);
#10862 = DEFINITIONAL_REPRESENTATION('',(#10863),#10920);
#10863 = B_SPLINE_CURVE_WITH_KNOTS('',7,(#10864,#10865,#10866,#10867,
    #10868,#10869,#10870,#10871,#10872,#10873,#10874,#10875,#10876,
    #10877,#10878,#10879,#10880,#10881,#10882,#10883,#10884,#10885,
    #10886,#10887,#10888,#10889,#10890,#10891,#10892,#10893,#10894,
    #10895,#10896,#10897,#10898,#10899,#10900,#10901,#10902,#10903,
    #10904,#10905,#10906,#10907,#10908,#10909,#10910,#10911,#10912,
    #10913,#10914,#10915,#10916,#10917,#10918,#10919),.UNSPECIFIED.,.T.,
  .F.,(8,6,6,6,6,6,6,6,6,8),(0.,0.103155638036,0.195411864487,
    0.287101186601,0.412633542894,0.522729611791,0.630025563173,
    0.733375466008,0.858125447378,1.),.UNSPECIFIED.);
#10864 = CARTESIAN_POINT('',(1.431561130044,68.885827970938));
#10865 = CARTESIAN_POINT('',(1.436400932874,68.645340937132));
#10866 = CARTESIAN_POINT('',(1.442540147221,68.410343915926));
#10867 = CARTESIAN_POINT('',(1.450022109786,68.182931609197));
#10868 = CARTESIAN_POINT('',(1.458901521267,67.965904291144));
#10869 = CARTESIAN_POINT('',(1.469234961917,67.762951093863));
#10870 = CARTESIAN_POINT('',(1.481067682707,67.578939900701));
#10871 = CARTESIAN_POINT('',(1.506344258233,67.278621838391));
#10872 = CARTESIAN_POINT('',(1.519699686182,67.154673531805));
#10873 = CARTESIAN_POINT('',(1.534224255793,67.058588863881));
#10874 = CARTESIAN_POINT('',(1.54956419975,66.997278491113));
#10875 = CARTESIAN_POINT('',(1.565303122808,66.97453141244));
#10876 = CARTESIAN_POINT('',(1.581001957782,66.990955057708));
#10877 = CARTESIAN_POINT('',(1.611394522325,67.096298018352));
#10878 = CARTESIAN_POINT('',(1.625747207309,67.183569958107));
#10879 = CARTESIAN_POINT('',(1.63912373488,67.300600826713));
#10880 = CARTESIAN_POINT('',(1.651393013288,67.442406389414));
#10881 = CARTESIAN_POINT('',(1.662465469652,67.603939467236));
#10882 = CARTESIAN_POINT('',(1.672292719978,67.780062498108));
#10883 = CARTESIAN_POINT('',(1.692621948918,68.219561729272));
#10884 = CARTESIAN_POINT('',(1.702207248731,68.494891273986));
#10885 = CARTESIAN_POINT('',(1.709733351921,68.784163422004));
#10886 = CARTESIAN_POINT('',(1.71530099576,69.082459939639));
#10887 = CARTESIAN_POINT('',(1.718987996246,69.386294305288));
#10888 = CARTESIAN_POINT('',(1.720835465007,69.692954504585));
#10889 = CARTESIAN_POINT('',(1.720835465007,70.269289153934));
#10890 = CARTESIAN_POINT('',(1.719414373632,70.538569520942));
#10891 = CARTESIAN_POINT('',(1.716572352854,70.80428711768));
#10892 = CARTESIAN_POINT('',(1.712339835965,71.06292492822));
#10893 = CARTESIAN_POINT('',(1.706775850636,71.311073983278));
#10894 = CARTESIAN_POINT('',(1.699966317321,71.545521453508));
#10895 = CARTESIAN_POINT('',(1.684280371439,71.975649792967));
#10896 = CARTESIAN_POINT('',(1.67519315143,72.179508547397));
#10897 = CARTESIAN_POINT('',(1.664722921715,72.370446125268));
#10898 = CARTESIAN_POINT('',(1.652864723155,72.543513349791));
#10899 = CARTESIAN_POINT('',(1.639648684953,72.69326744194));
#10900 = CARTESIAN_POINT('',(1.625146487547,72.813662444876));
#10901 = CARTESIAN_POINT('',(1.594416057864,72.978798994385));
#10902 = CARTESIAN_POINT('',(1.57847502217,73.025063556075));
#10903 = CARTESIAN_POINT('',(1.562134782251,73.030451858697));
#10904 = CARTESIAN_POINT('',(1.545919262595,72.993281047202));
#10905 = CARTESIAN_POINT('',(1.530348926353,72.916108580359));
#10906 = CARTESIAN_POINT('',(1.515886496482,72.805688334132));
#10907 = CARTESIAN_POINT('',(1.487187103342,72.512879842581));
#10908 = CARTESIAN_POINT('',(1.473340643361,72.31750444594));
#10909 = CARTESIAN_POINT('',(1.461356705688,72.096611866499));
#10910 = CARTESIAN_POINT('',(1.451183081955,71.857283100217));
#10911 = CARTESIAN_POINT('',(1.442745113551,71.604805486612));
#10912 = CARTESIAN_POINT('',(1.435967552411,71.343120461051));
#10913 = CARTESIAN_POINT('',(1.424903307277,70.77029629224));
#10914 = CARTESIAN_POINT('',(1.42107914401,70.456928618364));
#10915 = CARTESIAN_POINT('',(1.419238874018,70.13913576448));
#10916 = CARTESIAN_POINT('',(1.419345653042,69.819994739798));
#10917 = CARTESIAN_POINT('',(1.42140178382,69.502432258751));
#10918 = CARTESIAN_POINT('',(1.425447421304,69.189614660624));
#10919 = CARTESIAN_POINT('',(1.431561130044,68.885827970938));
#10920 = ( GEOMETRIC_REPRESENTATION_CONTEXT(2) 
PARAMETRIC_REPRESENTATION_CONTEXT() REPRESENTATION_CONTEXT('2D SPACE',''
  ) );
#10921 = PCURVE('',#10922,#10927);
#10922 = CYLINDRICAL_SURFACE('',#10923,3.);
#10923 = AXIS2_PLACEMENT_3D('',#10924,#10925,#10926);
#10924 = CARTESIAN_POINT('',(0.,64.993368361968,-25.99734734478));
#10925 = DIRECTION('',(1.,-0.,0.));
#10926 = DIRECTION('',(-0.,0.,1.));
#10927 = DEFINITIONAL_REPRESENTATION('',(#10928),#10985);
#10928 = B_SPLINE_CURVE_WITH_KNOTS('',7,(#10929,#10930,#10931,#10932,
    #10933,#10934,#10935,#10936,#10937,#10938,#10939,#10940,#10941,
    #10942,#10943,#10944,#10945,#10946,#10947,#10948,#10949,#10950,
    #10951,#10952,#10953,#10954,#10955,#10956,#10957,#10958,#10959,
    #10960,#10961,#10962,#10963,#10964,#10965,#10966,#10967,#10968,
    #10969,#10970,#10971,#10972,#10973,#10974,#10975,#10976,#10977,
    #10978,#10979,#10980,#10981,#10982,#10983,#10984),.UNSPECIFIED.,.F.,
  .F.,(8,6,6,6,6,6,6,6,6,8),(0.,0.103155638036,0.195411864487,
    0.287101186601,0.412633542894,0.522729611791,0.630025563173,
    0.733375466008,0.858125447378,1.),.UNSPECIFIED.);
#10929 = CARTESIAN_POINT('',(0.,19.875771162658));
#10930 = CARTESIAN_POINT('',(8.633748740148E-02,19.889252095006));
#10931 = CARTESIAN_POINT('',(0.174182404306,19.90580920673));
#10932 = CARTESIAN_POINT('',(0.264053986827,19.925038316762));
#10933 = CARTESIAN_POINT('',(0.35644479131,19.946322256924));
#10934 = CARTESIAN_POINT('',(0.451895063272,19.968761552729));
#10935 = CARTESIAN_POINT('',(0.550987118402,19.991040905379));
#10936 = CARTESIAN_POINT('',(0.747072824412,20.029753631248));
#10937 = CARTESIAN_POINT('',(0.844841814402,20.046883296913));
#10938 = CARTESIAN_POINT('',(0.945957253613,20.061050514943));
#10939 = CARTESIAN_POINT('',(1.04916782233,20.070438460253));
#10940 = CARTESIAN_POINT('',(1.15346748586,20.073864212869));
#10941 = CARTESIAN_POINT('',(1.257903354692,20.071285974111));
#10942 = CARTESIAN_POINT('',(1.464174568305,20.05576445429));
#10943 = CARTESIAN_POINT('',(1.563669848596,20.043062471679));
#10944 = CARTESIAN_POINT('',(1.6601189189,20.026506488307));
#10945 = CARTESIAN_POINT('',(1.75363559188,20.007488003154));
#10946 = CARTESIAN_POINT('',(1.8442110742,19.987400961401));
#10947 = CARTESIAN_POINT('',(1.931714661571,19.967447645563));
#10948 = CARTESIAN_POINT('',(2.131052678813,19.92262588696));
#10949 = CARTESIAN_POINT('',(2.241645114867,19.898279987737));
#10950 = CARTESIAN_POINT('',(2.348824103585,19.877397339002));
#10951 = CARTESIAN_POINT('',(2.45348748174,19.861121741882));
#10952 = CARTESIAN_POINT('',(2.556517982469,19.850060493296));
#10953 = CARTESIAN_POINT('',(2.658737778006,19.844518134739));
#10954 = CARTESIAN_POINT('',(2.850849327789,19.844518134739));
#10955 = CARTESIAN_POINT('',(2.94060930751,19.84878117902));
#10956 = CARTESIAN_POINT('',(3.030363662918,19.857308024116));
#10957 = CARTESIAN_POINT('',(3.120119135523,19.869752084929));
#10958 = CARTESIAN_POINT('',(3.209882768643,19.885434626785));
#10959 = CARTESIAN_POINT('',(3.299652138263,19.903428260388));
#10960 = CARTESIAN_POINT('',(3.47687476047,19.941498850763));
#10961 = CARTESIAN_POINT('',(3.567354193666,19.962160797923));
#10962 = CARTESIAN_POINT('',(3.660892776375,19.983913272373));
#10963 = CARTESIAN_POINT('',(3.757622583452,20.005622905002));
#10964 = CARTESIAN_POINT('',(3.857792163514,20.025827687454));
#10965 = CARTESIAN_POINT('',(3.961751370525,20.042820877627));
#10966 = CARTESIAN_POINT('',(4.174430914572,20.066681739026));
#10967 = CARTESIAN_POINT('',(4.281422899728,20.073739654045));
#10968 = CARTESIAN_POINT('',(4.389367080484,20.074692227285));
#10969 = CARTESIAN_POINT('',(4.496957655344,20.068900531521));
#10970 = CARTESIAN_POINT('',(4.602912747208,20.057191198486));
#10971 = CARTESIAN_POINT('',(4.705712149028,20.041444550792));
#10972 = CARTESIAN_POINT('',(4.920700856001,20.002356795289));
#10973 = CARTESIAN_POINT('',(5.0324973007,19.97774279109));
#10974 = CARTESIAN_POINT('',(5.13962673633,19.952361600017));
#10975 = CARTESIAN_POINT('',(5.242863565869,19.928177530895));
#10976 = CARTESIAN_POINT('',(5.342930058729,19.906478934636));
#10977 = CARTESIAN_POINT('',(5.440464902949,19.888118309347));
#10978 = CARTESIAN_POINT('',(5.644990816501,19.857130221273));
#10979 = CARTESIAN_POINT('',(5.751573948083,19.845616146168));
#10980 = CARTESIAN_POINT('',(5.856932173744,19.83986915288));
#10981 = CARTESIAN_POINT('',(5.961920113964,19.840201947233));
#10982 = CARTESIAN_POINT('',(6.067368410866,19.846606329388));
#10983 = CARTESIAN_POINT('',(6.174122547835,19.858741854478));
#10984 = CARTESIAN_POINT('',(6.28318530718,19.875771162658));
#10985 = ( GEOMETRIC_REPRESENTATION_CONTEXT(2) 
PARAMETRIC_REPRESENTATION_CONTEXT() REPRESENTATION_CONTEXT('2D SPACE',''
  ) );
#10986 = ADVANCED_FACE('',(#10987,#11041),#10373,.T.);
#10987 = FACE_BOUND('',#10988,.T.);
#10988 = EDGE_LOOP('',(#10989,#10990,#11013,#11040));
#10989 = ORIENTED_EDGE('',*,*,#10273,.T.);
#10990 = ORIENTED_EDGE('',*,*,#10991,.T.);
#10991 = EDGE_CURVE('',#10274,#10992,#10994,.T.);
#10992 = VERTEX_POINT('',#10993);
#10993 = CARTESIAN_POINT('',(-4.915732251777E-15,-94.67862512295,
    -59.48750158501));
#10994 = SEAM_CURVE('',#10995,(#10999,#11006),.PCURVE_S1.);
#10995 = LINE('',#10996,#10997);
#10996 = CARTESIAN_POINT('',(-4.915732251777E-15,7.453810874427,
    -18.63452718606));
#10997 = VECTOR('',#10998,1.);
#10998 = DIRECTION('',(0.,-0.928476690885,-0.371390676354));
#10999 = PCURVE('',#10373,#11000);
#11000 = DEFINITIONAL_REPRESENTATION('',(#11001),#11005);
#11001 = LINE('',#11002,#11003);
#11002 = CARTESIAN_POINT('',(0.,-0.));
#11003 = VECTOR('',#11004,1.);
#11004 = DIRECTION('',(0.,1.));
#11005 = ( GEOMETRIC_REPRESENTATION_CONTEXT(2) 
PARAMETRIC_REPRESENTATION_CONTEXT() REPRESENTATION_CONTEXT('2D SPACE',''
  ) );
#11006 = PCURVE('',#10373,#11007);
#11007 = DEFINITIONAL_REPRESENTATION('',(#11008),#11012);
#11008 = LINE('',#11009,#11010);
#11009 = CARTESIAN_POINT('',(6.28318530718,-0.));
#11010 = VECTOR('',#11011,1.);
#11011 = DIRECTION('',(0.,1.));
#11012 = ( GEOMETRIC_REPRESENTATION_CONTEXT(2) 
PARAMETRIC_REPRESENTATION_CONTEXT() REPRESENTATION_CONTEXT('2D SPACE',''
  ) );
#11013 = ORIENTED_EDGE('',*,*,#11014,.F.);
#11014 = EDGE_CURVE('',#10992,#10992,#11015,.T.);
#11015 = SURFACE_CURVE('',#11016,(#11021,#11028),.PCURVE_S1.);
#11016 = CIRCLE('',#11017,20.07);
#11017 = AXIS2_PLACEMENT_3D('',#11018,#11019,#11020);
#11018 = CARTESIAN_POINT('',(0.,-102.1324359973,-40.85297439895));
#11019 = DIRECTION('',(0.,-0.928476690885,-0.371390676354));
#11020 = DIRECTION('',(0.,0.371390676354,-0.928476690885));
#11021 = PCURVE('',#10373,#11022);
#11022 = DEFINITIONAL_REPRESENTATION('',(#11023),#11027);
#11023 = LINE('',#11024,#11025);
#11024 = CARTESIAN_POINT('',(0.,110.));
#11025 = VECTOR('',#11026,1.);
#11026 = DIRECTION('',(1.,0.));
#11027 = ( GEOMETRIC_REPRESENTATION_CONTEXT(2) 
PARAMETRIC_REPRESENTATION_CONTEXT() REPRESENTATION_CONTEXT('2D SPACE',''
  ) );
#11028 = PCURVE('',#11029,#11034);
#11029 = PLANE('',#11030);
#11030 = AXIS2_PLACEMENT_3D('',#11031,#11032,#11033);
#11031 = CARTESIAN_POINT('',(0.,-102.1324359973,-40.85297439895));
#11032 = DIRECTION('',(0.,-0.928476690885,-0.371390676354));
#11033 = DIRECTION('',(0.,0.371390676354,-0.928476690885));
#11034 = DEFINITIONAL_REPRESENTATION('',(#11035),#11039);
#11035 = CIRCLE('',#11036,20.07);
#11036 = AXIS2_PLACEMENT_2D('',#11037,#11038);
#11037 = CARTESIAN_POINT('',(0.,0.));
#11038 = DIRECTION('',(1.,0.));
#11039 = ( GEOMETRIC_REPRESENTATION_CONTEXT(2) 
PARAMETRIC_REPRESENTATION_CONTEXT() REPRESENTATION_CONTEXT('2D SPACE',''
  ) );
#11040 = ORIENTED_EDGE('',*,*,#10991,.F.);
#11041 = FACE_BOUND('',#11042,.T.);
#11042 = EDGE_LOOP('',(#11043));
#11043 = ORIENTED_EDGE('',*,*,#11044,.F.);
#11044 = EDGE_CURVE('',#11045,#11045,#11047,.T.);
#11045 = VERTEX_POINT('',#11046);
#11046 = CARTESIAN_POINT('',(-19.87577116265,-64.99336836196,
    -28.99734734478));
#11047 = SURFACE_CURVE('',#11048,(#11105,#11165),.PCURVE_S1.);
#11048 = B_SPLINE_CURVE_WITH_KNOTS('',7,(#11049,#11050,#11051,#11052,
    #11053,#11054,#11055,#11056,#11057,#11058,#11059,#11060,#11061,
    #11062,#11063,#11064,#11065,#11066,#11067,#11068,#11069,#11070,
    #11071,#11072,#11073,#11074,#11075,#11076,#11077,#11078,#11079,
    #11080,#11081,#11082,#11083,#11084,#11085,#11086,#11087,#11088,
    #11089,#11090,#11091,#11092,#11093,#11094,#11095,#11096,#11097,
    #11098,#11099,#11100,#11101,#11102,#11103,#11104),.UNSPECIFIED.,.T.,
  .F.,(8,6,6,6,6,6,6,6,6,8),(0.,0.10789805393,0.204395613216,
    0.30030020562,0.431603711668,0.552279177542,0.660414864854,
    0.752809717938,0.864410296167,1.),.UNSPECIFIED.);
#11049 = CARTESIAN_POINT('',(-19.87577116265,-64.99336836196,
    -28.99734734478));
#11050 = CARTESIAN_POINT('',(-19.889252095,-65.25238082417,
    -28.99734734478));
#11051 = CARTESIAN_POINT('',(-19.90580920673,-65.51591603645,
    -28.97125815828));
#11052 = CARTESIAN_POINT('',(-19.92503831676,-65.78237501414,
    -28.91743708949));
#11053 = CARTESIAN_POINT('',(-19.94632225692,-66.04959658793,
    -28.8337470927));
#11054 = CARTESIAN_POINT('',(-19.96876155272,-66.31461577906,
    -28.71766732263));
#11055 = CARTESIAN_POINT('',(-19.99104090537,-66.57328942054,
    -28.56644851969));
#11056 = CARTESIAN_POINT('',(-20.02975363124,-67.03998517008,
    -28.2083402759));
#11057 = CARTESIAN_POINT('',(-20.04688329691,-67.25442140715,
    -28.00599071249));
#11058 = CARTESIAN_POINT('',(-20.06105051494,-67.45179002971,
    -27.77128504219));
#11059 = CARTESIAN_POINT('',(-20.07043846025,-67.62304032594,
    -27.50824253249));
#11060 = CARTESIAN_POINT('',(-20.07386421286,-67.76150296554,
    -27.22333431726));
#11061 = CARTESIAN_POINT('',(-20.07128597411,-67.86328361163,
    -26.92466068377));
#11062 = CARTESIAN_POINT('',(-20.05576445429,-67.99194220199,
    -26.31936960574));
#11063 = CARTESIAN_POINT('',(-20.04306247168,-68.01780913282,
    -26.01971538936));
#11064 = CARTESIAN_POINT('',(-20.0265064883,-68.00868782545,
    -25.72740340022));
#11065 = CARTESIAN_POINT('',(-20.00748800314,-67.96822099321,
    -25.4467473179));
#11066 = CARTESIAN_POINT('',(-19.9874009614,-67.9004431726,
    -25.18125074656));
#11067 = CARTESIAN_POINT('',(-19.96744764556,-67.80979463264,
    -24.93364632284));
#11068 = CARTESIAN_POINT('',(-19.92262588696,-67.55234294729,
    -24.39388763986));
#11069 = CARTESIAN_POINT('',(-19.89827998773,-67.36758860598,
    -24.11442600586));
#11070 = CARTESIAN_POINT('',(-19.877397339,-67.15456889036,
    -23.86808619931));
#11071 = CARTESIAN_POINT('',(-19.86112174188,-66.91866557744,
    -23.65465652718));
#11072 = CARTESIAN_POINT('',(-19.85006049329,-66.66373584095,
    -23.47388180188));
#11073 = CARTESIAN_POINT('',(-19.84451813473,-66.39262497656,
    -23.32595110634));
#11074 = CARTESIAN_POINT('',(-19.84451813473,-65.84553127788,
    -23.10711362687));
#11075 = CARTESIAN_POINT('',(-19.84919966512,-65.57225686942,
    -23.03115707587));
#11076 = CARTESIAN_POINT('',(-19.8585482721,-65.28956808305,
    -22.98468416977));
#11077 = CARTESIAN_POINT('',(-19.87234474551,-64.99920741318,
    -22.96905161529));
#11078 = CARTESIAN_POINT('',(-19.89015016662,-64.70317368524,
    -22.98632479268));
#11079 = CARTESIAN_POINT('',(-19.91117422454,-64.40417466652,
    -23.03929540728));
#11080 = CARTESIAN_POINT('',(-19.95468888264,-63.83940635049,
    -23.2141051804));
#11081 = CARTESIAN_POINT('',(-19.9770795394,-63.56978542771,
    -23.32933884028));
#11082 = CARTESIAN_POINT('',(-20.00019924737,-63.30360549012,
    -23.48030001602));
#11083 = CARTESIAN_POINT('',(-20.02245247869,-63.0475998988,
    -23.66887597776));
#11084 = CARTESIAN_POINT('',(-20.04187332954,-62.80902632648,
    -23.89578681426));
#11085 = CARTESIAN_POINT('',(-20.05642725043,-62.59573659455,
    -24.16054437704));
#11086 = CARTESIAN_POINT('',(-20.0714204671,-62.26340315477,
    -24.71800772838));
#11087 = CARTESIAN_POINT('',(-20.07343637695,-62.13891347164,
    -24.99473912263));
#11088 = CARTESIAN_POINT('',(-20.06990842382,-62.0479382386,
    -25.28513879582));
#11089 = CARTESIAN_POINT('',(-20.06092081569,-61.99281817986,
    -25.58154981577));
#11090 = CARTESIAN_POINT('',(-20.04751863428,-61.97318719517,
    -25.87569793958));
#11091 = CARTESIAN_POINT('',(-20.0312946873,-61.98574092795,
    -26.15941297848));
#11092 = CARTESIAN_POINT('',(-19.99281822169,-62.07027616878,
    -26.74614915275));
#11093 = CARTESIAN_POINT('',(-19.969620173,-62.15493342195,
    -27.04692791813));
#11094 = CARTESIAN_POINT('',(-19.94619369929,-62.2709756097,
    -27.32494509647));
#11095 = CARTESIAN_POINT('',(-19.92403313945,-62.4128752347,
    -27.57921475853));
#11096 = CARTESIAN_POINT('',(-19.90414016549,-62.57628029105,
    -27.80950482474));
#11097 = CARTESIAN_POINT('',(-19.88719125152,-62.75782066527,
    -28.01589670088));
#11098 = CARTESIAN_POINT('',(-19.85713022107,-63.19454257506,
    -28.42032557982));
#11099 = CARTESIAN_POINT('',(-19.84561614649,-63.45731354704,
    -28.60716639161));
#11100 = CARTESIAN_POINT('',(-19.83986915279,-63.73882744806,
    -28.75906516755));
#11101 = CARTESIAN_POINT('',(-19.84020194704,-64.03592868892,
    -28.87562548376));
#11102 = CARTESIAN_POINT('',(-19.84660632959,-64.34591777667,
    -28.95571597067));
#11103 = CARTESIAN_POINT('',(-19.8587418544,-64.66618008245,
    -28.99734734478));
#11104 = CARTESIAN_POINT('',(-19.87577116265,-64.99336836196,
    -28.99734734478));
#11105 = PCURVE('',#10373,#11106);
#11106 = DEFINITIONAL_REPRESENTATION('',(#11107),#11164);
#11107 = B_SPLINE_CURVE_WITH_KNOTS('',7,(#11108,#11109,#11110,#11111,
    #11112,#11113,#11114,#11115,#11116,#11117,#11118,#11119,#11120,
    #11121,#11122,#11123,#11124,#11125,#11126,#11127,#11128,#11129,
    #11130,#11131,#11132,#11133,#11134,#11135,#11136,#11137,#11138,
    #11139,#11140,#11141,#11142,#11143,#11144,#11145,#11146,#11147,
    #11148,#11149,#11150,#11151,#11152,#11153,#11154,#11155,#11156,
    #11157,#11158,#11159,#11160,#11161,#11162,#11163),.UNSPECIFIED.,.T.,
  .F.,(8,6,6,6,6,6,6,6,6,8),(0.,0.10789805393,0.204395613216,
    0.30030020562,0.431603711668,0.552279177542,0.660414864854,
    0.752809717938,0.864410296167,1.),.UNSPECIFIED.);
#11108 = CARTESIAN_POINT('',(4.851624177135,71.114172029062));
#11109 = CARTESIAN_POINT('',(4.846784374305,71.354659062868));
#11110 = CARTESIAN_POINT('',(4.840645159959,71.589656084074));
#11111 = CARTESIAN_POINT('',(4.833163197394,71.817068390803));
#11112 = CARTESIAN_POINT('',(4.824283785912,72.034095708856));
#11113 = CARTESIAN_POINT('',(4.813950345263,72.237048906137));
#11114 = CARTESIAN_POINT('',(4.802117624472,72.421060099299));
#11115 = CARTESIAN_POINT('',(4.776841048947,72.721378161609));
#11116 = CARTESIAN_POINT('',(4.763485620998,72.845326468195));
#11117 = CARTESIAN_POINT('',(4.748961051386,72.941411136119));
#11118 = CARTESIAN_POINT('',(4.733621107429,73.002721508887));
#11119 = CARTESIAN_POINT('',(4.717882184372,73.02546858756));
#11120 = CARTESIAN_POINT('',(4.702183349398,73.009044942292));
#11121 = CARTESIAN_POINT('',(4.671790784858,72.90370198166));
#11122 = CARTESIAN_POINT('',(4.657438099871,72.816430041911));
#11123 = CARTESIAN_POINT('',(4.644061572297,72.699399173272));
#11124 = CARTESIAN_POINT('',(4.631792293889,72.557593610548));
#11125 = CARTESIAN_POINT('',(4.620719837528,72.396060532755));
#11126 = CARTESIAN_POINT('',(4.610892587204,72.219937501941));
#11127 = CARTESIAN_POINT('',(4.590563358262,71.780438270728));
#11128 = CARTESIAN_POINT('',(4.580978058449,71.505108726014));
#11129 = CARTESIAN_POINT('',(4.573451955259,71.215836577996));
#11130 = CARTESIAN_POINT('',(4.567884311419,70.917540060361));
#11131 = CARTESIAN_POINT('',(4.564197310933,70.613705694712));
#11132 = CARTESIAN_POINT('',(4.562349842173,70.307045495414));
#11133 = CARTESIAN_POINT('',(4.562349842173,69.717807548949));
#11134 = CARTESIAN_POINT('',(4.563910357019,69.43586907563));
#11135 = CARTESIAN_POINT('',(4.567026535127,69.156139522681));
#11136 = CARTESIAN_POINT('',(4.571726901826,68.880740623771));
#11137 = CARTESIAN_POINT('',(4.578066143414,68.612295304702));
#11138 = CARTESIAN_POINT('',(4.58611721214,68.354354477608));
#11139 = CARTESIAN_POINT('',(4.604781512994,67.894902980291));
#11140 = CARTESIAN_POINT('',(4.615161445305,67.687362944996));
#11141 = CARTESIAN_POINT('',(4.627125099203,67.496286650524));
#11142 = CARTESIAN_POINT('',(4.640629146213,67.328626780224));
#11143 = CARTESIAN_POINT('',(4.655568130999,67.1913893483));
#11144 = CARTESIAN_POINT('',(4.671775727946,67.091683294113));
#11145 = CARTESIAN_POINT('',(4.703723540021,66.990156132769));
#11146 = CARTESIAN_POINT('',(4.718827541839,66.977345823404));
#11147 = CARTESIAN_POINT('',(4.733942398407,67.000729171123));
#11148 = CARTESIAN_POINT('',(4.748677355054,67.059635770557));
#11149 = CARTESIAN_POINT('',(4.762661904863,67.150652729503));
#11150 = CARTESIAN_POINT('',(4.775579154018,67.267677697965));
#11151 = CARTESIAN_POINT('',(4.801230131087,67.564075043236));
#11152 = CARTESIAN_POINT('',(4.813630020475,67.754383758623));
#11153 = CARTESIAN_POINT('',(4.824406091385,67.965379213015));
#11154 = CARTESIAN_POINT('',(4.833609018726,68.191563089045));
#11155 = CARTESIAN_POINT('',(4.841302743542,68.428808458485));
#11156 = CARTESIAN_POINT('',(4.847548759217,68.674016482869));
#11157 = CARTESIAN_POINT('',(4.858281999973,69.229703711403));
#11158 = CARTESIAN_POINT('',(4.862106163054,69.543071369384));
#11159 = CARTESIAN_POINT('',(4.863946433194,69.860864253775));
#11160 = CARTESIAN_POINT('',(4.863839654203,70.180005245426));
#11161 = CARTESIAN_POINT('',(4.861783523286,70.497567747926));
#11162 = CARTESIAN_POINT('',(4.857737885903,70.810385338006));
#11163 = CARTESIAN_POINT('',(4.851624177135,71.114172029062));
#11164 = ( GEOMETRIC_REPRESENTATION_CONTEXT(2) 
PARAMETRIC_REPRESENTATION_CONTEXT() REPRESENTATION_CONTEXT('2D SPACE',''
  ) );
#11165 = PCURVE('',#11166,#11171);
#11166 = CYLINDRICAL_SURFACE('',#11167,3.);
#11167 = AXIS2_PLACEMENT_3D('',#11168,#11169,#11170);
#11168 = CARTESIAN_POINT('',(0.,-64.99336836196,-25.99734734478));
#11169 = DIRECTION('',(-1.,-0.,0.));
#11170 = DIRECTION('',(-0.,0.,-1.));
#11171 = DEFINITIONAL_REPRESENTATION('',(#11172),#11229);
#11172 = B_SPLINE_CURVE_WITH_KNOTS('',7,(#11173,#11174,#11175,#11176,
    #11177,#11178,#11179,#11180,#11181,#11182,#11183,#11184,#11185,
    #11186,#11187,#11188,#11189,#11190,#11191,#11192,#11193,#11194,
    #11195,#11196,#11197,#11198,#11199,#11200,#11201,#11202,#11203,
    #11204,#11205,#11206,#11207,#11208,#11209,#11210,#11211,#11212,
    #11213,#11214,#11215,#11216,#11217,#11218,#11219,#11220,#11221,
    #11222,#11223,#11224,#11225,#11226,#11227,#11228),.UNSPECIFIED.,.F.,
  .F.,(8,6,6,6,6,6,6,6,6,8),(0.,0.10789805393,0.204395613216,
    0.30030020562,0.431603711668,0.552279177542,0.660414864854,
    0.752809717938,0.864410296167,1.),.UNSPECIFIED.);
#11173 = CARTESIAN_POINT('',(0.,19.875771162658));
#11174 = CARTESIAN_POINT('',(8.63374874015E-02,19.889252095006));
#11175 = CARTESIAN_POINT('',(0.174182404306,19.90580920673));
#11176 = CARTESIAN_POINT('',(0.264053986827,19.925038316762));
#11177 = CARTESIAN_POINT('',(0.35644479131,19.946322256924));
#11178 = CARTESIAN_POINT('',(0.451895063272,19.968761552729));
#11179 = CARTESIAN_POINT('',(0.550987118402,19.991040905379));
#11180 = CARTESIAN_POINT('',(0.747072824412,20.029753631248));
#11181 = CARTESIAN_POINT('',(0.844841814402,20.046883296913));
#11182 = CARTESIAN_POINT('',(0.945957253613,20.061050514943));
#11183 = CARTESIAN_POINT('',(1.04916782233,20.070438460253));
#11184 = CARTESIAN_POINT('',(1.15346748586,20.073864212869));
#11185 = CARTESIAN_POINT('',(1.257903354692,20.071285974111));
#11186 = CARTESIAN_POINT('',(1.464174568283,20.055764454292));
#11187 = CARTESIAN_POINT('',(1.563669848592,20.043062471682));
#11188 = CARTESIAN_POINT('',(1.660118918916,20.026506488305));
#11189 = CARTESIAN_POINT('',(1.753635591899,20.007488003149));
#11190 = CARTESIAN_POINT('',(1.8442110742,19.987400961401));
#11191 = CARTESIAN_POINT('',(1.931714661548,19.967447645568));
#11192 = CARTESIAN_POINT('',(2.131052678813,19.92262588696));
#11193 = CARTESIAN_POINT('',(2.241645114867,19.898279987737));
#11194 = CARTESIAN_POINT('',(2.348824103586,19.877397339002));
#11195 = CARTESIAN_POINT('',(2.45348748174,19.861121741882));
#11196 = CARTESIAN_POINT('',(2.556517982469,19.850060493296));
#11197 = CARTESIAN_POINT('',(2.658737778006,19.844518134739));
#11198 = CARTESIAN_POINT('',(2.855150426828,19.844518134739));
#11199 = CARTESIAN_POINT('',(2.949129794338,19.849199665122));
#11200 = CARTESIAN_POINT('',(3.043732950362,19.858548272106));
#11201 = CARTESIAN_POINT('',(3.139598647619,19.872344745513));
#11202 = CARTESIAN_POINT('',(3.237399920265,19.890150166626));
#11203 = CARTESIAN_POINT('',(3.337830690896,19.911174224549));
#11204 = CARTESIAN_POINT('',(3.534898560641,19.954688882647));
#11205 = CARTESIAN_POINT('',(3.632110987014,19.977079539409));
#11206 = CARTESIAN_POINT('',(3.733069557067,20.000199247377));
#11207 = CARTESIAN_POINT('',(3.837651897239,20.022452478692));
#11208 = CARTESIAN_POINT('',(3.945933871705,20.041873329543));
#11209 = CARTESIAN_POINT('',(4.058144287815,20.056427250432));
#11210 = CARTESIAN_POINT('',(4.274480164349,20.071420467105));
#11211 = CARTESIAN_POINT('',(4.374961452001,20.073436376958));
#11212 = CARTESIAN_POINT('',(4.475254232193,20.069908423822));
#11213 = CARTESIAN_POINT('',(4.574497951618,20.060920815694));
#11214 = CARTESIAN_POINT('',(4.671781947805,20.047518634284));
#11215 = CARTESIAN_POINT('',(4.765983985083,20.031294687301));
#11216 = CARTESIAN_POINT('',(4.963582215263,19.992818221697));
#11217 = CARTESIAN_POINT('',(5.066841473892,19.969620173008));
#11218 = CARTESIAN_POINT('',(5.166144969292,19.946193699293));
#11219 = CARTESIAN_POINT('',(5.262142650466,19.924033139454));
#11220 = CARTESIAN_POINT('',(5.355439343162,19.904140165497));
#11221 = CARTESIAN_POINT('',(5.446583620177,19.887191251523));
#11222 = CARTESIAN_POINT('',(5.644990817801,19.857130221076));
#11223 = CARTESIAN_POINT('',(5.751573943753,19.845616146494));
#11224 = CARTESIAN_POINT('',(5.856932180171,19.839869152791));
#11225 = CARTESIAN_POINT('',(5.961920108754,19.840201947049));
#11226 = CARTESIAN_POINT('',(6.067368413234,19.846606329594));
#11227 = CARTESIAN_POINT('',(6.174122547343,19.858741854401));
#11228 = CARTESIAN_POINT('',(6.28318530718,19.875771162658));
#11229 = ( GEOMETRIC_REPRESENTATION_CONTEXT(2) 
PARAMETRIC_REPRESENTATION_CONTEXT() REPRESENTATION_CONTEXT('2D SPACE',''
  ) );
#11230 = ADVANCED_FACE('',(#11231,#11285),#10480,.T.);
#11231 = FACE_BOUND('',#11232,.T.);
#11232 = EDGE_LOOP('',(#11233,#11234,#11257,#11284));
#11233 = ORIENTED_EDGE('',*,*,#10387,.T.);
#11234 = ORIENTED_EDGE('',*,*,#11235,.T.);
#11235 = EDGE_CURVE('',#10388,#11236,#11238,.T.);
#11236 = VERTEX_POINT('',#11237);
#11237 = CARTESIAN_POINT('',(-110.,4.915732251777E-15,-20.07));
#11238 = SEAM_CURVE('',#11239,(#11243,#11250),.PCURVE_S1.);
#11239 = LINE('',#11240,#11241);
#11240 = CARTESIAN_POINT('',(0.,4.915732251777E-15,-20.07));
#11241 = VECTOR('',#11242,1.);
#11242 = DIRECTION('',(-1.,0.,0.));
#11243 = PCURVE('',#10480,#11244);
#11244 = DEFINITIONAL_REPRESENTATION('',(#11245),#11249);
#11245 = LINE('',#11246,#11247);
#11246 = CARTESIAN_POINT('',(0.,-0.));
#11247 = VECTOR('',#11248,1.);
#11248 = DIRECTION('',(0.,1.));
#11249 = ( GEOMETRIC_REPRESENTATION_CONTEXT(2) 
PARAMETRIC_REPRESENTATION_CONTEXT() REPRESENTATION_CONTEXT('2D SPACE',''
  ) );
#11250 = PCURVE('',#10480,#11251);
#11251 = DEFINITIONAL_REPRESENTATION('',(#11252),#11256);
#11252 = LINE('',#11253,#11254);
#11253 = CARTESIAN_POINT('',(6.28318530718,-0.));
#11254 = VECTOR('',#11255,1.);
#11255 = DIRECTION('',(0.,1.));
#11256 = ( GEOMETRIC_REPRESENTATION_CONTEXT(2) 
PARAMETRIC_REPRESENTATION_CONTEXT() REPRESENTATION_CONTEXT('2D SPACE',''
  ) );
#11257 = ORIENTED_EDGE('',*,*,#11258,.F.);
#11258 = EDGE_CURVE('',#11236,#11236,#11259,.T.);
#11259 = SURFACE_CURVE('',#11260,(#11265,#11272),.PCURVE_S1.);
#11260 = CIRCLE('',#11261,20.07);
#11261 = AXIS2_PLACEMENT_3D('',#11262,#11263,#11264);
#11262 = CARTESIAN_POINT('',(-110.,0.,0.));
#11263 = DIRECTION('',(-1.,0.,0.));
#11264 = DIRECTION('',(0.,0.,-1.));
#11265 = PCURVE('',#10480,#11266);
#11266 = DEFINITIONAL_REPRESENTATION('',(#11267),#11271);
#11267 = LINE('',#11268,#11269);
#11268 = CARTESIAN_POINT('',(0.,110.));
#11269 = VECTOR('',#11270,1.);
#11270 = DIRECTION('',(1.,0.));
#11271 = ( GEOMETRIC_REPRESENTATION_CONTEXT(2) 
PARAMETRIC_REPRESENTATION_CONTEXT() REPRESENTATION_CONTEXT('2D SPACE',''
  ) );
#11272 = PCURVE('',#11273,#11278);
#11273 = PLANE('',#11274);
#11274 = AXIS2_PLACEMENT_3D('',#11275,#11276,#11277);
#11275 = CARTESIAN_POINT('',(-110.,0.,0.));
#11276 = DIRECTION('',(-1.,0.,0.));
#11277 = DIRECTION('',(0.,0.,-1.));
#11278 = DEFINITIONAL_REPRESENTATION('',(#11279),#11283);
#11279 = CIRCLE('',#11280,20.07);
#11280 = AXIS2_PLACEMENT_2D('',#11281,#11282);
#11281 = CARTESIAN_POINT('',(0.,0.));
#11282 = DIRECTION('',(1.,0.));
#11283 = ( GEOMETRIC_REPRESENTATION_CONTEXT(2) 
PARAMETRIC_REPRESENTATION_CONTEXT() REPRESENTATION_CONTEXT('2D SPACE',''
  ) );
#11284 = ORIENTED_EDGE('',*,*,#11235,.F.);
#11285 = FACE_BOUND('',#11286,.T.);
#11286 = EDGE_LOOP('',(#11287));
#11287 = ORIENTED_EDGE('',*,*,#11288,.F.);
#11288 = EDGE_CURVE('',#11289,#11289,#11291,.T.);
#11289 = VERTEX_POINT('',#11290);
#11290 = CARTESIAN_POINT('',(-70.,19.844518134739,3.));
#11291 = SURFACE_CURVE('',#11292,(#11351,#11413),.PCURVE_S1.);
#11292 = B_SPLINE_CURVE_WITH_KNOTS('',8,(#11293,#11294,#11295,#11296,
    #11297,#11298,#11299,#11300,#11301,#11302,#11303,#11304,#11305,
    #11306,#11307,#11308,#11309,#11310,#11311,#11312,#11313,#11314,
    #11315,#11316,#11317,#11318,#11319,#11320,#11321,#11322,#11323,
    #11324,#11325,#11326,#11327,#11328,#11329,#11330,#11331,#11332,
    #11333,#11334,#11335,#11336,#11337,#11338,#11339,#11340,#11341,
    #11342,#11343,#11344,#11345,#11346,#11347,#11348,#11349,#11350),
  .UNSPECIFIED.,.T.,.F.,(9,7,7,7,7,7,7,7,9),(0.,0.121261283071,
    0.229921913407,0.322765298111,0.434907645151,0.559249446536,
    0.67298054564,0.81566817379,1.),.UNSPECIFIED.);
#11293 = CARTESIAN_POINT('',(-70.,19.844518134739,3.));
#11294 = CARTESIAN_POINT('',(-69.75308160533,19.844518134739,3.));
#11295 = CARTESIAN_POINT('',(-69.50635369395,19.848029282526,
    2.976774239802));
#11296 = CARTESIAN_POINT('',(-69.26103810503,19.855042544487,
    2.930382963803));
#11297 = CARTESIAN_POINT('',(-69.01844007322,19.865446508809,
    2.860531958683));
#11298 = CARTESIAN_POINT('',(-68.78007362912,19.87902177843,
    2.766627351236));
#11299 = CARTESIAN_POINT('',(-68.54781009792,19.895406181107,
    2.647831800906));
#11300 = CARTESIAN_POINT('',(-68.32406502126,19.914042939407,
    2.503133311226));
#11301 = CARTESIAN_POINT('',(-67.92204496113,19.952118265241,
    2.177583885507));
#11302 = CARTESIAN_POINT('',(-67.73924795382,19.971481875218,
    2.000259894746));
#11303 = CARTESIAN_POINT('',(-67.56794026093,19.99152935689,
    1.799090353734));
#11304 = CARTESIAN_POINT('',(-67.41245671536,20.011325863036,
    1.574374361413));
#11305 = CARTESIAN_POINT('',(-67.27716274325,20.029735297761,
    1.327059090477));
#11306 = CARTESIAN_POINT('',(-67.16646283476,20.045511809764,
    1.058746940242));
#11307 = CARTESIAN_POINT('',(-67.08483975462,20.057437883143,
    0.77176224977));
#11308 = CARTESIAN_POINT('',(-66.99600348746,20.070556947878,
    0.210872133378));
#11309 = CARTESIAN_POINT('',(-66.98054840353,20.072932399105,
    -5.342631779454E-02));
#11310 = CARTESIAN_POINT('',(-66.99196041176,20.071231406776,
    -0.318854994616));
#11311 = CARTESIAN_POINT('',(-67.03018247246,20.065414619552,
    -0.580477157432));
#11312 = CARTESIAN_POINT('',(-67.09376713414,20.055894997131,
    -0.833468212196));
#11313 = CARTESIAN_POINT('',(-67.17990896536,20.043462648363,
    -1.073408595846));
#11314 = CARTESIAN_POINT('',(-67.28445846226,20.029116312526,
    -1.296544086578));
#11315 = CARTESIAN_POINT('',(-67.54380613641,19.995449405507,
    -1.745747435027));
#11316 = CARTESIAN_POINT('',(-67.70680657977,19.97541968518,
    -1.966723080156));
#11317 = CARTESIAN_POINT('',(-67.88625591761,19.954978626936,
    -2.163076546694));
#11318 = CARTESIAN_POINT('',(-68.07847115103,19.935113419374,
    -2.335406481238));
#11319 = CARTESIAN_POINT('',(-68.28053010258,19.91657327422,
    -2.48452255118));
#11320 = CARTESIAN_POINT('',(-68.49011046458,19.899902937003,
    -2.61128186477));
#11321 = CARTESIAN_POINT('',(-68.70537644143,19.885494770803,
    -2.716475557867));
#11322 = CARTESIAN_POINT('',(-69.1682964091,19.860452173947,
    -2.894173884555));
#11323 = CARTESIAN_POINT('',(-69.41707049379,19.85039110431,
    -2.961932873038));
#11324 = CARTESIAN_POINT('',(-69.66923381762,19.843815308946,
    -3.004811493477));
#11325 = CARTESIAN_POINT('',(-69.9231569282,19.840935169361,
    -3.023308611509));
#11326 = CARTESIAN_POINT('',(-70.17739430173,19.841830241064,
    -3.017631634773));
#11327 = CARTESIAN_POINT('',(-70.43052955596,19.84646468476,
    -2.987694361394));
#11328 = CARTESIAN_POINT('',(-70.6810234431,19.854679428013,
    -2.933108742453));
#11329 = CARTESIAN_POINT('',(-71.15208377358,19.876661378059,
    -2.780051962968));
#11330 = CARTESIAN_POINT('',(-71.37334945181,19.889893419147,
    -2.685733226116));
#11331 = CARTESIAN_POINT('',(-71.58954251305,19.905619819697,
    -2.569650361081));
#11332 = CARTESIAN_POINT('',(-71.79897934911,19.923491478571,
    -2.43102803716));
#11333 = CARTESIAN_POINT('',(-71.9995050008,19.943016065944,
    -2.268965850134));
#11334 = CARTESIAN_POINT('',(-72.18836815817,19.96350205435,
    -2.082548379332));
#11335 = CARTESIAN_POINT('',(-72.362047405,19.984014560688,
    -1.871001334491));
#11336 = CARTESIAN_POINT('',(-72.70917611351,20.027676176352,
    -1.336469998331));
#11337 = CARTESIAN_POINT('',(-72.87897124156,20.051130733568,
    -0.987028826721));
#11338 = CARTESIAN_POINT('',(-73.00126460309,20.069811767394,
    -0.595911448002));
#11339 = CARTESIAN_POINT('',(-73.06090603492,20.079597750934,
    -0.178949652068));
#11340 = CARTESIAN_POINT('',(-73.05143155655,20.077846455577,
    0.244134972308));
#11341 = CARTESIAN_POINT('',(-72.97488134539,20.06563294995,
    0.653159379223));
#11342 = CARTESIAN_POINT('',(-72.84209142727,20.046304092934,
    1.030149300981));
#11343 = CARTESIAN_POINT('',(-72.4546031328,19.994577288037,
    1.790637898476));
#11344 = CARTESIAN_POINT('',(-72.17226800309,19.959561053196,
    2.150530298422));
#11345 = CARTESIAN_POINT('',(-71.84911968087,19.924532314014,
    2.441864574805));
#11346 = CARTESIAN_POINT('',(-71.49977827285,19.89373830989,
    2.668674346454));
#11347 = CARTESIAN_POINT('',(-71.13442787108,19.869437744284,
    2.835138266834));
#11348 = CARTESIAN_POINT('',(-70.75976216161,19.852850378583,
    2.944888243287));
#11349 = CARTESIAN_POINT('',(-70.38035614878,19.844518134739,3.));
#11350 = CARTESIAN_POINT('',(-70.,19.844518134739,3.));
#11351 = PCURVE('',#10480,#11352);
#11352 = DEFINITIONAL_REPRESENTATION('',(#11353),#11412);
#11353 = B_SPLINE_CURVE_WITH_KNOTS('',8,(#11354,#11355,#11356,#11357,
    #11358,#11359,#11360,#11361,#11362,#11363,#11364,#11365,#11366,
    #11367,#11368,#11369,#11370,#11371,#11372,#11373,#11374,#11375,
    #11376,#11377,#11378,#11379,#11380,#11381,#11382,#11383,#11384,
    #11385,#11386,#11387,#11388,#11389,#11390,#11391,#11392,#11393,
    #11394,#11395,#11396,#11397,#11398,#11399,#11400,#11401,#11402,
    #11403,#11404,#11405,#11406,#11407,#11408,#11409,#11410,#11411),
  .UNSPECIFIED.,.T.,.F.,(9,7,7,7,7,7,7,7,9),(0.,0.121261283071,
    0.229921913407,0.322765298111,0.434907645151,0.559249446536,
    0.67298054564,0.81566817379,1.),.UNSPECIFIED.);
#11354 = CARTESIAN_POINT('',(4.562349842173,70.));
#11355 = CARTESIAN_POINT('',(4.562349842173,69.753081605331));
#11356 = CARTESIAN_POINT('',(4.563520228307,69.506353693959));
#11357 = CARTESIAN_POINT('',(4.565857968336,69.261038105037));
#11358 = CARTESIAN_POINT('',(4.569376718477,69.018440073226));
#11359 = CARTESIAN_POINT('',(4.574104117422,68.78007362912));
#11360 = CARTESIAN_POINT('',(4.580078910595,68.547810097928));
#11361 = CARTESIAN_POINT('',(4.587347660901,68.324065021264));
#11362 = CARTESIAN_POINT('',(4.603678924148,67.922044961132));
#11363 = CARTESIAN_POINT('',(4.612566462227,67.739247953823));
#11364 = CARTESIAN_POINT('',(4.622638728991,67.567940260937));
#11365 = CARTESIAN_POINT('',(4.633877122709,67.412456715361));
#11366 = CARTESIAN_POINT('',(4.646231265508,67.277162743252));
#11367 = CARTESIAN_POINT('',(4.659620030235,67.166462834761));
#11368 = CARTESIAN_POINT('',(4.673929202055,67.084839754629));
#11369 = CARTESIAN_POINT('',(4.701883537933,66.996003487461));
#11370 = CARTESIAN_POINT('',(4.715051540837,66.980548403539));
#11371 = CARTESIAN_POINT('',(4.728274327246,66.991960411765));
#11372 = CARTESIAN_POINT('',(4.741309877185,67.030182472463));
#11373 = CARTESIAN_POINT('',(4.753921561181,67.093767134144));
#11374 = CARTESIAN_POINT('',(4.765891216727,67.179908965367));
#11375 = CARTESIAN_POINT('',(4.777031403868,67.284458462264));
#11376 = CARTESIAN_POINT('',(4.799476008547,67.543806136412));
#11377 = CARTESIAN_POINT('',(4.810530048128,67.706806579777));
#11378 = CARTESIAN_POINT('',(4.820365064794,67.886255917618));
#11379 = CARTESIAN_POINT('',(4.829007555056,68.07847115103));
#11380 = CARTESIAN_POINT('',(4.836494165532,68.280530102585));
#11381 = CARTESIAN_POINT('',(4.842864247461,68.490110464581));
#11382 = CARTESIAN_POINT('',(4.848154484827,68.70537644143));
#11383 = CARTESIAN_POINT('',(4.857095902244,69.1682964091));
#11384 = CARTESIAN_POINT('',(4.86050895685,69.41707049379));
#11385 = CARTESIAN_POINT('',(4.862670382698,69.669233817629));
#11386 = CARTESIAN_POINT('',(4.863603137567,69.923156928205));
#11387 = CARTESIAN_POINT('',(4.863316771407,70.177394301733));
#11388 = CARTESIAN_POINT('',(4.861807355407,70.430529555963));
#11389 = CARTESIAN_POINT('',(4.859057028811,70.681023443107));
#11390 = CARTESIAN_POINT('',(4.851352632115,71.152083773581));
#11391 = CARTESIAN_POINT('',(4.846607146567,71.373349451818));
#11392 = CARTESIAN_POINT('',(4.840770524903,71.589542513052));
#11393 = CARTESIAN_POINT('',(4.833806724506,71.798979349115));
#11394 = CARTESIAN_POINT('',(4.825674154384,71.999505000805));
#11395 = CARTESIAN_POINT('',(4.816330981034,72.18836815817));
#11396 = CARTESIAN_POINT('',(4.805742303461,72.362047405007));
#11397 = CARTESIAN_POINT('',(4.779020252796,72.709176113511));
#11398 = CARTESIAN_POINT('',(4.761571823855,72.878971241567));
#11399 = CARTESIAN_POINT('',(4.742067848845,73.001264603091));
#11400 = CARTESIAN_POINT('',(4.721300035782,73.060906034924));
#11401 = CARTESIAN_POINT('',(4.70023431278,73.051431556557));
#11402 = CARTESIAN_POINT('',(4.679852939006,72.974881345398));
#11403 = CARTESIAN_POINT('',(4.661047170508,72.842091427274));
#11404 = CARTESIAN_POINT('',(4.623067811229,72.4546031328));
#11405 = CARTESIAN_POINT('',(4.605058903175,72.17226800309));
#11406 = CARTESIAN_POINT('',(4.59044299482,71.849119680873));
#11407 = CARTESIAN_POINT('',(4.579039332026,71.499778272856));
#11408 = CARTESIAN_POINT('',(4.570657539286,71.134427871084));
#11409 = CARTESIAN_POINT('',(4.565127014388,70.759762161611));
#11410 = CARTESIAN_POINT('',(4.562349842173,70.380356148781));
#11411 = CARTESIAN_POINT('',(4.562349842173,70.));
#11412 = ( GEOMETRIC_REPRESENTATION_CONTEXT(2) 
PARAMETRIC_REPRESENTATION_CONTEXT() REPRESENTATION_CONTEXT('2D SPACE',''
  ) );
#11413 = PCURVE('',#11414,#11419);
#11414 = CYLINDRICAL_SURFACE('',#11415,3.);
#11415 = AXIS2_PLACEMENT_3D('',#11416,#11417,#11418);
#11416 = CARTESIAN_POINT('',(-70.,0.,0.));
#11417 = DIRECTION('',(0.,1.,-0.));
#11418 = DIRECTION('',(0.,0.,1.));
#11419 = DEFINITIONAL_REPRESENTATION('',(#11420),#11479);
#11420 = B_SPLINE_CURVE_WITH_KNOTS('',8,(#11421,#11422,#11423,#11424,
    #11425,#11426,#11427,#11428,#11429,#11430,#11431,#11432,#11433,
    #11434,#11435,#11436,#11437,#11438,#11439,#11440,#11441,#11442,
    #11443,#11444,#11445,#11446,#11447,#11448,#11449,#11450,#11451,
    #11452,#11453,#11454,#11455,#11456,#11457,#11458,#11459,#11460,
    #11461,#11462,#11463,#11464,#11465,#11466,#11467,#11468,#11469,
    #11470,#11471,#11472,#11473,#11474,#11475,#11476,#11477,#11478),
  .UNSPECIFIED.,.F.,.F.,(9,7,7,7,7,7,7,7,9),(0.,0.121261283071,
    0.229921913407,0.322765298111,0.434907645151,0.559249446536,
    0.67298054564,0.81566817379,1.),.UNSPECIFIED.);
#11421 = CARTESIAN_POINT('',(0.,19.844518134739));
#11422 = CARTESIAN_POINT('',(8.230613155644E-02,19.844518134739));
#11423 = CARTESIAN_POINT('',(0.164548675983,19.848029282526));
#11424 = CARTESIAN_POINT('',(0.247170490376,19.855042544487));
#11425 = CARTESIAN_POINT('',(0.330579522513,19.865446508809));
#11426 = CARTESIAN_POINT('',(0.415187848384,19.87902177843));
#11427 = CARTESIAN_POINT('',(0.501421336445,19.895406181107));
#11428 = CARTESIAN_POINT('',(0.589736163651,19.914042939407));
#11429 = CARTESIAN_POINT('',(0.762170549669,19.952118265241));
#11430 = CARTESIAN_POINT('',(0.846721603941,19.971481875218));
#11431 = CARTESIAN_POINT('',(0.934123816825,19.99152935689));
#11432 = CARTESIAN_POINT('',(1.024274450684,20.011325863036));
#11433 = CARTESIAN_POINT('',(1.11717136119,20.029735297761));
#11434 = CARTESIAN_POINT('',(1.212900199251,20.045511809764));
#11435 = CARTESIAN_POINT('',(1.311640346676,20.057437883143));
#11436 = CARTESIAN_POINT('',(1.500934240758,20.070556947878));
#11437 = CARTESIAN_POINT('',(1.588754850005,20.072932399105));
#11438 = CARTESIAN_POINT('',(1.676558163251,20.071231406776));
#11439 = CARTESIAN_POINT('',(1.763789818655,20.065414619551));
#11440 = CARTESIAN_POINT('',(1.84989317359,20.055894997131));
#11441 = CARTESIAN_POINT('',(1.934246177326,20.043462648363));
#11442 = CARTESIAN_POINT('',(2.016084884805,20.029116312526));
#11443 = CARTESIAN_POINT('',(2.188983334237,19.995449405507));
#11444 = CARTESIAN_POINT('',(2.279940382757,19.97541968518));
#11445 = CARTESIAN_POINT('',(2.367819882039,19.954978626936));
#11446 = CARTESIAN_POINT('',(2.453057533401,19.935113419374));
#11447 = CARTESIAN_POINT('',(2.53604263375,19.91657327422));
#11448 = CARTESIAN_POINT('',(2.617139135938,19.899902937003));
#11449 = CARTESIAN_POINT('',(2.696694364571,19.885494770803));
#11450 = CARTESIAN_POINT('',(2.861979166512,19.860452173947));
#11451 = CARTESIAN_POINT('',(2.94749024458,19.85039110431));
#11452 = CARTESIAN_POINT('',(3.032084094012,19.843815308946));
#11453 = CARTESIAN_POINT('',(3.116178864838,19.840935169361));
#11454 = CARTESIAN_POINT('',(3.200179082364,19.841830241064));
#11455 = CARTESIAN_POINT('',(3.284488475203,19.84646468476));
#11456 = CARTESIAN_POINT('',(3.369522364132,19.854679428013));
#11457 = CARTESIAN_POINT('',(3.534623078409,19.876661378059));
#11458 = CARTESIAN_POINT('',(3.614483681028,19.889893419147));
#11459 = CARTESIAN_POINT('',(3.69572633228,19.905619819697));
#11460 = CARTESIAN_POINT('',(3.77872156735,19.923491478571));
#11461 = CARTESIAN_POINT('',(3.863853713764,19.943016065944));
#11462 = CARTESIAN_POINT('',(3.951529763357,19.96350205435));
#11463 = CARTESIAN_POINT('',(4.042200149726,19.984014560688));
#11464 = CARTESIAN_POINT('',(4.254651997762,20.027676176352));
#11465 = CARTESIAN_POINT('',(4.383167649125,20.051130733568));
#11466 = CARTESIAN_POINT('',(4.517219021319,20.069811767394));
#11467 = CARTESIAN_POINT('',(4.654032131431,20.079597750934));
#11468 = CARTESIAN_POINT('',(4.79145373708,20.077846455577));
#11469 = CARTESIAN_POINT('',(4.927427159104,20.06563294995));
#11470 = CARTESIAN_POINT('',(5.059490291986,20.046304092934));
#11471 = CARTESIAN_POINT('',(5.343995727449,19.994577288037));
#11472 = CARTESIAN_POINT('',(5.493611718744,19.959561053196));
#11473 = CARTESIAN_POINT('',(5.635316704433,19.924532314014));
#11474 = CARTESIAN_POINT('',(5.770890858595,19.89373830989));
#11475 = CARTESIAN_POINT('',(5.901941651747,19.869437744284));
#11476 = CARTESIAN_POINT('',(6.029930290063,19.852850378583));
#11477 = CARTESIAN_POINT('',(6.156399924253,19.844518134739));
#11478 = CARTESIAN_POINT('',(6.28318530718,19.844518134739));
#11479 = ( GEOMETRIC_REPRESENTATION_CONTEXT(2) 
PARAMETRIC_REPRESENTATION_CONTEXT() REPRESENTATION_CONTEXT('2D SPACE',''
  ) );
#11480 = ADVANCED_FACE('',(#11481,#11484),#10534,.T.);
#11481 = FACE_BOUND('',#11482,.T.);
#11482 = EDGE_LOOP('',(#11483));
#11483 = ORIENTED_EDGE('',*,*,#10519,.T.);
#11484 = FACE_BOUND('',#11485,.T.);
#11485 = EDGE_LOOP('',(#11486));
#11486 = ORIENTED_EDGE('',*,*,#11487,.F.);
#11487 = EDGE_CURVE('',#11488,#11488,#11490,.T.);
#11488 = VERTEX_POINT('',#11489);
#11489 = CARTESIAN_POINT('',(110.,3.69108545263E-15,15.07));
#11490 = SURFACE_CURVE('',#11491,(#11496,#11503),.PCURVE_S1.);
#11491 = CIRCLE('',#11492,15.07);
#11492 = AXIS2_PLACEMENT_3D('',#11493,#11494,#11495);
#11493 = CARTESIAN_POINT('',(110.,0.,0.));
#11494 = DIRECTION('',(1.,0.,0.));
#11495 = DIRECTION('',(-0.,0.,1.));
#11496 = PCURVE('',#10534,#11497);
#11497 = DEFINITIONAL_REPRESENTATION('',(#11498),#11502);
#11498 = CIRCLE('',#11499,15.07);
#11499 = AXIS2_PLACEMENT_2D('',#11500,#11501);
#11500 = CARTESIAN_POINT('',(0.,0.));
#11501 = DIRECTION('',(1.,0.));
#11502 = ( GEOMETRIC_REPRESENTATION_CONTEXT(2) 
PARAMETRIC_REPRESENTATION_CONTEXT() REPRESENTATION_CONTEXT('2D SPACE',''
  ) );
#11503 = PCURVE('',#11504,#11509);
#11504 = CYLINDRICAL_SURFACE('',#11505,15.07);
#11505 = AXIS2_PLACEMENT_3D('',#11506,#11507,#11508);
#11506 = CARTESIAN_POINT('',(45.,0.,0.));
#11507 = DIRECTION('',(1.,0.,0.));
#11508 = DIRECTION('',(-0.,0.,1.));
#11509 = DEFINITIONAL_REPRESENTATION('',(#11510),#11514);
#11510 = LINE('',#11511,#11512);
#11511 = CARTESIAN_POINT('',(0.,65.));
#11512 = VECTOR('',#11513,1.);
#11513 = DIRECTION('',(1.,0.));
#11514 = ( GEOMETRIC_REPRESENTATION_CONTEXT(2) 
PARAMETRIC_REPRESENTATION_CONTEXT() REPRESENTATION_CONTEXT('2D SPACE',''
  ) );
#11515 = ADVANCED_FACE('',(#11516),#10676,.F.);
#11516 = FACE_BOUND('',#11517,.F.);
#11517 = EDGE_LOOP('',(#11518,#11519,#11542,#11728));
#11518 = ORIENTED_EDGE('',*,*,#10550,.F.);
#11519 = ORIENTED_EDGE('',*,*,#11520,.F.);
#11520 = EDGE_CURVE('',#11521,#10551,#11523,.T.);
#11521 = VERTEX_POINT('',#11522);
#11522 = CARTESIAN_POINT('',(70.,-14.76837499523,-3.));
#11523 = SEAM_CURVE('',#11524,(#11528,#11535),.PCURVE_S1.);
#11524 = LINE('',#11525,#11526);
#11525 = CARTESIAN_POINT('',(70.,0.,-3.));
#11526 = VECTOR('',#11527,1.);
#11527 = DIRECTION('',(0.,-1.,0.));
#11528 = PCURVE('',#10676,#11529);
#11529 = DEFINITIONAL_REPRESENTATION('',(#11530),#11534);
#11530 = LINE('',#11531,#11532);
#11531 = CARTESIAN_POINT('',(6.28318530718,-0.));
#11532 = VECTOR('',#11533,1.);
#11533 = DIRECTION('',(0.,1.));
#11534 = ( GEOMETRIC_REPRESENTATION_CONTEXT(2) 
PARAMETRIC_REPRESENTATION_CONTEXT() REPRESENTATION_CONTEXT('2D SPACE',''
  ) );
#11535 = PCURVE('',#10676,#11536);
#11536 = DEFINITIONAL_REPRESENTATION('',(#11537),#11541);
#11537 = LINE('',#11538,#11539);
#11538 = CARTESIAN_POINT('',(0.,-0.));
#11539 = VECTOR('',#11540,1.);
#11540 = DIRECTION('',(0.,1.));
#11541 = ( GEOMETRIC_REPRESENTATION_CONTEXT(2) 
PARAMETRIC_REPRESENTATION_CONTEXT() REPRESENTATION_CONTEXT('2D SPACE',''
  ) );
#11542 = ORIENTED_EDGE('',*,*,#11543,.T.);
#11543 = EDGE_CURVE('',#11521,#11521,#11544,.T.);
#11544 = SURFACE_CURVE('',#11545,(#11604,#11666),.PCURVE_S1.);
#11545 = B_SPLINE_CURVE_WITH_KNOTS('',8,(#11546,#11547,#11548,#11549,
    #11550,#11551,#11552,#11553,#11554,#11555,#11556,#11557,#11558,
    #11559,#11560,#11561,#11562,#11563,#11564,#11565,#11566,#11567,
    #11568,#11569,#11570,#11571,#11572,#11573,#11574,#11575,#11576,
    #11577,#11578,#11579,#11580,#11581,#11582,#11583,#11584,#11585,
    #11586,#11587,#11588,#11589,#11590,#11591,#11592,#11593,#11594,
    #11595,#11596,#11597,#11598,#11599,#11600,#11601,#11602,#11603),
  .UNSPECIFIED.,.T.,.F.,(9,7,7,7,7,7,7,7,9),(0.,0.106660326721,
    0.210659357686,0.31072434646,0.431674548496,0.556900700932,
    0.671690717601,0.815493850019,1.),.UNSPECIFIED.);
#11546 = CARTESIAN_POINT('',(70.,-14.76837499523,-3.));
#11547 = CARTESIAN_POINT('',(70.235640770651,-14.76837499523,-3.));
#11548 = CARTESIAN_POINT('',(70.471256108936,-14.77267169712,
    -2.978846878758));
#11549 = CARTESIAN_POINT('',(70.704637318684,-14.78126456062,
    -2.936549375719));
#11550 = CARTESIAN_POINT('',(70.933593746622,-14.79391778775,
    -2.873388875516));
#11551 = CARTESIAN_POINT('',(71.155973133105,-14.8101679499,
    -2.789912457828));
#11552 = CARTESIAN_POINT('',(71.369690035685,-14.82935532963,
    -2.686931412016));
#11553 = CARTESIAN_POINT('',(71.572762325562,-14.85067897702,
    -2.565525216534));
#11554 = CARTESIAN_POINT('',(71.949193666571,-14.89530817609,
    -2.292031838417));
#11555 = CARTESIAN_POINT('',(72.128568214726,-14.91919088832,
    -2.136862308507));
#11556 = CARTESIAN_POINT('',(72.298761832268,-14.94426807403,
    -1.961010899734));
#11557 = CARTESIAN_POINT('',(72.456805120987,-14.96965538524,
    -1.764243566602));
#11558 = CARTESIAN_POINT('',(72.599462174637,-14.99425133559,
    -1.546653825792));
#11559 = CARTESIAN_POINT('',(72.723195383012,-15.01676603527,
    -1.308723505934));
#11560 = CARTESIAN_POINT('',(72.824097340279,-15.03579722812,
    -1.051435156027));
#11561 = CARTESIAN_POINT('',(72.96867046866,-15.06363385301,
    -0.511880895501));
#11562 = CARTESIAN_POINT('',(73.013527978098,-15.0726376289,
    -0.234039999765));
#11563 = CARTESIAN_POINT('',(73.028462186692,-15.07577753445,
    5.112660382019E-02));
#11564 = CARTESIAN_POINT('',(73.011850620042,-15.07238881802,
    0.337072489964));
#11565 = CARTESIAN_POINT('',(72.964240584173,-15.06267108518,
    0.617082410698));
#11566 = CARTESIAN_POINT('',(72.888312203661,-15.04766212906,
    0.884772877614));
#11567 = CARTESIAN_POINT('',(72.788893328241,-15.02896620433,
    1.134556449017));
#11568 = CARTESIAN_POINT('',(72.532961053282,-14.98338404866,
    1.636851820549));
#11569 = CARTESIAN_POINT('',(72.366518827137,-14.95518628758,
    1.883651220325));
#11570 = CARTESIAN_POINT('',(72.179758849103,-14.92578149765,
    2.102269339812));
#11571 = CARTESIAN_POINT('',(71.977405190361,-14.8968824757,
    2.293308016959));
#11572 = CARTESIAN_POINT('',(71.763163597827,-14.86978971732,
    2.457701016852));
#11573 = CARTESIAN_POINT('',(71.539944007971,-14.84544209209,
    2.596471161329));
#11574 = CARTESIAN_POINT('',(71.310012584389,-14.8245115182,
    2.71056826432));
#11575 = CARTESIAN_POINT('',(70.831890388412,-14.78979718113,
    2.894102179708));
#11576 = CARTESIAN_POINT('',(70.583177886329,-14.7762806314,
    2.961880081676));
#11577 = CARTESIAN_POINT('',(70.330967481758,-14.7674328458,
    3.004805134794));
#11578 = CARTESIAN_POINT('',(70.076929265539,-14.76355383684,
    3.023332259878));
#11579 = CARTESIAN_POINT('',(69.822562918322,-14.76475900565,
    3.017649711137));
#11580 = CARTESIAN_POINT('',(69.569341593559,-14.77099626037,
    2.987679479369));
#11581 = CARTESIAN_POINT('',(69.31885267229,-14.78203742419,
    2.933068489905));
#11582 = CARTESIAN_POINT('',(68.847538556242,-14.81156497233,
    2.779929250489));
#11583 = CARTESIAN_POINT('',(68.626065082795,-14.82934880292,
    2.685467642593));
#11584 = CARTESIAN_POINT('',(68.409809095617,-14.85046155597,
    2.56926368782));
#11585 = CARTESIAN_POINT('',(68.200421807389,-14.87442126528,
    2.430572184546));
#11586 = CARTESIAN_POINT('',(68.000021766863,-14.90055777769,
    2.268512012503));
#11587 = CARTESIAN_POINT('',(67.811322815276,-14.92794172033,
    2.082175228075));
#11588 = CARTESIAN_POINT('',(67.637811028431,-14.95532823738,
    1.870783341102));
#11589 = CARTESIAN_POINT('',(67.291286950009,-15.01352523417,
    1.337183053622));
#11590 = CARTESIAN_POINT('',(67.12131746169,-15.04482309078,
    0.987895157909));
#11591 = CARTESIAN_POINT('',(66.998771700871,-15.06975340256,
    0.596585401151));
#11592 = CARTESIAN_POINT('',(66.938996905747,-15.0827883253,
    0.179265592576));
#11593 = CARTESIAN_POINT('',(66.948469360038,-15.08046911039,
    -0.244198705008));
#11594 = CARTESIAN_POINT('',(67.025157726962,-15.0641866942,
    -0.653519418732));
#11595 = CARTESIAN_POINT('',(67.158114282345,-15.03840427675,
    -1.030553028842));
#11596 = CARTESIAN_POINT('',(67.543643595815,-14.96974057582,
    -1.787196909638));
#11597 = CARTESIAN_POINT('',(67.82406577873,-14.92325696423,
    -2.146440173841));
#11598 = CARTESIAN_POINT('',(68.146643204321,-14.87633464525,
    -2.439117580279));
#11599 = CARTESIAN_POINT('',(68.49725283649,-14.83467202685,
    -2.667977570308));
#11600 = CARTESIAN_POINT('',(68.865298937453,-14.80169803088,
    -2.835940659916));
#11601 = CARTESIAN_POINT('',(69.242776516965,-14.77937364955,
    -2.945859529375));
#11602 = CARTESIAN_POINT('',(69.623011002691,-14.76837499523,-3.));
#11603 = CARTESIAN_POINT('',(70.,-14.76837499523,-3.));
#11604 = PCURVE('',#10676,#11605);
#11605 = DEFINITIONAL_REPRESENTATION('',(#11606),#11665);
#11606 = B_SPLINE_CURVE_WITH_KNOTS('',8,(#11607,#11608,#11609,#11610,
    #11611,#11612,#11613,#11614,#11615,#11616,#11617,#11618,#11619,
    #11620,#11621,#11622,#11623,#11624,#11625,#11626,#11627,#11628,
    #11629,#11630,#11631,#11632,#11633,#11634,#11635,#11636,#11637,
    #11638,#11639,#11640,#11641,#11642,#11643,#11644,#11645,#11646,
    #11647,#11648,#11649,#11650,#11651,#11652,#11653,#11654,#11655,
    #11656,#11657,#11658,#11659,#11660,#11661,#11662,#11663,#11664),
  .UNSPECIFIED.,.F.,.F.,(9,7,7,7,7,7,7,7,9),(0.,0.106660326721,
    0.210659357686,0.31072434646,0.431674548496,0.556900700932,
    0.671690717601,0.815493850019,1.),.UNSPECIFIED.);
#11607 = CARTESIAN_POINT('',(0.,14.768374995239));
#11608 = CARTESIAN_POINT('',(7.854692355045E-02,14.768374995239));
#11609 = CARTESIAN_POINT('',(0.157085235679,14.772671697124));
#11610 = CARTESIAN_POINT('',(0.235617766594,14.781264560629));
#11611 = CARTESIAN_POINT('',(0.314151010896,14.793917787755));
#11612 = CARTESIAN_POINT('',(0.392691194229,14.810167949904));
#11613 = CARTESIAN_POINT('',(0.471239966025,14.82935532963));
#11614 = CARTESIAN_POINT('',(0.549789718328,14.850678977024));
#11615 = CARTESIAN_POINT('',(0.704887960444,14.895308176093));
#11616 = CARTESIAN_POINT('',(0.783662306113,14.919190888327));
#11617 = CARTESIAN_POINT('',(0.864697653369,14.944268074039));
#11618 = CARTESIAN_POINT('',(0.948086829116,14.969655385247));
#11619 = CARTESIAN_POINT('',(1.033974461186,14.994251335596));
#11620 = CARTESIAN_POINT('',(1.122558488511,15.016766035275));
#11621 = CARTESIAN_POINT('',(1.214104207333,15.035797228122));
#11622 = CARTESIAN_POINT('',(1.400300098654,15.063633853014));
#11623 = CARTESIAN_POINT('',(1.493627850622,15.072637628905));
#11624 = CARTESIAN_POINT('',(1.587893157333,15.075777534451));
#11625 = CARTESIAN_POINT('',(1.682222570575,15.072388818029));
#11626 = CARTESIAN_POINT('',(1.775793493436,15.062671085187));
#11627 = CARTESIAN_POINT('',(1.867725694129,15.047662129069));
#11628 = CARTESIAN_POINT('',(1.956957265608,15.028966204338));
#11629 = CARTESIAN_POINT('',(2.144870357113,14.983384048661));
#11630 = CARTESIAN_POINT('',(2.243358285935,14.955186287586));
#11631 = CARTESIAN_POINT('',(2.3382067146,14.925781497651));
#11632 = CARTESIAN_POINT('',(2.429953637333,14.896882475709));
#11633 = CARTESIAN_POINT('',(2.519075752324,14.869789717328));
#11634 = CARTESIAN_POINT('',(2.606017269939,14.84544209209));
#11635 = CARTESIAN_POINT('',(2.691199738583,14.824511518208));
#11636 = CARTESIAN_POINT('',(2.861912470772,14.789797181136));
#11637 = CARTESIAN_POINT('',(2.947406643952,14.7762806314));
#11638 = CARTESIAN_POINT('',(3.032018391853,14.767432845807));
#11639 = CARTESIAN_POINT('',(3.116150669533,14.763553836842));
#11640 = CARTESIAN_POINT('',(3.200192255776,14.764759005653));
#11641 = CARTESIAN_POINT('',(3.284530856388,14.770996260376));
#11642 = CARTESIAN_POINT('',(3.369565784125,14.782037424199));
#11643 = CARTESIAN_POINT('',(3.53475544705,14.811564972335));
#11644 = CARTESIAN_POINT('',(3.614696645546,14.82934880292));
#11645 = CARTESIAN_POINT('',(3.695975472394,14.850461555976));
#11646 = CARTESIAN_POINT('',(3.778969590018,14.874421265282));
#11647 = CARTESIAN_POINT('',(3.864070007589,14.900557777691));
#11648 = CARTESIAN_POINT('',(3.951690184643,14.927941720332));
#11649 = CARTESIAN_POINT('',(4.042286792164,14.95532823738));
#11650 = CARTESIAN_POINT('',(4.254368590777,15.013525234177));
#11651 = CARTESIAN_POINT('',(4.382873182495,15.044823090782));
#11652 = CARTESIAN_POINT('',(4.517005264089,15.069753402563));
#11653 = CARTESIAN_POINT('',(4.65393089619,15.082788325303));
#11654 = CARTESIAN_POINT('',(4.7914689373,15.080469110399));
#11655 = CARTESIAN_POINT('',(4.9275398748,15.064186694205));
#11656 = CARTESIAN_POINT('',(5.05964133011,15.038404276752));
#11657 = CARTESIAN_POINT('',(5.342708423431,14.969740575828));
#11658 = CARTESIAN_POINT('',(5.491841897359,14.92325696423));
#11659 = CARTESIAN_POINT('',(5.633710747777,14.876334645251));
#11660 = CARTESIAN_POINT('',(5.769947665554,14.83467202685));
#11661 = CARTESIAN_POINT('',(5.901931172238,14.801698030888));
#11662 = CARTESIAN_POINT('',(6.030776749805,14.779373649551));
#11663 = CARTESIAN_POINT('',(6.157522308077,14.768374995239));
#11664 = CARTESIAN_POINT('',(6.28318530718,14.768374995239));
#11665 = ( GEOMETRIC_REPRESENTATION_CONTEXT(2) 
PARAMETRIC_REPRESENTATION_CONTEXT() REPRESENTATION_CONTEXT('2D SPACE',''
  ) );
#11666 = PCURVE('',#11504,#11667);
#11667 = DEFINITIONAL_REPRESENTATION('',(#11668),#11727);
#11668 = B_SPLINE_CURVE_WITH_KNOTS('',8,(#11669,#11670,#11671,#11672,
    #11673,#11674,#11675,#11676,#11677,#11678,#11679,#11680,#11681,
    #11682,#11683,#11684,#11685,#11686,#11687,#11688,#11689,#11690,
    #11691,#11692,#11693,#11694,#11695,#11696,#11697,#11698,#11699,
    #11700,#11701,#11702,#11703,#11704,#11705,#11706,#11707,#11708,
    #11709,#11710,#11711,#11712,#11713,#11714,#11715,#11716,#11717,
    #11718,#11719,#11720,#11721,#11722,#11723,#11724,#11725,#11726),
  .UNSPECIFIED.,.T.,.F.,(9,7,7,7,7,7,7,7,9),(0.,0.106660326721,
    0.210659357686,0.31072434646,0.431674548496,0.556900700932,
    0.671690717601,0.815493850019,1.),.UNSPECIFIED.);
#11669 = CARTESIAN_POINT('',(1.771206184556,25.));
#11670 = CARTESIAN_POINT('',(1.771206184556,25.235640770651));
#11671 = CARTESIAN_POINT('',(1.769773874369,25.471256108936));
#11672 = CARTESIAN_POINT('',(1.766909776944,25.704637318684));
#11673 = CARTESIAN_POINT('',(1.762635387354,25.933593746622));
#11674 = CARTESIAN_POINT('',(1.756992379797,26.155973133105));
#11675 = CARTESIAN_POINT('',(1.75004175024,26.369690035685));
#11676 = CARTESIAN_POINT('',(1.7418628947,26.572762325562));
#11677 = CARTESIAN_POINT('',(1.723474653423,26.949193666571));
#11678 = CARTESIAN_POINT('',(1.713057244814,27.128568214726));
#11679 = CARTESIAN_POINT('',(1.701271476995,27.298761832268));
#11680 = CARTESIAN_POINT('',(1.688108862099,27.456805120987));
#11681 = CARTESIAN_POINT('',(1.673582428333,27.599462174637));
#11682 = CARTESIAN_POINT('',(1.657728771224,27.723195383012));
#11683 = CARTESIAN_POINT('',(1.640613501281,27.824097340279));
#11684 = CARTESIAN_POINT('',(1.604762681414,27.96867046866));
#11685 = CARTESIAN_POINT('',(1.58631968514,28.013527978098));
#11686 = CARTESIAN_POINT('',(1.567403049193,28.028462186692));
#11687 = CARTESIAN_POINT('',(1.548437018839,28.011850620042));
#11688 = CARTESIAN_POINT('',(1.529854067564,27.964240584173));
#11689 = CARTESIAN_POINT('',(1.512068256271,27.888312203661));
#11690 = CARTESIAN_POINT('',(1.495449087939,27.788893328241));
#11691 = CARTESIAN_POINT('',(1.461981312951,27.532961053282));
#11692 = CARTESIAN_POINT('',(1.445502365982,27.366518827136));
#11693 = CARTESIAN_POINT('',(1.430869154856,27.179758849104));
#11694 = CARTESIAN_POINT('',(1.418050829003,26.977405190361));
#11695 = CARTESIAN_POINT('',(1.40699629648,26.763163597827));
#11696 = CARTESIAN_POINT('',(1.397647767555,26.539944007972));
#11697 = CARTESIAN_POINT('',(1.389950397924,26.310012584389));
#11698 = CARTESIAN_POINT('',(1.377555701803,25.831890388412));
#11699 = CARTESIAN_POINT('',(1.372969825363,25.583177886329));
#11700 = CARTESIAN_POINT('',(1.370061581658,25.330967481758));
#11701 = CARTESIAN_POINT('',(1.368805474521,25.076929265539));
#11702 = CARTESIAN_POINT('',(1.36919096933,24.822562918322));
#11703 = CARTESIAN_POINT('',(1.371222328765,24.569341593559));
#11704 = CARTESIAN_POINT('',(1.374919323803,24.31885267229));
#11705 = CARTESIAN_POINT('',(1.385268357616,23.847538556242));
#11706 = CARTESIAN_POINT('',(1.391646604402,23.626065082795));
#11707 = CARTESIAN_POINT('',(1.399483509393,23.409809095617));
#11708 = CARTESIAN_POINT('',(1.408822240534,23.200421807389));
#11709 = CARTESIAN_POINT('',(1.419713415581,23.000021766863));
#11710 = CARTESIAN_POINT('',(1.432208324972,22.811322815276));
#11711 = CARTESIAN_POINT('',(1.446349996141,22.637811028431));
#11712 = CARTESIAN_POINT('',(1.481968080203,22.291286950009));
#11713 = CARTESIAN_POINT('',(1.505234238551,22.12131746169));
#11714 = CARTESIAN_POINT('',(1.531238978732,21.998771700871));
#11715 = CARTESIAN_POINT('',(1.558913121525,21.938996905747));
#11716 = CARTESIAN_POINT('',(1.586978173715,21.948469360038));
#11717 = CARTESIAN_POINT('',(1.614142883508,22.025157726962));
#11718 = CARTESIAN_POINT('',(1.639213852056,22.158114282345));
#11719 = CARTESIAN_POINT('',(1.689628784353,22.543643595815));
#11720 = CARTESIAN_POINT('',(1.713648284732,22.82406577873));
#11721 = CARTESIAN_POINT('',(1.733306176494,23.146643204321));
#11722 = CARTESIAN_POINT('',(1.74873957375,23.49725283649));
#11723 = CARTESIAN_POINT('',(1.760097318215,23.865298937453));
#11724 = CARTESIAN_POINT('',(1.767540219482,24.242776516965));
#11725 = CARTESIAN_POINT('',(1.771206184556,24.623011002691));
#11726 = CARTESIAN_POINT('',(1.771206184556,25.));
#11727 = ( GEOMETRIC_REPRESENTATION_CONTEXT(2) 
PARAMETRIC_REPRESENTATION_CONTEXT() REPRESENTATION_CONTEXT('2D SPACE',''
  ) );
#11728 = ORIENTED_EDGE('',*,*,#11520,.T.);
#11729 = ADVANCED_FACE('',(#11730,#11733),#10785,.T.);
#11730 = FACE_BOUND('',#11731,.T.);
#11731 = EDGE_LOOP('',(#11732));
#11732 = ORIENTED_EDGE('',*,*,#10770,.T.);
#11733 = FACE_BOUND('',#11734,.T.);
#11734 = EDGE_LOOP('',(#11735));
#11735 = ORIENTED_EDGE('',*,*,#11736,.F.);
#11736 = EDGE_CURVE('',#11737,#11737,#11739,.T.);
#11737 = VERTEX_POINT('',#11738);
#11738 = CARTESIAN_POINT('',(-3.69108545263E-15,107.72929349003,
    -26.86083066731));
#11739 = SURFACE_CURVE('',#11740,(#11745,#11752),.PCURVE_S1.);
#11740 = CIRCLE('',#11741,15.07);
#11741 = AXIS2_PLACEMENT_3D('',#11742,#11743,#11744);
#11742 = CARTESIAN_POINT('',(0.,102.13243599737,-40.85297439895));
#11743 = DIRECTION('',(0.,0.928476690885,-0.371390676354));
#11744 = DIRECTION('',(0.,0.371390676354,0.928476690885));
#11745 = PCURVE('',#10785,#11746);
#11746 = DEFINITIONAL_REPRESENTATION('',(#11747),#11751);
#11747 = CIRCLE('',#11748,15.07);
#11748 = AXIS2_PLACEMENT_2D('',#11749,#11750);
#11749 = CARTESIAN_POINT('',(1.319444736062E-15,0.));
#11750 = DIRECTION('',(1.,0.));
#11751 = ( GEOMETRIC_REPRESENTATION_CONTEXT(2) 
PARAMETRIC_REPRESENTATION_CONTEXT() REPRESENTATION_CONTEXT('2D SPACE',''
  ) );
#11752 = PCURVE('',#11753,#11758);
#11753 = CYLINDRICAL_SURFACE('',#11754,15.07);
#11754 = AXIS2_PLACEMENT_3D('',#11755,#11756,#11757);
#11755 = CARTESIAN_POINT('',(0.,41.781451089837,-16.71258043593));
#11756 = DIRECTION('',(0.,0.928476690885,-0.371390676354));
#11757 = DIRECTION('',(0.,0.371390676354,0.928476690885));
#11758 = DEFINITIONAL_REPRESENTATION('',(#11759),#11763);
#11759 = LINE('',#11760,#11761);
#11760 = CARTESIAN_POINT('',(0.,65.));
#11761 = VECTOR('',#11762,1.);
#11762 = DIRECTION('',(1.,0.));
#11763 = ( GEOMETRIC_REPRESENTATION_CONTEXT(2) 
PARAMETRIC_REPRESENTATION_CONTEXT() REPRESENTATION_CONTEXT('2D SPACE',''
  ) );
#11764 = ADVANCED_FACE('',(#11765),#10922,.F.);
#11765 = FACE_BOUND('',#11766,.F.);
#11766 = EDGE_LOOP('',(#11767,#11768,#11791,#11971));
#11767 = ORIENTED_EDGE('',*,*,#10800,.F.);
#11768 = ORIENTED_EDGE('',*,*,#11769,.F.);
#11769 = EDGE_CURVE('',#11770,#10801,#11772,.T.);
#11770 = VERTEX_POINT('',#11771);
#11771 = CARTESIAN_POINT('',(14.810343659428,64.993368361968,
    -22.99734734478));
#11772 = SEAM_CURVE('',#11773,(#11777,#11784),.PCURVE_S1.);
#11773 = LINE('',#11774,#11775);
#11774 = CARTESIAN_POINT('',(0.,64.993368361968,-22.99734734478));
#11775 = VECTOR('',#11776,1.);
#11776 = DIRECTION('',(1.,0.,0.));
#11777 = PCURVE('',#10922,#11778);
#11778 = DEFINITIONAL_REPRESENTATION('',(#11779),#11783);
#11779 = LINE('',#11780,#11781);
#11780 = CARTESIAN_POINT('',(6.28318530718,-0.));
#11781 = VECTOR('',#11782,1.);
#11782 = DIRECTION('',(0.,1.));
#11783 = ( GEOMETRIC_REPRESENTATION_CONTEXT(2) 
PARAMETRIC_REPRESENTATION_CONTEXT() REPRESENTATION_CONTEXT('2D SPACE',''
  ) );
#11784 = PCURVE('',#10922,#11785);
#11785 = DEFINITIONAL_REPRESENTATION('',(#11786),#11790);
#11786 = LINE('',#11787,#11788);
#11787 = CARTESIAN_POINT('',(0.,-0.));
#11788 = VECTOR('',#11789,1.);
#11789 = DIRECTION('',(0.,1.));
#11790 = ( GEOMETRIC_REPRESENTATION_CONTEXT(2) 
PARAMETRIC_REPRESENTATION_CONTEXT() REPRESENTATION_CONTEXT('2D SPACE',''
  ) );
#11791 = ORIENTED_EDGE('',*,*,#11792,.T.);
#11792 = EDGE_CURVE('',#11770,#11770,#11793,.T.);
#11793 = SURFACE_CURVE('',#11794,(#11851,#11911),.PCURVE_S1.);
#11794 = B_SPLINE_CURVE_WITH_KNOTS('',7,(#11795,#11796,#11797,#11798,
    #11799,#11800,#11801,#11802,#11803,#11804,#11805,#11806,#11807,
    #11808,#11809,#11810,#11811,#11812,#11813,#11814,#11815,#11816,
    #11817,#11818,#11819,#11820,#11821,#11822,#11823,#11824,#11825,
    #11826,#11827,#11828,#11829,#11830,#11831,#11832,#11833,#11834,
    #11835,#11836,#11837,#11838,#11839,#11840,#11841,#11842,#11843,
    #11844,#11845,#11846,#11847,#11848,#11849,#11850),.UNSPECIFIED.,.T.,
  .F.,(8,6,6,6,6,6,6,6,6,8),(0.,0.103414284974,0.195780562408,
    0.287647391393,0.41323342,0.523241912071,0.630505567884,
    0.733711688325,0.858458628005,1.),.UNSPECIFIED.);
#11795 = CARTESIAN_POINT('',(14.810343659428,64.993368361968,
    -22.99734734478));
#11796 = CARTESIAN_POINT('',(14.828463062545,64.733958927795,
    -22.99734734478));
#11797 = CARTESIAN_POINT('',(14.850696357197,64.470235855486,
    -23.02351657862));
#11798 = CARTESIAN_POINT('',(14.876480446613,64.203760879128,
    -23.07742421098));
#11799 = CARTESIAN_POINT('',(14.904973954495,63.936642812175,
    -23.16116016353));
#11800 = CARTESIAN_POINT('',(14.934966998674,63.671790745424,
    -23.277222301));
#11801 = CARTESIAN_POINT('',(14.964710085069,63.413294921335,
    -23.42836309674));
#11802 = CARTESIAN_POINT('',(15.016320401487,62.947176551035,
    -23.78602830186));
#11803 = CARTESIAN_POINT('',(15.039160848326,62.732809056768,
    -23.988179322));
#11804 = CARTESIAN_POINT('',(15.058053080727,62.535361546988,
    -24.22281611862));
#11805 = CARTESIAN_POINT('',(15.070570880392,62.363982581068,
    -24.48589549696));
#11806 = CARTESIAN_POINT('',(15.075149361379,62.225385660864,
    -24.77092646717));
#11807 = CARTESIAN_POINT('',(15.071722233749,62.123503377257,
    -25.06979752776));
#11808 = CARTESIAN_POINT('',(15.051021961963,61.994696931306,
    -25.67578421168));
#11809 = CARTESIAN_POINT('',(15.03407082096,61.968904808078,
    -25.97562834262));
#11810 = CARTESIAN_POINT('',(15.011988565918,61.978124313252,
    -26.26790957543));
#11811 = CARTESIAN_POINT('',(14.986620768327,62.018637826319,
    -26.5484012498));
#11812 = CARTESIAN_POINT('',(14.959810381604,62.08639317836,
    -26.81369125258));
#11813 = CARTESIAN_POINT('',(14.933150917922,62.176978326699,
    -27.06112433583));
#11814 = CARTESIAN_POINT('',(14.873246052477,62.434120252863,
    -27.60023359519));
#11815 = CARTESIAN_POINT('',(14.840660394389,62.618565912607,
    -27.87944430092));
#11816 = CARTESIAN_POINT('',(14.812634546626,62.831376547302,
    -28.12580078472));
#11817 = CARTESIAN_POINT('',(14.790739954335,63.067247262659,
    -28.33941971011));
#11818 = CARTESIAN_POINT('',(14.775841433642,63.322334558225,
    -28.5204453177));
#11819 = CARTESIAN_POINT('',(14.768374995239,63.593747348551,
    -28.6685978237));
#11820 = CARTESIAN_POINT('',(14.768374995239,64.129238576302,
    -28.8827943148));
#11821 = CARTESIAN_POINT('',(14.774103931086,64.389724097893,
    -28.95661171168));
#11822 = CARTESIAN_POINT('',(14.785560938355,64.657366547821,
    -29.00293012842));
#11823 = CARTESIAN_POINT('',(14.802274637156,64.928710565293,
    -29.02096977667));
#11824 = CARTESIAN_POINT('',(14.823323471151,65.200189048949,
    -29.01047350618));
#11825 = CARTESIAN_POINT('',(14.847450905068,65.46820229081,
    -28.97174203985));
#11826 = CARTESIAN_POINT('',(14.898455704006,65.983722995429,
    -28.84130874116));
#11827 = CARTESIAN_POINT('',(14.926102616435,66.240203796554,
    -28.748769858));
#11828 = CARTESIAN_POINT('',(14.955167348599,66.494940084827,
    -28.62568043307));
#11829 = CARTESIAN_POINT('',(14.984143421892,66.74352199394,
    -28.47000134489));
#11830 = CARTESIAN_POINT('',(15.011097858434,66.980784915447,
    -28.28011878813));
#11831 = CARTESIAN_POINT('',(15.033770565805,67.20062162086,
    -28.05498759559));
#11832 = CARTESIAN_POINT('',(15.065583851396,67.583042422648,
    -27.54382137568));
#11833 = CARTESIAN_POINT('',(15.074988888075,67.744903956659,
    -27.26385183917));
#11834 = CARTESIAN_POINT('',(15.076250722277,67.871798194824,
    -26.96108106399));
#11835 = CARTESIAN_POINT('',(15.068526913781,67.958175883444,
    -26.64483220315));
#11836 = CARTESIAN_POINT('',(15.052911370862,68.002441006057,
    -26.32605839615));
#11837 = CARTESIAN_POINT('',(15.03191440369,68.007458247842,
    -26.01601910766));
#11838 = CARTESIAN_POINT('',(14.979820511488,67.949081866149,
    -25.37439578753));
#11839 = CARTESIAN_POINT('',(14.946974879618,67.870567954267,
    -25.04496689851));
#11840 = CARTESIAN_POINT('',(14.91306546847,67.754438230803,
    -24.74099006579));
#11841 = CARTESIAN_POINT('',(14.880699482948,67.607674179518,
    -24.46391824839));
#11842 = CARTESIAN_POINT('',(14.851606774628,67.435721454653,
    -24.21414094226));
#11843 = CARTESIAN_POINT('',(14.826948044478,67.24273827355,
    -23.99159813163));
#11844 = CARTESIAN_POINT('',(14.785339426688,66.792349161052,
    -23.57451265968));
#11845 = CARTESIAN_POINT('',(14.769859105009,66.529596343272,
    -23.38761555024));
#11846 = CARTESIAN_POINT('',(14.762116855885,66.247961937182,
    -23.23560879174));
#11847 = CARTESIAN_POINT('',(14.762567461978,65.950681928856,
    -23.1189904184));
#11848 = CARTESIAN_POINT('',(14.771194855496,65.640567352772,
    -23.03892168235));
#11849 = CARTESIAN_POINT('',(14.787505651908,65.320332477165,
    -22.99734734478));
#11850 = CARTESIAN_POINT('',(14.810343659428,64.993368361968,
    -22.99734734478));
#11851 = PCURVE('',#10922,#11852);
#11852 = DEFINITIONAL_REPRESENTATION('',(#11853),#11910);
#11853 = B_SPLINE_CURVE_WITH_KNOTS('',7,(#11854,#11855,#11856,#11857,
    #11858,#11859,#11860,#11861,#11862,#11863,#11864,#11865,#11866,
    #11867,#11868,#11869,#11870,#11871,#11872,#11873,#11874,#11875,
    #11876,#11877,#11878,#11879,#11880,#11881,#11882,#11883,#11884,
    #11885,#11886,#11887,#11888,#11889,#11890,#11891,#11892,#11893,
    #11894,#11895,#11896,#11897,#11898,#11899,#11900,#11901,#11902,
    #11903,#11904,#11905,#11906,#11907,#11908,#11909),.UNSPECIFIED.,.F.,
  .F.,(8,6,6,6,6,6,6,6,6,8),(0.,0.103414284974,0.195780562408,
    0.287647391393,0.41323342,0.523241912071,0.630505567884,
    0.733711688325,0.858458628005,1.),.UNSPECIFIED.);
#11854 = CARTESIAN_POINT('',(0.,14.810343659428));
#11855 = CARTESIAN_POINT('',(8.646981139102E-02,14.828463062545));
#11856 = CARTESIAN_POINT('',(0.1743773513,14.850696357197));
#11857 = CARTESIAN_POINT('',(0.264259092345,14.876480446613));
#11858 = CARTESIAN_POINT('',(0.356622799229,14.904973954495));
#11859 = CARTESIAN_POINT('',(0.452021941525,14.934966998674));
#11860 = CARTESIAN_POINT('',(0.551051142862,14.964710085069));
#11861 = CARTESIAN_POINT('',(0.74689425867,15.016320401487));
#11862 = CARTESIAN_POINT('',(0.844604806486,15.039160848326));
#11863 = CARTESIAN_POINT('',(0.945719500579,15.058053080727));
#11864 = CARTESIAN_POINT('',(1.048962157581,15.070570880392));
#11865 = CARTESIAN_POINT('',(1.153315508915,15.075149361379));
#11866 = CARTESIAN_POINT('',(1.257822767659,15.071722233749));
#11867 = CARTESIAN_POINT('',(1.464331029964,15.051021961963));
#11868 = CARTESIAN_POINT('',(1.563883120921,15.03407082096));
#11869 = CARTESIAN_POINT('',(1.660323192472,15.011988565918));
#11870 = CARTESIAN_POINT('',(1.753790769898,14.986620768327));
#11871 = CARTESIAN_POINT('',(1.844299718746,14.959810381604));
#11872 = CARTESIAN_POINT('',(1.931742717663,14.933150917922));
#11873 = CARTESIAN_POINT('',(2.130840896603,14.873246052477));
#11874 = CARTESIAN_POINT('',(2.2413135341,14.840660394389));
#11875 = CARTESIAN_POINT('',(2.348453834845,14.812634546626));
#11876 = CARTESIAN_POINT('',(2.453149246749,14.790739954335));
#11877 = CARTESIAN_POINT('',(2.5562662465,14.775841433642));
#11878 = CARTESIAN_POINT('',(2.658606954826,14.768374995239));
#11879 = CARTESIAN_POINT('',(2.850854189107,14.768374995239));
#11880 = CARTESIAN_POINT('',(2.94061061984,14.774103931086));
#11881 = CARTESIAN_POINT('',(3.03036009701,14.785560938355));
#11882 = CARTESIAN_POINT('',(3.120114477736,14.802274637156));
#11883 = CARTESIAN_POINT('',(3.209882458991,14.823323471151));
#11884 = CARTESIAN_POINT('',(3.299657593035,14.847450905068));
#11885 = CARTESIAN_POINT('',(3.47691272689,14.898455704006));
#11886 = CARTESIAN_POINT('',(3.567360534492,14.926102616435));
#11887 = CARTESIAN_POINT('',(3.660837967053,14.955167348599));
#11888 = CARTESIAN_POINT('',(3.757508244122,14.984143421892));
#11889 = CARTESIAN_POINT('',(3.85764822689,15.011097858434));
#11890 = CARTESIAN_POINT('',(3.961634379295,15.033770565805));
#11891 = CARTESIAN_POINT('',(4.174429683654,15.065583851396));
#11892 = CARTESIAN_POINT('',(4.281475608248,15.074988888075));
#11893 = CARTESIAN_POINT('',(4.389481729148,15.076250722277));
#11894 = CARTESIAN_POINT('',(4.497135964958,15.068526913781));
#11895 = CARTESIAN_POINT('',(4.603119444838,15.052911370862));
#11896 = CARTESIAN_POINT('',(4.705889547911,15.03191440369));
#11897 = CARTESIAN_POINT('',(4.920647366773,14.979820511488));
#11898 = CARTESIAN_POINT('',(5.032376960958,14.946974879618));
#11899 = CARTESIAN_POINT('',(5.139442609149,14.91306546847));
#11900 = CARTESIAN_POINT('',(5.242637218472,14.880699482948));
#11901 = CARTESIAN_POINT('',(5.342703379349,14.851606774628));
#11902 = CARTESIAN_POINT('',(5.440304047619,14.826948044478));
#11903 = CARTESIAN_POINT('',(5.644920394192,14.785339426688));
#11904 = CARTESIAN_POINT('',(5.751511816239,14.769859105009));
#11905 = CARTESIAN_POINT('',(5.856919968463,14.762116855885));
#11906 = CARTESIAN_POINT('',(5.961966518125,14.762567461978));
#11907 = CARTESIAN_POINT('',(6.067452273696,14.771194855496));
#11908 = CARTESIAN_POINT('',(6.174197268781,14.787505651908));
#11909 = CARTESIAN_POINT('',(6.28318530718,14.810343659428));
#11910 = ( GEOMETRIC_REPRESENTATION_CONTEXT(2) 
PARAMETRIC_REPRESENTATION_CONTEXT() REPRESENTATION_CONTEXT('2D SPACE',''
  ) );
#11911 = PCURVE('',#11753,#11912);
#11912 = DEFINITIONAL_REPRESENTATION('',(#11913),#11970);
#11913 = B_SPLINE_CURVE_WITH_KNOTS('',7,(#11914,#11915,#11916,#11917,
    #11918,#11919,#11920,#11921,#11922,#11923,#11924,#11925,#11926,
    #11927,#11928,#11929,#11930,#11931,#11932,#11933,#11934,#11935,
    #11936,#11937,#11938,#11939,#11940,#11941,#11942,#11943,#11944,
    #11945,#11946,#11947,#11948,#11949,#11950,#11951,#11952,#11953,
    #11954,#11955,#11956,#11957,#11958,#11959,#11960,#11961,#11962,
    #11963,#11964,#11965,#11966,#11967,#11968,#11969),.UNSPECIFIED.,.T.,
  .F.,(8,6,6,6,6,6,6,6,6,8),(0.,0.103414284974,0.195780562408,
    0.287647391393,0.41323342,0.523241912071,0.630505567884,
    0.733711688325,0.858458628005,1.),.UNSPECIFIED.);
#11914 = CARTESIAN_POINT('',(1.384894613634,23.885827970938));
#11915 = CARTESIAN_POINT('',(1.391399678433,23.644972357912));
#11916 = CARTESIAN_POINT('',(1.399644208859,23.409830641879));
#11917 = CARTESIAN_POINT('',(1.409678913373,23.18243562967));
#11918 = CARTESIAN_POINT('',(1.421570547837,22.96552148284));
#11919 = CARTESIAN_POINT('',(1.435389035304,22.762716908064));
#11920 = CARTESIAN_POINT('',(1.451190807972,22.578841843061));
#11921 = CARTESIAN_POINT('',(1.48488856579,22.278895323484));
#11922 = CARTESIAN_POINT('',(1.502688404998,22.154937105867));
#11923 = CARTESIAN_POINT('',(1.522044584687,22.058753613957));
#11924 = CARTESIAN_POINT('',(1.542481772835,21.99733746705));
#11925 = CARTESIAN_POINT('',(1.56344970407,21.97451130202));
#11926 = CARTESIAN_POINT('',(1.584369957395,21.990913901812));
#11927 = CARTESIAN_POINT('',(1.624902994985,22.096377923512));
#11928 = CARTESIAN_POINT('',(1.644039408421,22.183789852879));
#11929 = CARTESIAN_POINT('',(1.661872973402,22.300900473274));
#11930 = CARTESIAN_POINT('',(1.678237408108,22.442688318478));
#11931 = CARTESIAN_POINT('',(1.693017352476,22.604123817094));
#11932 = CARTESIAN_POINT('',(1.706148287606,22.780124356006));
#11933 = CARTESIAN_POINT('',(1.733318567448,23.21909479316));
#11934 = CARTESIAN_POINT('',(1.746155611435,23.494044541813));
#11935 = CARTESIAN_POINT('',(1.756260774977,23.783128756845));
#11936 = CARTESIAN_POINT('',(1.763751256535,24.081465295297));
#11937 = CARTESIAN_POINT('',(1.768717357752,24.385539126212));
#11938 = CARTESIAN_POINT('',(1.771206184556,24.692562035044));
#11939 = CARTESIAN_POINT('',(1.771206184556,25.269303737887));
#11940 = CARTESIAN_POINT('',(1.76929643764,25.538573565953));
#11941 = CARTESIAN_POINT('',(1.765477780527,25.804275570322));
#11942 = CARTESIAN_POINT('',(1.759792994181,26.062911922923));
#11943 = CARTESIAN_POINT('',(1.752324689157,26.311075150074));
#11944 = CARTESIAN_POINT('',(1.743192933491,26.545534692518));
#11945 = CARTESIAN_POINT('',(1.722177800602,26.975741939403));
#11946 = CARTESIAN_POINT('',(1.710017059551,27.179510306504));
#11947 = CARTESIAN_POINT('',(1.696024127461,27.370312747711));
#11948 = CARTESIAN_POINT('',(1.680193596738,27.543297494242));
#11949 = CARTESIAN_POINT('',(1.662563814327,27.693069975291));
#11950 = CARTESIAN_POINT('',(1.643223641911,27.813571606201));
#11951 = CARTESIAN_POINT('',(1.60225127635,27.97879803863));
#11952 = CARTESIAN_POINT('',(1.581009154736,28.025104624587));
#11953 = CARTESIAN_POINT('',(1.559239385867,28.030476723955));
#11954 = CARTESIAN_POINT('',(1.537634651811,27.993224516129));
#11955 = CARTESIAN_POINT('',(1.516886427153,27.915934030911));
#11956 = CARTESIAN_POINT('',(1.497613743627,27.805446721909));
#11957 = CARTESIAN_POINT('',(1.459364857925,27.512952693384));
#11958 = CARTESIAN_POINT('',(1.440881535334,27.317707538388));
#11959 = CARTESIAN_POINT('',(1.42486172657,27.096989635531));
#11960 = CARTESIAN_POINT('',(1.411239931437,26.85782074519));
#11961 = CARTESIAN_POINT('',(1.399923571553,26.605401685557));
#11962 = CARTESIAN_POINT('',(1.390820355563,26.343570975212));
#11963 = CARTESIAN_POINT('',(1.375964068017,25.770493526906));
#11964 = CARTESIAN_POINT('',(1.370821422884,25.457121816248));
#11965 = CARTESIAN_POINT('',(1.36834283535,25.139176941992));
#11966 = CARTESIAN_POINT('',(1.368487274194,24.819848407047));
#11967 = CARTESIAN_POINT('',(1.37125675574,24.50217746961));
#11968 = CARTESIAN_POINT('',(1.37669551801,24.189406530654));
#11969 = CARTESIAN_POINT('',(1.384894613634,23.885827970938));
#11970 = ( GEOMETRIC_REPRESENTATION_CONTEXT(2) 
PARAMETRIC_REPRESENTATION_CONTEXT() REPRESENTATION_CONTEXT('2D SPACE',''
  ) );
#11971 = ORIENTED_EDGE('',*,*,#11769,.T.);
#11972 = ADVANCED_FACE('',(#11973,#11976),#11029,.T.);
#11973 = FACE_BOUND('',#11974,.T.);
#11974 = EDGE_LOOP('',(#11975));
#11975 = ORIENTED_EDGE('',*,*,#11014,.T.);
#11976 = FACE_BOUND('',#11977,.T.);
#11977 = EDGE_LOOP('',(#11978));
#11978 = ORIENTED_EDGE('',*,*,#11979,.F.);
#11979 = EDGE_CURVE('',#11980,#11980,#11982,.T.);
#11980 = VERTEX_POINT('',#11981);
#11981 = CARTESIAN_POINT('',(-3.69108545263E-15,-96.53557850472,
    -54.84511813059));
#11982 = SURFACE_CURVE('',#11983,(#11988,#11995),.PCURVE_S1.);
#11983 = CIRCLE('',#11984,15.07);
#11984 = AXIS2_PLACEMENT_3D('',#11985,#11986,#11987);
#11985 = CARTESIAN_POINT('',(0.,-102.1324359973,-40.85297439895));
#11986 = DIRECTION('',(0.,-0.928476690885,-0.371390676354));
#11987 = DIRECTION('',(0.,0.371390676354,-0.928476690885));
#11988 = PCURVE('',#11029,#11989);
#11989 = DEFINITIONAL_REPRESENTATION('',(#11990),#11994);
#11990 = CIRCLE('',#11991,15.07);
#11991 = AXIS2_PLACEMENT_2D('',#11992,#11993);
#11992 = CARTESIAN_POINT('',(-1.319444736062E-15,0.));
#11993 = DIRECTION('',(1.,0.));
#11994 = ( GEOMETRIC_REPRESENTATION_CONTEXT(2) 
PARAMETRIC_REPRESENTATION_CONTEXT() REPRESENTATION_CONTEXT('2D SPACE',''
  ) );
#11995 = PCURVE('',#11996,#12001);
#11996 = CYLINDRICAL_SURFACE('',#11997,15.07);
#11997 = AXIS2_PLACEMENT_3D('',#11998,#11999,#12000);
#11998 = CARTESIAN_POINT('',(0.,-41.78145108983,-16.71258043593));
#11999 = DIRECTION('',(0.,-0.928476690885,-0.371390676354));
#12000 = DIRECTION('',(0.,0.371390676354,-0.928476690885));
#12001 = DEFINITIONAL_REPRESENTATION('',(#12002),#12006);
#12002 = LINE('',#12003,#12004);
#12003 = CARTESIAN_POINT('',(0.,65.));
#12004 = VECTOR('',#12005,1.);
#12005 = DIRECTION('',(1.,0.));
#12006 = ( GEOMETRIC_REPRESENTATION_CONTEXT(2) 
PARAMETRIC_REPRESENTATION_CONTEXT() REPRESENTATION_CONTEXT('2D SPACE',''
  ) );
#12007 = ADVANCED_FACE('',(#12008),#11166,.F.);
#12008 = FACE_BOUND('',#12009,.F.);
#12009 = EDGE_LOOP('',(#12010,#12011,#12034,#12214));
#12010 = ORIENTED_EDGE('',*,*,#11044,.F.);
#12011 = ORIENTED_EDGE('',*,*,#12012,.F.);
#12012 = EDGE_CURVE('',#12013,#11045,#12015,.T.);
#12013 = VERTEX_POINT('',#12014);
#12014 = CARTESIAN_POINT('',(-14.81034365942,-64.99336836196,
    -28.99734734478));
#12015 = SEAM_CURVE('',#12016,(#12020,#12027),.PCURVE_S1.);
#12016 = LINE('',#12017,#12018);
#12017 = CARTESIAN_POINT('',(0.,-64.99336836196,-28.99734734478));
#12018 = VECTOR('',#12019,1.);
#12019 = DIRECTION('',(-1.,-0.,0.));
#12020 = PCURVE('',#11166,#12021);
#12021 = DEFINITIONAL_REPRESENTATION('',(#12022),#12026);
#12022 = LINE('',#12023,#12024);
#12023 = CARTESIAN_POINT('',(6.28318530718,-0.));
#12024 = VECTOR('',#12025,1.);
#12025 = DIRECTION('',(0.,1.));
#12026 = ( GEOMETRIC_REPRESENTATION_CONTEXT(2) 
PARAMETRIC_REPRESENTATION_CONTEXT() REPRESENTATION_CONTEXT('2D SPACE',''
  ) );
#12027 = PCURVE('',#11166,#12028);
#12028 = DEFINITIONAL_REPRESENTATION('',(#12029),#12033);
#12029 = LINE('',#12030,#12031);
#12030 = CARTESIAN_POINT('',(0.,-0.));
#12031 = VECTOR('',#12032,1.);
#12032 = DIRECTION('',(0.,1.));
#12033 = ( GEOMETRIC_REPRESENTATION_CONTEXT(2) 
PARAMETRIC_REPRESENTATION_CONTEXT() REPRESENTATION_CONTEXT('2D SPACE',''
  ) );
#12034 = ORIENTED_EDGE('',*,*,#12035,.T.);
#12035 = EDGE_CURVE('',#12013,#12013,#12036,.T.);
#12036 = SURFACE_CURVE('',#12037,(#12094,#12154),.PCURVE_S1.);
#12037 = B_SPLINE_CURVE_WITH_KNOTS('',7,(#12038,#12039,#12040,#12041,
    #12042,#12043,#12044,#12045,#12046,#12047,#12048,#12049,#12050,
    #12051,#12052,#12053,#12054,#12055,#12056,#12057,#12058,#12059,
    #12060,#12061,#12062,#12063,#12064,#12065,#12066,#12067,#12068,
    #12069,#12070,#12071,#12072,#12073,#12074,#12075,#12076,#12077,
    #12078,#12079,#12080,#12081,#12082,#12083,#12084,#12085,#12086,
    #12087,#12088,#12089,#12090,#12091,#12092,#12093),.UNSPECIFIED.,.T.,
  .F.,(8,6,6,6,6,6,6,6,6,8),(0.,0.108033496005,0.204525502566,
    0.300495751789,0.431691337807,0.552247890869,0.660457600497,
    0.752840815225,0.864565003383,1.),.UNSPECIFIED.);
#12038 = CARTESIAN_POINT('',(-14.81034365942,-64.99336836196,
    -28.99734734478));
#12039 = CARTESIAN_POINT('',(-14.82846306254,-65.25277779614,
    -28.99734734478));
#12040 = CARTESIAN_POINT('',(-14.85069635719,-65.51650086845,
    -28.97117811095));
#12041 = CARTESIAN_POINT('',(-14.87648044661,-65.7829758448,
    -28.91727047859));
#12042 = CARTESIAN_POINT('',(-14.90497395449,-66.05009391176,
    -28.83353452604));
#12043 = CARTESIAN_POINT('',(-14.93496699867,-66.31494597851,
    -28.71747238857));
#12044 = CARTESIAN_POINT('',(-14.96471008506,-66.5734418026,
    -28.56633159283));
#12045 = CARTESIAN_POINT('',(-15.01632040148,-67.0395601729,
    -28.2086663877));
#12046 = CARTESIAN_POINT('',(-15.03916084832,-67.25392766716,
    -28.00651536757));
#12047 = CARTESIAN_POINT('',(-15.05805308072,-67.45137517694,
    -27.77187857095));
#12048 = CARTESIAN_POINT('',(-15.07057088039,-67.62275414286,
    -27.5087991926));
#12049 = CARTESIAN_POINT('',(-15.07514936137,-67.76135106307,
    -27.2237682224));
#12050 = CARTESIAN_POINT('',(-15.07172223374,-67.86323334667,
    -26.9248971618));
#12051 = CARTESIAN_POINT('',(-15.05102196196,-67.99203979263,
    -26.31891047789));
#12052 = CARTESIAN_POINT('',(-15.03407082096,-68.01783191585,
    -26.01906634694));
#12053 = CARTESIAN_POINT('',(-15.01198856591,-68.00861241068,
    -25.72678511413));
#12054 = CARTESIAN_POINT('',(-14.98662076832,-67.96809889761,
    -25.44629343976));
#12055 = CARTESIAN_POINT('',(-14.9598103816,-67.90034354557,
    -25.18100343698));
#12056 = CARTESIAN_POINT('',(-14.93315091792,-67.80975839723,
    -24.93357035373));
#12057 = CARTESIAN_POINT('',(-14.87324605247,-67.55261647107,
    -24.39446109438));
#12058 = CARTESIAN_POINT('',(-14.84066039438,-67.36817081132,
    -24.11525038865));
#12059 = CARTESIAN_POINT('',(-14.81263454662,-67.15536017663,
    -23.86889390484));
#12060 = CARTESIAN_POINT('',(-14.79073995433,-66.91948946127,
    -23.65527497946));
#12061 = CARTESIAN_POINT('',(-14.77584143364,-66.66440216571,
    -23.47424937187));
#12062 = CARTESIAN_POINT('',(-14.76837499523,-66.39298937538,
    -23.32609686587));
#12063 = CARTESIAN_POINT('',(-14.76837499523,-65.84523929788,
    -23.10699683487));
#12064 = CARTESIAN_POINT('',(-14.77467968739,-65.57166342096,
    -23.03099408822));
#12065 = CARTESIAN_POINT('',(-14.78726814949,-65.28873581211,
    -22.98456681597));
#12066 = CARTESIAN_POINT('',(-14.80582675385,-64.99827631289,
    -22.96905041894));
#12067 = CARTESIAN_POINT('',(-14.82973053859,-64.7023429466,
    -22.98644644501));
#12068 = CARTESIAN_POINT('',(-14.85788816791,-64.40366435387,
    -23.03945336168));
#12069 = CARTESIAN_POINT('',(-14.91609556883,-63.83941824264,
    -23.21410149948));
#12070 = CARTESIAN_POINT('',(-14.94602858537,-63.56998208361,
    -23.32927510936));
#12071 = CARTESIAN_POINT('',(-14.97689530516,-63.30401841452,
    -23.48008914601));
#12072 = CARTESIAN_POINT('',(-15.00657666651,-63.04814297346,
    -23.66846813862));
#12073 = CARTESIAN_POINT('',(-15.03247875514,-62.80953236969,
    -23.89523534153));
#12074 = CARTESIAN_POINT('',(-15.05190375532,-62.5960229284,
    -24.16006407441));
#12075 = CARTESIAN_POINT('',(-15.07190016866,-62.26328272022,
    -24.71820974792));
#12076 = CARTESIAN_POINT('',(-15.07457858909,-62.13873530173,
    -24.99514483461));
#12077 = CARTESIAN_POINT('',(-15.06986530694,-62.04777190269,
    -25.28571490946));
#12078 = CARTESIAN_POINT('',(-15.0578811738,-61.99271502625,
    -25.58223092262));
#12079 = CARTESIAN_POINT('',(-15.04001007036,-61.97317984271,
    -25.87637680781));
#12080 = CARTESIAN_POINT('',(-15.01837895954,-61.98581204034,
    -26.15990655026));
#12081 = CARTESIAN_POINT('',(-14.96708565484,-62.07024722488,
    -26.74594826099));
#12082 = CARTESIAN_POINT('',(-14.93611928349,-62.15482500068,
    -27.04653413963));
#12083 = CARTESIAN_POINT('',(-14.90480862179,-62.27074804048,
    -27.32441173706));
#12084 = CARTESIAN_POINT('',(-14.87514072979,-62.41252856918,
    -27.57863936329));
#12085 = CARTESIAN_POINT('',(-14.84846355535,-62.57587775002,
    -27.80900923961));
#12086 = CARTESIAN_POINT('',(-14.82570028943,-62.75750467375,
    -28.01560407508));
#12087 = CARTESIAN_POINT('',(-14.78533942642,-63.19438756571,
    -28.4201820325));
#12088 = CARTESIAN_POINT('',(-14.76985910544,-63.45714037026,
    -28.60707913271));
#12089 = CARTESIAN_POINT('',(-14.76211685576,-63.73877480328,
    -28.75908590511));
#12090 = CARTESIAN_POINT('',(-14.76256746173,-64.03605478103,
    -28.87570426693));
#12091 = CARTESIAN_POINT('',(-14.77119485577,-64.34616937783,
    -28.95577300833));
#12092 = CARTESIAN_POINT('',(-14.7875056518,-64.66640424531,
    -28.99734734478));
#12093 = CARTESIAN_POINT('',(-14.81034365942,-64.99336836196,
    -28.99734734478));
#12094 = PCURVE('',#11166,#12095);
#12095 = DEFINITIONAL_REPRESENTATION('',(#12096),#12153);
#12096 = B_SPLINE_CURVE_WITH_KNOTS('',7,(#12097,#12098,#12099,#12100,
    #12101,#12102,#12103,#12104,#12105,#12106,#12107,#12108,#12109,
    #12110,#12111,#12112,#12113,#12114,#12115,#12116,#12117,#12118,
    #12119,#12120,#12121,#12122,#12123,#12124,#12125,#12126,#12127,
    #12128,#12129,#12130,#12131,#12132,#12133,#12134,#12135,#12136,
    #12137,#12138,#12139,#12140,#12141,#12142,#12143,#12144,#12145,
    #12146,#12147,#12148,#12149,#12150,#12151,#12152),.UNSPECIFIED.,.F.,
  .F.,(8,6,6,6,6,6,6,6,6,8),(0.,0.108033496005,0.204525502566,
    0.300495751789,0.431691337807,0.552247890869,0.660457600497,
    0.752840815225,0.864565003383,1.),.UNSPECIFIED.);
#12097 = CARTESIAN_POINT('',(0.,14.810343659428));
#12098 = CARTESIAN_POINT('',(8.646981139095E-02,14.828463062545));
#12099 = CARTESIAN_POINT('',(0.1743773513,14.850696357198));
#12100 = CARTESIAN_POINT('',(0.264259092345,14.876480446612));
#12101 = CARTESIAN_POINT('',(0.356622799229,14.904973954495));
#12102 = CARTESIAN_POINT('',(0.452021941525,14.934966998674));
#12103 = CARTESIAN_POINT('',(0.551051142862,14.964710085069));
#12104 = CARTESIAN_POINT('',(0.74689425867,15.016320401487));
#12105 = CARTESIAN_POINT('',(0.844604806486,15.039160848326));
#12106 = CARTESIAN_POINT('',(0.945719500579,15.058053080727));
#12107 = CARTESIAN_POINT('',(1.048962157581,15.070570880392));
#12108 = CARTESIAN_POINT('',(1.153315508915,15.075149361379));
#12109 = CARTESIAN_POINT('',(1.257822767659,15.071722233749));
#12110 = CARTESIAN_POINT('',(1.464331029964,15.051021961963));
#12111 = CARTESIAN_POINT('',(1.563883120921,15.03407082096));
#12112 = CARTESIAN_POINT('',(1.660323192472,15.011988565918));
#12113 = CARTESIAN_POINT('',(1.753790769898,14.986620768327));
#12114 = CARTESIAN_POINT('',(1.844299718746,14.959810381604));
#12115 = CARTESIAN_POINT('',(1.931742717662,14.933150917922));
#12116 = CARTESIAN_POINT('',(2.130840896603,14.873246052477));
#12117 = CARTESIAN_POINT('',(2.2413135341,14.840660394389));
#12118 = CARTESIAN_POINT('',(2.348453834845,14.812634546626));
#12119 = CARTESIAN_POINT('',(2.45314924675,14.790739954335));
#12120 = CARTESIAN_POINT('',(2.5562662465,14.775841433642));
#12121 = CARTESIAN_POINT('',(2.658606954826,14.768374995239));
#12122 = CARTESIAN_POINT('',(2.855255250858,14.768374995239));
#12123 = CARTESIAN_POINT('',(2.949333643428,14.77467968739));
#12124 = CARTESIAN_POINT('',(3.044009594088,14.787268149493));
#12125 = CARTESIAN_POINT('',(3.13990441078,14.805826753851));
#12126 = CARTESIAN_POINT('',(3.237676444582,14.829730538594));
#12127 = CARTESIAN_POINT('',(3.338008757237,14.857888167916));
#12128 = CARTESIAN_POINT('',(3.534894411043,14.916095568834));
#12129 = CARTESIAN_POINT('',(3.632042061246,14.946028585375));
#12130 = CARTESIAN_POINT('',(3.73291720513,14.976895305169));
#12131 = CARTESIAN_POINT('',(3.837430086818,15.006576666514));
#12132 = CARTESIAN_POINT('',(3.945689579745,15.032478755149));
#12133 = CARTESIAN_POINT('',(4.057957895849,15.051903755324));
#12134 = CARTESIAN_POINT('',(4.274558562462,15.071900168666));
#12135 = CARTESIAN_POINT('',(4.375108006535,15.074578589099));
#12136 = CARTESIAN_POINT('',(4.475451471218,15.069865306942));
#12137 = CARTESIAN_POINT('',(4.574724365433,15.057881173809));
#12138 = CARTESIAN_POINT('',(4.672005556128,15.040010070362));
#12139 = CARTESIAN_POINT('',(4.766150207849,15.018378959548));
#12140 = CARTESIAN_POINT('',(4.963514559888,14.96708565484));
#12141 = CARTESIAN_POINT('',(5.066706401429,14.936119283492));
#12142 = CARTESIAN_POINT('',(5.165954315219,14.904808621798));
#12143 = CARTESIAN_POINT('',(5.261921909945,14.875140729799));
#12144 = CARTESIAN_POINT('',(5.355228645862,14.848463555357));
#12145 = CARTESIAN_POINT('',(5.446440062021,14.825700289436));
#12146 = CARTESIAN_POINT('',(5.644920395477,14.785339426427));
#12147 = CARTESIAN_POINT('',(5.751511811955,14.769859105442));
#12148 = CARTESIAN_POINT('',(5.856919974824,14.762116855765));
#12149 = CARTESIAN_POINT('',(5.96196651297,14.762567461735));
#12150 = CARTESIAN_POINT('',(6.067452276037,14.77119485577));
#12151 = CARTESIAN_POINT('',(6.174197268295,14.787505651806));
#12152 = CARTESIAN_POINT('',(6.28318530718,14.810343659428));
#12153 = ( GEOMETRIC_REPRESENTATION_CONTEXT(2) 
PARAMETRIC_REPRESENTATION_CONTEXT() REPRESENTATION_CONTEXT('2D SPACE',''
  ) );
#12154 = PCURVE('',#11996,#12155);
#12155 = DEFINITIONAL_REPRESENTATION('',(#12156),#12213);
#12156 = B_SPLINE_CURVE_WITH_KNOTS('',7,(#12157,#12158,#12159,#12160,
    #12161,#12162,#12163,#12164,#12165,#12166,#12167,#12168,#12169,
    #12170,#12171,#12172,#12173,#12174,#12175,#12176,#12177,#12178,
    #12179,#12180,#12181,#12182,#12183,#12184,#12185,#12186,#12187,
    #12188,#12189,#12190,#12191,#12192,#12193,#12194,#12195,#12196,
    #12197,#12198,#12199,#12200,#12201,#12202,#12203,#12204,#12205,
    #12206,#12207,#12208,#12209,#12210,#12211,#12212),.UNSPECIFIED.,.T.,
  .F.,(8,6,6,6,6,6,6,6,6,8),(0.,0.108033496005,0.204525502566,
    0.300495751789,0.431691337807,0.552247890869,0.660457600497,
    0.752840815225,0.864565003383,1.),.UNSPECIFIED.);
#12157 = CARTESIAN_POINT('',(4.898290693546,26.114172029062));
#12158 = CARTESIAN_POINT('',(4.891785628746,26.355027642088));
#12159 = CARTESIAN_POINT('',(4.883541098321,26.590169358122));
#12160 = CARTESIAN_POINT('',(4.873506393807,26.81756437033));
#12161 = CARTESIAN_POINT('',(4.861614759342,27.03447851716));
#12162 = CARTESIAN_POINT('',(4.847796271875,27.237283091936));
#12163 = CARTESIAN_POINT('',(4.831994499208,27.421158156939));
#12164 = CARTESIAN_POINT('',(4.798296741389,27.721104676516));
#12165 = CARTESIAN_POINT('',(4.780496902182,27.845062894133));
#12166 = CARTESIAN_POINT('',(4.761140722492,27.941246386043));
#12167 = CARTESIAN_POINT('',(4.740703534344,28.002662532949));
#12168 = CARTESIAN_POINT('',(4.71973560311,28.02548869798));
#12169 = CARTESIAN_POINT('',(4.698815349784,28.009086098188));
#12170 = CARTESIAN_POINT('',(4.658282312195,27.903622076488));
#12171 = CARTESIAN_POINT('',(4.639145898759,27.816210147121));
#12172 = CARTESIAN_POINT('',(4.621312333778,27.699099526726));
#12173 = CARTESIAN_POINT('',(4.604947899072,27.557311681522));
#12174 = CARTESIAN_POINT('',(4.590167954703,27.395876182906));
#12175 = CARTESIAN_POINT('',(4.577037019573,27.219875643994));
#12176 = CARTESIAN_POINT('',(4.549866739732,26.78090520684));
#12177 = CARTESIAN_POINT('',(4.537029695745,26.505955458186));
#12178 = CARTESIAN_POINT('',(4.526924532202,26.216871243155));
#12179 = CARTESIAN_POINT('',(4.519434050644,25.918534704702));
#12180 = CARTESIAN_POINT('',(4.514467949428,25.614460873788));
#12181 = CARTESIAN_POINT('',(4.511979122623,25.307437964956));
#12182 = CARTESIAN_POINT('',(4.511979122623,24.71749307686));
#12183 = CARTESIAN_POINT('',(4.514080689594,24.435257540471));
#12184 = CARTESIAN_POINT('',(4.518276828911,24.1553231944));
#12185 = CARTESIAN_POINT('',(4.524600036379,23.879875674551));
#12186 = CARTESIAN_POINT('',(4.533113311347,23.611569163782));
#12187 = CARTESIAN_POINT('',(4.543900987764,23.353939326993));
#12188 = CARTESIAN_POINT('',(4.568867297743,22.894912654821));
#12189 = CARTESIAN_POINT('',(4.582745251746,22.687521866345));
#12190 = CARTESIAN_POINT('',(4.598720313725,22.496591726051));
#12191 = CARTESIAN_POINT('',(4.616733825908,22.328979544734));
#12192 = CARTESIAN_POINT('',(4.636649316645,22.191654385796));
#12193 = CARTESIAN_POINT('',(4.658257139602,22.091770768495));
#12194 = CARTESIAN_POINT('',(4.700865851896,21.990119340268));
#12195 = CARTESIAN_POINT('',(4.720993255914,21.977331074447));
#12196 = CARTESIAN_POINT('',(4.741130050278,22.000788695346));
#12197 = CARTESIAN_POINT('',(4.760761286656,22.059792951567));
#12198 = CARTESIAN_POINT('',(4.779397095447,22.150898028251));
#12199 = CARTESIAN_POINT('',(4.796611969253,22.267927032114));
#12200 = CARTESIAN_POINT('',(4.830807505725,22.563973560172));
#12201 = CARTESIAN_POINT('',(4.847365423277,22.754136846338));
#12202 = CARTESIAN_POINT('',(4.861775577594,22.964969835584));
#12203 = CARTESIAN_POINT('',(4.874101134267,23.191027521755));
#12204 = CARTESIAN_POINT('',(4.884421083744,23.42825065282));
#12205 = CARTESIAN_POINT('',(4.892810460472,23.673614413615));
#12206 = CARTESIAN_POINT('',(4.907221239256,24.229506476693));
#12207 = CARTESIAN_POINT('',(4.912363884142,24.542878171638));
#12208 = CARTESIAN_POINT('',(4.914842471872,24.860823076061));
#12209 = CARTESIAN_POINT('',(4.914698033072,25.180151578341));
#12210 = CARTESIAN_POINT('',(4.911928551342,25.49782253699));
#12211 = CARTESIAN_POINT('',(4.906489789206,25.810593467994));
#12212 = CARTESIAN_POINT('',(4.898290693546,26.114172029062));
#12213 = ( GEOMETRIC_REPRESENTATION_CONTEXT(2) 
PARAMETRIC_REPRESENTATION_CONTEXT() REPRESENTATION_CONTEXT('2D SPACE',''
  ) );
#12214 = ORIENTED_EDGE('',*,*,#12012,.T.);
#12215 = ADVANCED_FACE('',(#12216,#12219),#11273,.T.);
#12216 = FACE_BOUND('',#12217,.T.);
#12217 = EDGE_LOOP('',(#12218));
#12218 = ORIENTED_EDGE('',*,*,#11258,.T.);
#12219 = FACE_BOUND('',#12220,.T.);
#12220 = EDGE_LOOP('',(#12221));
#12221 = ORIENTED_EDGE('',*,*,#12222,.F.);
#12222 = EDGE_CURVE('',#12223,#12223,#12225,.T.);
#12223 = VERTEX_POINT('',#12224);
#12224 = CARTESIAN_POINT('',(-110.,3.69108545263E-15,-15.07));
#12225 = SURFACE_CURVE('',#12226,(#12231,#12238),.PCURVE_S1.);
#12226 = CIRCLE('',#12227,15.07);
#12227 = AXIS2_PLACEMENT_3D('',#12228,#12229,#12230);
#12228 = CARTESIAN_POINT('',(-110.,0.,0.));
#12229 = DIRECTION('',(-1.,0.,0.));
#12230 = DIRECTION('',(0.,0.,-1.));
#12231 = PCURVE('',#11273,#12232);
#12232 = DEFINITIONAL_REPRESENTATION('',(#12233),#12237);
#12233 = CIRCLE('',#12234,15.07);
#12234 = AXIS2_PLACEMENT_2D('',#12235,#12236);
#12235 = CARTESIAN_POINT('',(0.,0.));
#12236 = DIRECTION('',(1.,0.));
#12237 = ( GEOMETRIC_REPRESENTATION_CONTEXT(2) 
PARAMETRIC_REPRESENTATION_CONTEXT() REPRESENTATION_CONTEXT('2D SPACE',''
  ) );
#12238 = PCURVE('',#12239,#12244);
#12239 = CYLINDRICAL_SURFACE('',#12240,15.07);
#12240 = AXIS2_PLACEMENT_3D('',#12241,#12242,#12243);
#12241 = CARTESIAN_POINT('',(-45.,0.,0.));
#12242 = DIRECTION('',(-1.,0.,0.));
#12243 = DIRECTION('',(0.,0.,-1.));
#12244 = DEFINITIONAL_REPRESENTATION('',(#12245),#12249);
#12245 = LINE('',#12246,#12247);
#12246 = CARTESIAN_POINT('',(0.,65.));
#12247 = VECTOR('',#12248,1.);
#12248 = DIRECTION('',(1.,0.));
#12249 = ( GEOMETRIC_REPRESENTATION_CONTEXT(2) 
PARAMETRIC_REPRESENTATION_CONTEXT() REPRESENTATION_CONTEXT('2D SPACE',''
  ) );
#12250 = ADVANCED_FACE('',(#12251),#11414,.F.);
#12251 = FACE_BOUND('',#12252,.F.);
#12252 = EDGE_LOOP('',(#12253,#12254,#12277,#12463));
#12253 = ORIENTED_EDGE('',*,*,#11288,.F.);
#12254 = ORIENTED_EDGE('',*,*,#12255,.F.);
#12255 = EDGE_CURVE('',#12256,#11289,#12258,.T.);
#12256 = VERTEX_POINT('',#12257);
#12257 = CARTESIAN_POINT('',(-70.,14.768374995239,3.));
#12258 = SEAM_CURVE('',#12259,(#12263,#12270),.PCURVE_S1.);
#12259 = LINE('',#12260,#12261);
#12260 = CARTESIAN_POINT('',(-70.,0.,3.));
#12261 = VECTOR('',#12262,1.);
#12262 = DIRECTION('',(0.,1.,0.));
#12263 = PCURVE('',#11414,#12264);
#12264 = DEFINITIONAL_REPRESENTATION('',(#12265),#12269);
#12265 = LINE('',#12266,#12267);
#12266 = CARTESIAN_POINT('',(6.28318530718,-0.));
#12267 = VECTOR('',#12268,1.);
#12268 = DIRECTION('',(0.,1.));
#12269 = ( GEOMETRIC_REPRESENTATION_CONTEXT(2) 
PARAMETRIC_REPRESENTATION_CONTEXT() REPRESENTATION_CONTEXT('2D SPACE',''
  ) );
#12270 = PCURVE('',#11414,#12271);
#12271 = DEFINITIONAL_REPRESENTATION('',(#12272),#12276);
#12272 = LINE('',#12273,#12274);
#12273 = CARTESIAN_POINT('',(0.,-0.));
#12274 = VECTOR('',#12275,1.);
#12275 = DIRECTION('',(0.,1.));
#12276 = ( GEOMETRIC_REPRESENTATION_CONTEXT(2) 
PARAMETRIC_REPRESENTATION_CONTEXT() REPRESENTATION_CONTEXT('2D SPACE',''
  ) );
#12277 = ORIENTED_EDGE('',*,*,#12278,.T.);
#12278 = EDGE_CURVE('',#12256,#12256,#12279,.T.);
#12279 = SURFACE_CURVE('',#12280,(#12339,#12401),.PCURVE_S1.);
#12280 = B_SPLINE_CURVE_WITH_KNOTS('',8,(#12281,#12282,#12283,#12284,
    #12285,#12286,#12287,#12288,#12289,#12290,#12291,#12292,#12293,
    #12294,#12295,#12296,#12297,#12298,#12299,#12300,#12301,#12302,
    #12303,#12304,#12305,#12306,#12307,#12308,#12309,#12310,#12311,
    #12312,#12313,#12314,#12315,#12316,#12317,#12318,#12319,#12320,
    #12321,#12322,#12323,#12324,#12325,#12326,#12327,#12328,#12329,
    #12330,#12331,#12332,#12333,#12334,#12335,#12336,#12337,#12338),
  .UNSPECIFIED.,.T.,.F.,(9,7,7,7,7,7,7,7,9),(0.,0.121314646243,
    0.230204808698,0.323168954862,0.435595695896,0.55995785359,
    0.673955879377,0.816766845638,1.),.UNSPECIFIED.);
#12281 = CARTESIAN_POINT('',(-70.,14.768374995239,3.));
#12282 = CARTESIAN_POINT('',(-69.75280644225,14.768374995239,3.));
#12283 = CARTESIAN_POINT('',(-69.50581642456,14.773103514352,
    2.976722436555));
#12284 = CARTESIAN_POINT('',(-69.26029857417,14.782547476204,
    2.930231976301));
#12285 = CARTESIAN_POINT('',(-69.01759943447,14.796547451672,
    2.860259544387));
#12286 = CARTESIAN_POINT('',(-68.77926073301,14.81479067313,
    2.766253864269));
#12287 = CARTESIAN_POINT('',(-68.54716170458,14.836769945924,
    2.647431645372));
#12288 = CARTESIAN_POINT('',(-68.32370176447,14.861722476532,
    2.502839151679));
#12289 = CARTESIAN_POINT('',(-67.92205342626,14.912653952344,
    2.177590740435));
#12290 = CARTESIAN_POINT('',(-67.73936956345,14.938545331242,
    2.000361009914));
#12291 = CARTESIAN_POINT('',(-67.5681905287,14.965320285241,
    1.799358147193));
#12292 = CARTESIAN_POINT('',(-67.41278563542,14.991735985834,
    1.57483911458));
#12293 = CARTESIAN_POINT('',(-67.27748261013,15.016289949751,
    1.327684305268));
#12294 = CARTESIAN_POINT('',(-67.16668348144,15.037335005197,
    1.059409990057));
#12295 = CARTESIAN_POINT('',(-67.08491629469,15.053252136687,
    0.772245504743));
#12296 = CARTESIAN_POINT('',(-66.99597129501,15.070748998358,
    0.21066887825));
#12297 = CARTESIAN_POINT('',(-66.9805281409,15.073908983991,
    -5.381655202329E-02));
#12298 = CARTESIAN_POINT('',(-66.9919920875,15.071632787751,
    -0.319393995154));
#12299 = CARTESIAN_POINT('',(-67.03029082345,15.063873240375,
    -0.581110841236));
#12300 = CARTESIAN_POINT('',(-67.09395735532,15.051179510016,
    -0.834124793549));
#12301 = CARTESIAN_POINT('',(-67.18015527921,15.034602292659,
    -1.07399135217));
#12302 = CARTESIAN_POINT('',(-67.28467662668,15.015476908768,
    -1.296921958432));
#12303 = CARTESIAN_POINT('',(-67.54371733873,14.970595267148,
    -1.745593632932));
#12304 = CARTESIAN_POINT('',(-67.70659602479,14.943860876329,
    -1.966435126065));
#12305 = CARTESIAN_POINT('',(-67.88590746461,14.916550119933,
    -2.162697857191));
#12306 = CARTESIAN_POINT('',(-68.07799867866,14.889974675798,
    -2.334998387525));
#12307 = CARTESIAN_POINT('',(-68.2799861959,14.865136789383,
    -2.484152628505));
#12308 = CARTESIAN_POINT('',(-68.48959159301,14.842772738877,
    -2.61101030035));
#12309 = CARTESIAN_POINT('',(-68.70502463083,14.823419732547,
    -2.716340510431));
#12310 = CARTESIAN_POINT('',(-69.16810961158,14.789797181136,
    -2.894102179708));
#12311 = CARTESIAN_POINT('',(-69.41682211367,14.7762806314,
    -2.961880081676));
#12312 = CARTESIAN_POINT('',(-69.66903251824,14.767432845807,
    -3.004805134794));
#12313 = CARTESIAN_POINT('',(-69.92307073446,14.763553836842,
    -3.023332259878));
#12314 = CARTESIAN_POINT('',(-70.17743708167,14.764759005653,
    -3.017649711137));
#12315 = CARTESIAN_POINT('',(-70.43065840644,14.770996260376,
    -2.987679479369));
#12316 = CARTESIAN_POINT('',(-70.68114732771,14.782037424199,
    -2.933068489905));
#12317 = CARTESIAN_POINT('',(-71.15246144375,14.811564972335,
    -2.779929250489));
#12318 = CARTESIAN_POINT('',(-71.3739349172,14.82934880292,
    -2.685467642593));
#12319 = CARTESIAN_POINT('',(-71.59019090438,14.850461555976,
    -2.569263687821));
#12320 = CARTESIAN_POINT('',(-71.79957819261,14.874421265282,
    -2.430572184546));
#12321 = CARTESIAN_POINT('',(-71.99997823313,14.900557777691,
    -2.268512012503));
#12322 = CARTESIAN_POINT('',(-72.18867718472,14.927941720332,
    -2.082175228075));
#12323 = CARTESIAN_POINT('',(-72.36218897156,14.95532823738,
    -1.870783341102));
#12324 = CARTESIAN_POINT('',(-72.70871304999,15.013525234176,
    -1.337183053622));
#12325 = CARTESIAN_POINT('',(-72.87868253831,15.044823090782,
    -0.987895157907));
#12326 = CARTESIAN_POINT('',(-73.00122829912,15.069753402563,
    -0.596585401154));
#12327 = CARTESIAN_POINT('',(-73.06100309425,15.082788325303,
    -0.179265592572));
#12328 = CARTESIAN_POINT('',(-73.05153063996,15.080469110399,
    0.244198705004));
#12329 = CARTESIAN_POINT('',(-72.97484227303,15.064186694205,
    0.653519418733));
#12330 = CARTESIAN_POINT('',(-72.84188571765,15.038404276752,
    1.030553028841));
#12331 = CARTESIAN_POINT('',(-72.45635640418,14.969740575827,
    1.787196909639));
#12332 = CARTESIAN_POINT('',(-72.17593422127,14.92325696423,
    2.146440173839));
#12333 = CARTESIAN_POINT('',(-71.85335679567,14.87633464525,
    2.43911758028));
#12334 = CARTESIAN_POINT('',(-71.50274716351,14.83467202685,
    2.667977570309));
#12335 = CARTESIAN_POINT('',(-71.13470106254,14.801698030888,
    2.835940659915));
#12336 = CARTESIAN_POINT('',(-70.75722348303,14.779373649551,
    2.945859529375));
#12337 = CARTESIAN_POINT('',(-70.3769889973,14.768374995239,3.));
#12338 = CARTESIAN_POINT('',(-70.,14.768374995239,3.));
#12339 = PCURVE('',#11414,#12340);
#12340 = DEFINITIONAL_REPRESENTATION('',(#12341),#12400);
#12341 = B_SPLINE_CURVE_WITH_KNOTS('',8,(#12342,#12343,#12344,#12345,
    #12346,#12347,#12348,#12349,#12350,#12351,#12352,#12353,#12354,
    #12355,#12356,#12357,#12358,#12359,#12360,#12361,#12362,#12363,
    #12364,#12365,#12366,#12367,#12368,#12369,#12370,#12371,#12372,
    #12373,#12374,#12375,#12376,#12377,#12378,#12379,#12380,#12381,
    #12382,#12383,#12384,#12385,#12386,#12387,#12388,#12389,#12390,
    #12391,#12392,#12393,#12394,#12395,#12396,#12397,#12398,#12399),
  .UNSPECIFIED.,.F.,.F.,(9,7,7,7,7,7,7,7,9),(0.,0.121314646243,
    0.230204808698,0.323168954862,0.435595695896,0.55995785359,
    0.673955879377,0.816766845638,1.),.UNSPECIFIED.);
#12342 = CARTESIAN_POINT('',(0.,14.768374995239));
#12343 = CARTESIAN_POINT('',(8.239785258266E-02,14.768374995239));
#12344 = CARTESIAN_POINT('',(0.164727768808,14.773103514352));
#12345 = CARTESIAN_POINT('',(0.247419836114,14.782547476204));
#12346 = CARTESIAN_POINT('',(0.330870725957,14.796547451672));
#12347 = CARTESIAN_POINT('',(0.415482646978,14.81479067313));
#12348 = CARTESIAN_POINT('',(0.501673246268,14.836769945924));
#12349 = CARTESIAN_POINT('',(0.5898919717,14.861722476532));
#12350 = CARTESIAN_POINT('',(0.762166918807,14.912653952344));
#12351 = CARTESIAN_POINT('',(0.846668872225,14.938545331242));
#12352 = CARTESIAN_POINT('',(0.93400274968,14.965320285241));
#12353 = CARTESIAN_POINT('',(1.024087369473,14.991735985834));
#12354 = CARTESIAN_POINT('',(1.116941120176,15.016289949751));
#12355 = CARTESIAN_POINT('',(1.212670382305,15.037335005197));
#12356 = CARTESIAN_POINT('',(1.31147725374,15.053252136687));
#12357 = CARTESIAN_POINT('',(1.501002837001,15.070748998358));
#12358 = CARTESIAN_POINT('',(1.588884369039,15.073908983991));
#12359 = CARTESIAN_POINT('',(1.676736395485,15.071632787751));
#12360 = CARTESIAN_POINT('',(1.764001641848,15.063873240375));
#12361 = CARTESIAN_POINT('',(1.850118535466,15.051179510016));
#12362 = CARTESIAN_POINT('',(1.934455442582,15.034602292659));
#12363 = CARTESIAN_POINT('',(2.016230327749,15.015476908768));
#12364 = CARTESIAN_POINT('',(2.188924135783,14.970595267148));
#12365 = CARTESIAN_POINT('',(2.279822164566,14.943860876329));
#12366 = CARTESIAN_POINT('',(2.36765007107,14.916550119933));
#12367 = CARTESIAN_POINT('',(2.452851836104,14.889974675798));
#12368 = CARTESIAN_POINT('',(2.535825659436,14.865136789383));
#12369 = CARTESIAN_POINT('',(2.616945223424,14.842772738877));
#12370 = CARTESIAN_POINT('',(2.696568751184,14.823419732547));
#12371 = CARTESIAN_POINT('',(2.861912470772,14.789797181136));
#12372 = CARTESIAN_POINT('',(2.947406643952,14.7762806314));
#12373 = CARTESIAN_POINT('',(3.032018391853,14.767432845807));
#12374 = CARTESIAN_POINT('',(3.116150669533,14.763553836842));
#12375 = CARTESIAN_POINT('',(3.200192255776,14.764759005653));
#12376 = CARTESIAN_POINT('',(3.284530856388,14.770996260376));
#12377 = CARTESIAN_POINT('',(3.369565784125,14.782037424199));
#12378 = CARTESIAN_POINT('',(3.53475544705,14.811564972335));
#12379 = CARTESIAN_POINT('',(3.614696645546,14.82934880292));
#12380 = CARTESIAN_POINT('',(3.695975472393,14.850461555976));
#12381 = CARTESIAN_POINT('',(3.778969590018,14.874421265282));
#12382 = CARTESIAN_POINT('',(3.864070007589,14.900557777691));
#12383 = CARTESIAN_POINT('',(3.951690184643,14.927941720332));
#12384 = CARTESIAN_POINT('',(4.042286792164,14.95532823738));
#12385 = CARTESIAN_POINT('',(4.254368590777,15.013525234176));
#12386 = CARTESIAN_POINT('',(4.382873182496,15.044823090782));
#12387 = CARTESIAN_POINT('',(4.517005264088,15.069753402563));
#12388 = CARTESIAN_POINT('',(4.653930896192,15.082788325303));
#12389 = CARTESIAN_POINT('',(4.791468937298,15.080469110399));
#12390 = CARTESIAN_POINT('',(4.9275398748,15.064186694205));
#12391 = CARTESIAN_POINT('',(5.059641330109,15.038404276752));
#12392 = CARTESIAN_POINT('',(5.342708423431,14.969740575827));
#12393 = CARTESIAN_POINT('',(5.491841897357,14.92325696423));
#12394 = CARTESIAN_POINT('',(5.63371074778,14.87633464525));
#12395 = CARTESIAN_POINT('',(5.769947665551,14.83467202685));
#12396 = CARTESIAN_POINT('',(5.901931172239,14.801698030888));
#12397 = CARTESIAN_POINT('',(6.030776749804,14.779373649551));
#12398 = CARTESIAN_POINT('',(6.157522308077,14.768374995239));
#12399 = CARTESIAN_POINT('',(6.28318530718,14.768374995239));
#12400 = ( GEOMETRIC_REPRESENTATION_CONTEXT(2) 
PARAMETRIC_REPRESENTATION_CONTEXT() REPRESENTATION_CONTEXT('2D SPACE',''
  ) );
#12401 = PCURVE('',#12239,#12402);
#12402 = DEFINITIONAL_REPRESENTATION('',(#12403),#12462);
#12403 = B_SPLINE_CURVE_WITH_KNOTS('',8,(#12404,#12405,#12406,#12407,
    #12408,#12409,#12410,#12411,#12412,#12413,#12414,#12415,#12416,
    #12417,#12418,#12419,#12420,#12421,#12422,#12423,#12424,#12425,
    #12426,#12427,#12428,#12429,#12430,#12431,#12432,#12433,#12434,
    #12435,#12436,#12437,#12438,#12439,#12440,#12441,#12442,#12443,
    #12444,#12445,#12446,#12447,#12448,#12449,#12450,#12451,#12452,
    #12453,#12454,#12455,#12456,#12457,#12458,#12459,#12460,#12461),
  .UNSPECIFIED.,.T.,.F.,(9,7,7,7,7,7,7,7,9),(0.,0.121314646243,
    0.230204808698,0.323168954862,0.435595695896,0.55995785359,
    0.673955879377,0.816766845638,1.),.UNSPECIFIED.);
#12404 = CARTESIAN_POINT('',(4.511979122623,25.));
#12405 = CARTESIAN_POINT('',(4.511979122623,24.752806442252));
#12406 = CARTESIAN_POINT('',(4.513555297851,24.505816424569));
#12407 = CARTESIAN_POINT('',(4.516703276667,24.260298574176));
#12408 = CARTESIAN_POINT('',(4.521438432645,24.017599434475));
#12409 = CARTESIAN_POINT('',(4.527792514492,23.779260733013));
#12410 = CARTESIAN_POINT('',(4.535810230451,23.547161704585));
#12411 = CARTESIAN_POINT('',(4.545545598861,23.323701764476));
#12412 = CARTESIAN_POINT('',(4.567391120096,22.922053426263));
#12413 = CARTESIAN_POINT('',(4.579275763247,22.739369563457));
#12414 = CARTESIAN_POINT('',(4.592729665481,22.5681905287));
#12415 = CARTESIAN_POINT('',(4.607727069812,22.412785635429));
#12416 = CARTESIAN_POINT('',(4.624202134932,22.277482610135));
#12417 = CARTESIAN_POINT('',(4.642051272386,22.166683481448));
#12418 = CARTESIAN_POINT('',(4.66113029453,22.084916294698));
#12419 = CARTESIAN_POINT('',(4.698412917782,21.995971295011));
#12420 = CARTESIAN_POINT('',(4.715961404909,21.980528140902));
#12421 = CARTESIAN_POINT('',(4.733578752392,21.991992087509));
#12422 = CARTESIAN_POINT('',(4.750945668467,22.030290823456));
#12423 = CARTESIAN_POINT('',(4.767749714953,22.093957355324));
#12424 = CARTESIAN_POINT('',(4.783700813898,22.180155279217));
#12425 = CARTESIAN_POINT('',(4.798546669773,22.284676626681));
#12426 = CARTESIAN_POINT('',(4.828467764186,22.543717338731));
#12427 = CARTESIAN_POINT('',(4.843225943889,22.706596024797));
#12428 = CARTESIAN_POINT('',(4.856371769725,22.885907464616));
#12429 = CARTESIAN_POINT('',(4.86793835593,23.077998678669));
#12430 = CARTESIAN_POINT('',(4.877971115321,23.279986195905));
#12431 = CARTESIAN_POINT('',(4.886518427926,23.489591593018));
#12432 = CARTESIAN_POINT('',(4.893624729504,23.705024630833));
#12433 = CARTESIAN_POINT('',(4.905629605376,24.168109611588));
#12434 = CARTESIAN_POINT('',(4.910215481816,24.416822113671));
#12435 = CARTESIAN_POINT('',(4.913123725521,24.669032518242));
#12436 = CARTESIAN_POINT('',(4.914379832659,24.923070734461));
#12437 = CARTESIAN_POINT('',(4.913994337849,25.177437081678));
#12438 = CARTESIAN_POINT('',(4.911962978415,25.430658406441));
#12439 = CARTESIAN_POINT('',(4.908265983377,25.68114732771));
#12440 = CARTESIAN_POINT('',(4.897916949564,26.152461443758));
#12441 = CARTESIAN_POINT('',(4.891538702778,26.373934917206));
#12442 = CARTESIAN_POINT('',(4.883701797787,26.590190904383));
#12443 = CARTESIAN_POINT('',(4.874363066645,26.799578192611));
#12444 = CARTESIAN_POINT('',(4.863471891599,26.999978233137));
#12445 = CARTESIAN_POINT('',(4.850976982207,27.188677184723));
#12446 = CARTESIAN_POINT('',(4.836835311038,27.362188971569));
#12447 = CARTESIAN_POINT('',(4.801217226977,27.70871304999));
#12448 = CARTESIAN_POINT('',(4.777951068629,27.87868253831));
#12449 = CARTESIAN_POINT('',(4.751946328448,28.001228299128));
#12450 = CARTESIAN_POINT('',(4.724272185654,28.061003094254));
#12451 = CARTESIAN_POINT('',(4.696207133464,28.051530639962));
#12452 = CARTESIAN_POINT('',(4.669042423671,27.974842273038));
#12453 = CARTESIAN_POINT('',(4.643971455124,27.841885717655));
#12454 = CARTESIAN_POINT('',(4.593556522826,27.456356404184));
#12455 = CARTESIAN_POINT('',(4.569537022448,27.175934221273));
#12456 = CARTESIAN_POINT('',(4.549879130686,26.853356795673));
#12457 = CARTESIAN_POINT('',(4.534445733429,26.502747163516));
#12458 = CARTESIAN_POINT('',(4.523087988965,26.134701062543));
#12459 = CARTESIAN_POINT('',(4.515645087697,25.757223483036));
#12460 = CARTESIAN_POINT('',(4.511979122623,25.376988997309));
#12461 = CARTESIAN_POINT('',(4.511979122623,25.));
#12462 = ( GEOMETRIC_REPRESENTATION_CONTEXT(2) 
PARAMETRIC_REPRESENTATION_CONTEXT() REPRESENTATION_CONTEXT('2D SPACE',''
  ) );
#12463 = ORIENTED_EDGE('',*,*,#12255,.T.);
#12464 = ADVANCED_FACE('',(#12465,#12519),#11504,.F.);
#12465 = FACE_BOUND('',#12466,.F.);
#12466 = EDGE_LOOP('',(#12467,#12490,#12491,#12492));
#12467 = ORIENTED_EDGE('',*,*,#12468,.T.);
#12468 = EDGE_CURVE('',#12469,#11488,#12471,.T.);
#12469 = VERTEX_POINT('',#12470);
#12470 = CARTESIAN_POINT('',(45.,3.69108545263E-15,15.07));
#12471 = SEAM_CURVE('',#12472,(#12476,#12483),.PCURVE_S1.);
#12472 = LINE('',#12473,#12474);
#12473 = CARTESIAN_POINT('',(45.,3.69108545263E-15,15.07));
#12474 = VECTOR('',#12475,1.);
#12475 = DIRECTION('',(1.,0.,0.));
#12476 = PCURVE('',#11504,#12477);
#12477 = DEFINITIONAL_REPRESENTATION('',(#12478),#12482);
#12478 = LINE('',#12479,#12480);
#12479 = CARTESIAN_POINT('',(6.28318530718,-0.));
#12480 = VECTOR('',#12481,1.);
#12481 = DIRECTION('',(0.,1.));
#12482 = ( GEOMETRIC_REPRESENTATION_CONTEXT(2) 
PARAMETRIC_REPRESENTATION_CONTEXT() REPRESENTATION_CONTEXT('2D SPACE',''
  ) );
#12483 = PCURVE('',#11504,#12484);
#12484 = DEFINITIONAL_REPRESENTATION('',(#12485),#12489);
#12485 = LINE('',#12486,#12487);
#12486 = CARTESIAN_POINT('',(0.,-0.));
#12487 = VECTOR('',#12488,1.);
#12488 = DIRECTION('',(0.,1.));
#12489 = ( GEOMETRIC_REPRESENTATION_CONTEXT(2) 
PARAMETRIC_REPRESENTATION_CONTEXT() REPRESENTATION_CONTEXT('2D SPACE',''
  ) );
#12490 = ORIENTED_EDGE('',*,*,#11487,.F.);
#12491 = ORIENTED_EDGE('',*,*,#12468,.F.);
#12492 = ORIENTED_EDGE('',*,*,#12493,.T.);
#12493 = EDGE_CURVE('',#12469,#12469,#12494,.T.);
#12494 = SURFACE_CURVE('',#12495,(#12500,#12507),.PCURVE_S1.);
#12495 = CIRCLE('',#12496,15.07);
#12496 = AXIS2_PLACEMENT_3D('',#12497,#12498,#12499);
#12497 = CARTESIAN_POINT('',(45.,0.,0.));
#12498 = DIRECTION('',(1.,0.,0.));
#12499 = DIRECTION('',(-0.,0.,1.));
#12500 = PCURVE('',#11504,#12501);
#12501 = DEFINITIONAL_REPRESENTATION('',(#12502),#12506);
#12502 = LINE('',#12503,#12504);
#12503 = CARTESIAN_POINT('',(0.,0.));
#12504 = VECTOR('',#12505,1.);
#12505 = DIRECTION('',(1.,0.));
#12506 = ( GEOMETRIC_REPRESENTATION_CONTEXT(2) 
PARAMETRIC_REPRESENTATION_CONTEXT() REPRESENTATION_CONTEXT('2D SPACE',''
  ) );
#12507 = PCURVE('',#12508,#12513);
#12508 = PLANE('',#12509);
#12509 = AXIS2_PLACEMENT_3D('',#12510,#12511,#12512);
#12510 = CARTESIAN_POINT('',(45.,0.,0.));
#12511 = DIRECTION('',(1.,0.,0.));
#12512 = DIRECTION('',(-0.,0.,1.));
#12513 = DEFINITIONAL_REPRESENTATION('',(#12514),#12518);
#12514 = CIRCLE('',#12515,15.07);
#12515 = AXIS2_PLACEMENT_2D('',#12516,#12517);
#12516 = CARTESIAN_POINT('',(0.,0.));
#12517 = DIRECTION('',(1.,0.));
#12518 = ( GEOMETRIC_REPRESENTATION_CONTEXT(2) 
PARAMETRIC_REPRESENTATION_CONTEXT() REPRESENTATION_CONTEXT('2D SPACE',''
  ) );
#12519 = FACE_BOUND('',#12520,.F.);
#12520 = EDGE_LOOP('',(#12521));
#12521 = ORIENTED_EDGE('',*,*,#11543,.F.);
#12522 = ADVANCED_FACE('',(#12523,#12577),#11753,.F.);
#12523 = FACE_BOUND('',#12524,.F.);
#12524 = EDGE_LOOP('',(#12525,#12548,#12549,#12550));
#12525 = ORIENTED_EDGE('',*,*,#12526,.T.);
#12526 = EDGE_CURVE('',#12527,#11737,#12529,.T.);
#12527 = VERTEX_POINT('',#12528);
#12528 = CARTESIAN_POINT('',(-3.69108545263E-15,47.378308582493,
    -2.720436704294));
#12529 = SEAM_CURVE('',#12530,(#12534,#12541),.PCURVE_S1.);
#12530 = LINE('',#12531,#12532);
#12531 = CARTESIAN_POINT('',(-3.69108545263E-15,47.378308582493,
    -2.720436704294));
#12532 = VECTOR('',#12533,1.);
#12533 = DIRECTION('',(0.,0.928476690885,-0.371390676354));
#12534 = PCURVE('',#11753,#12535);
#12535 = DEFINITIONAL_REPRESENTATION('',(#12536),#12540);
#12536 = LINE('',#12537,#12538);
#12537 = CARTESIAN_POINT('',(6.28318530718,-0.));
#12538 = VECTOR('',#12539,1.);
#12539 = DIRECTION('',(0.,1.));
#12540 = ( GEOMETRIC_REPRESENTATION_CONTEXT(2) 
PARAMETRIC_REPRESENTATION_CONTEXT() REPRESENTATION_CONTEXT('2D SPACE',''
  ) );
#12541 = PCURVE('',#11753,#12542);
#12542 = DEFINITIONAL_REPRESENTATION('',(#12543),#12547);
#12543 = LINE('',#12544,#12545);
#12544 = CARTESIAN_POINT('',(0.,-0.));
#12545 = VECTOR('',#12546,1.);
#12546 = DIRECTION('',(0.,1.));
#12547 = ( GEOMETRIC_REPRESENTATION_CONTEXT(2) 
PARAMETRIC_REPRESENTATION_CONTEXT() REPRESENTATION_CONTEXT('2D SPACE',''
  ) );
#12548 = ORIENTED_EDGE('',*,*,#11736,.F.);
#12549 = ORIENTED_EDGE('',*,*,#12526,.F.);
#12550 = ORIENTED_EDGE('',*,*,#12551,.T.);
#12551 = EDGE_CURVE('',#12527,#12527,#12552,.T.);
#12552 = SURFACE_CURVE('',#12553,(#12558,#12565),.PCURVE_S1.);
#12553 = CIRCLE('',#12554,15.07);
#12554 = AXIS2_PLACEMENT_3D('',#12555,#12556,#12557);
#12555 = CARTESIAN_POINT('',(0.,41.781451089837,-16.71258043593));
#12556 = DIRECTION('',(0.,0.928476690885,-0.371390676354));
#12557 = DIRECTION('',(0.,0.371390676354,0.928476690885));
#12558 = PCURVE('',#11753,#12559);
#12559 = DEFINITIONAL_REPRESENTATION('',(#12560),#12564);
#12560 = LINE('',#12561,#12562);
#12561 = CARTESIAN_POINT('',(0.,0.));
#12562 = VECTOR('',#12563,1.);
#12563 = DIRECTION('',(1.,0.));
#12564 = ( GEOMETRIC_REPRESENTATION_CONTEXT(2) 
PARAMETRIC_REPRESENTATION_CONTEXT() REPRESENTATION_CONTEXT('2D SPACE',''
  ) );
#12565 = PCURVE('',#12566,#12571);
#12566 = PLANE('',#12567);
#12567 = AXIS2_PLACEMENT_3D('',#12568,#12569,#12570);
#12568 = CARTESIAN_POINT('',(0.,41.781451089837,-16.71258043593));
#12569 = DIRECTION('',(0.,0.928476690885,-0.371390676354));
#12570 = DIRECTION('',(0.,0.371390676354,0.928476690885));
#12571 = DEFINITIONAL_REPRESENTATION('',(#12572),#12576);
#12572 = CIRCLE('',#12573,15.07);
#12573 = AXIS2_PLACEMENT_2D('',#12574,#12575);
#12574 = CARTESIAN_POINT('',(0.,0.));
#12575 = DIRECTION('',(1.,0.));
#12576 = ( GEOMETRIC_REPRESENTATION_CONTEXT(2) 
PARAMETRIC_REPRESENTATION_CONTEXT() REPRESENTATION_CONTEXT('2D SPACE',''
  ) );
#12577 = FACE_BOUND('',#12578,.F.);
#12578 = EDGE_LOOP('',(#12579));
#12579 = ORIENTED_EDGE('',*,*,#11792,.F.);
#12580 = ADVANCED_FACE('',(#12581,#12635),#11996,.F.);
#12581 = FACE_BOUND('',#12582,.F.);
#12582 = EDGE_LOOP('',(#12583,#12606,#12607,#12608));
#12583 = ORIENTED_EDGE('',*,*,#12584,.T.);
#12584 = EDGE_CURVE('',#12585,#11980,#12587,.T.);
#12585 = VERTEX_POINT('',#12586);
#12586 = CARTESIAN_POINT('',(-3.69108545263E-15,-36.18459359718,
    -30.70472416757));
#12587 = SEAM_CURVE('',#12588,(#12592,#12599),.PCURVE_S1.);
#12588 = LINE('',#12589,#12590);
#12589 = CARTESIAN_POINT('',(-3.69108545263E-15,-36.18459359718,
    -30.70472416757));
#12590 = VECTOR('',#12591,1.);
#12591 = DIRECTION('',(0.,-0.928476690885,-0.371390676354));
#12592 = PCURVE('',#11996,#12593);
#12593 = DEFINITIONAL_REPRESENTATION('',(#12594),#12598);
#12594 = LINE('',#12595,#12596);
#12595 = CARTESIAN_POINT('',(6.28318530718,-0.));
#12596 = VECTOR('',#12597,1.);
#12597 = DIRECTION('',(0.,1.));
#12598 = ( GEOMETRIC_REPRESENTATION_CONTEXT(2) 
PARAMETRIC_REPRESENTATION_CONTEXT() REPRESENTATION_CONTEXT('2D SPACE',''
  ) );
#12599 = PCURVE('',#11996,#12600);
#12600 = DEFINITIONAL_REPRESENTATION('',(#12601),#12605);
#12601 = LINE('',#12602,#12603);
#12602 = CARTESIAN_POINT('',(0.,-0.));
#12603 = VECTOR('',#12604,1.);
#12604 = DIRECTION('',(0.,1.));
#12605 = ( GEOMETRIC_REPRESENTATION_CONTEXT(2) 
PARAMETRIC_REPRESENTATION_CONTEXT() REPRESENTATION_CONTEXT('2D SPACE',''
  ) );
#12606 = ORIENTED_EDGE('',*,*,#11979,.F.);
#12607 = ORIENTED_EDGE('',*,*,#12584,.F.);
#12608 = ORIENTED_EDGE('',*,*,#12609,.T.);
#12609 = EDGE_CURVE('',#12585,#12585,#12610,.T.);
#12610 = SURFACE_CURVE('',#12611,(#12616,#12623),.PCURVE_S1.);
#12611 = CIRCLE('',#12612,15.07);
#12612 = AXIS2_PLACEMENT_3D('',#12613,#12614,#12615);
#12613 = CARTESIAN_POINT('',(0.,-41.78145108983,-16.71258043593));
#12614 = DIRECTION('',(0.,-0.928476690885,-0.371390676354));
#12615 = DIRECTION('',(0.,0.371390676354,-0.928476690885));
#12616 = PCURVE('',#11996,#12617);
#12617 = DEFINITIONAL_REPRESENTATION('',(#12618),#12622);
#12618 = LINE('',#12619,#12620);
#12619 = CARTESIAN_POINT('',(0.,0.));
#12620 = VECTOR('',#12621,1.);
#12621 = DIRECTION('',(1.,0.));
#12622 = ( GEOMETRIC_REPRESENTATION_CONTEXT(2) 
PARAMETRIC_REPRESENTATION_CONTEXT() REPRESENTATION_CONTEXT('2D SPACE',''
  ) );
#12623 = PCURVE('',#12624,#12629);
#12624 = PLANE('',#12625);
#12625 = AXIS2_PLACEMENT_3D('',#12626,#12627,#12628);
#12626 = CARTESIAN_POINT('',(0.,-41.78145108983,-16.71258043593));
#12627 = DIRECTION('',(0.,-0.928476690885,-0.371390676354));
#12628 = DIRECTION('',(0.,0.371390676354,-0.928476690885));
#12629 = DEFINITIONAL_REPRESENTATION('',(#12630),#12634);
#12630 = CIRCLE('',#12631,15.07);
#12631 = AXIS2_PLACEMENT_2D('',#12632,#12633);
#12632 = CARTESIAN_POINT('',(0.,0.));
#12633 = DIRECTION('',(1.,0.));
#12634 = ( GEOMETRIC_REPRESENTATION_CONTEXT(2) 
PARAMETRIC_REPRESENTATION_CONTEXT() REPRESENTATION_CONTEXT('2D SPACE',''
  ) );
#12635 = FACE_BOUND('',#12636,.F.);
#12636 = EDGE_LOOP('',(#12637));
#12637 = ORIENTED_EDGE('',*,*,#12035,.F.);
#12638 = ADVANCED_FACE('',(#12639,#12693),#12239,.F.);
#12639 = FACE_BOUND('',#12640,.F.);
#12640 = EDGE_LOOP('',(#12641,#12664,#12665,#12666));
#12641 = ORIENTED_EDGE('',*,*,#12642,.T.);
#12642 = EDGE_CURVE('',#12643,#12223,#12645,.T.);
#12643 = VERTEX_POINT('',#12644);
#12644 = CARTESIAN_POINT('',(-45.,3.69108545263E-15,-15.07));
#12645 = SEAM_CURVE('',#12646,(#12650,#12657),.PCURVE_S1.);
#12646 = LINE('',#12647,#12648);
#12647 = CARTESIAN_POINT('',(-45.,3.69108545263E-15,-15.07));
#12648 = VECTOR('',#12649,1.);
#12649 = DIRECTION('',(-1.,0.,0.));
#12650 = PCURVE('',#12239,#12651);
#12651 = DEFINITIONAL_REPRESENTATION('',(#12652),#12656);
#12652 = LINE('',#12653,#12654);
#12653 = CARTESIAN_POINT('',(6.28318530718,-0.));
#12654 = VECTOR('',#12655,1.);
#12655 = DIRECTION('',(0.,1.));
#12656 = ( GEOMETRIC_REPRESENTATION_CONTEXT(2) 
PARAMETRIC_REPRESENTATION_CONTEXT() REPRESENTATION_CONTEXT('2D SPACE',''
  ) );
#12657 = PCURVE('',#12239,#12658);
#12658 = DEFINITIONAL_REPRESENTATION('',(#12659),#12663);
#12659 = LINE('',#12660,#12661);
#12660 = CARTESIAN_POINT('',(0.,-0.));
#12661 = VECTOR('',#12662,1.);
#12662 = DIRECTION('',(0.,1.));
#12663 = ( GEOMETRIC_REPRESENTATION_CONTEXT(2) 
PARAMETRIC_REPRESENTATION_CONTEXT() REPRESENTATION_CONTEXT('2D SPACE',''
  ) );
#12664 = ORIENTED_EDGE('',*,*,#12222,.F.);
#12665 = ORIENTED_EDGE('',*,*,#12642,.F.);
#12666 = ORIENTED_EDGE('',*,*,#12667,.T.);
#12667 = EDGE_CURVE('',#12643,#12643,#12668,.T.);
#12668 = SURFACE_CURVE('',#12669,(#12674,#12681),.PCURVE_S1.);
#12669 = CIRCLE('',#12670,15.07);
#12670 = AXIS2_PLACEMENT_3D('',#12671,#12672,#12673);
#12671 = CARTESIAN_POINT('',(-45.,0.,0.));
#12672 = DIRECTION('',(-1.,0.,0.));
#12673 = DIRECTION('',(0.,0.,-1.));
#12674 = PCURVE('',#12239,#12675);
#12675 = DEFINITIONAL_REPRESENTATION('',(#12676),#12680);
#12676 = LINE('',#12677,#12678);
#12677 = CARTESIAN_POINT('',(0.,0.));
#12678 = VECTOR('',#12679,1.);
#12679 = DIRECTION('',(1.,0.));
#12680 = ( GEOMETRIC_REPRESENTATION_CONTEXT(2) 
PARAMETRIC_REPRESENTATION_CONTEXT() REPRESENTATION_CONTEXT('2D SPACE',''
  ) );
#12681 = PCURVE('',#12682,#12687);
#12682 = PLANE('',#12683);
#12683 = AXIS2_PLACEMENT_3D('',#12684,#12685,#12686);
#12684 = CARTESIAN_POINT('',(-45.,0.,0.));
#12685 = DIRECTION('',(-1.,0.,0.));
#12686 = DIRECTION('',(0.,0.,-1.));
#12687 = DEFINITIONAL_REPRESENTATION('',(#12688),#12692);
#12688 = CIRCLE('',#12689,15.07);
#12689 = AXIS2_PLACEMENT_2D('',#12690,#12691);
#12690 = CARTESIAN_POINT('',(0.,0.));
#12691 = DIRECTION('',(1.,0.));
#12692 = ( GEOMETRIC_REPRESENTATION_CONTEXT(2) 
PARAMETRIC_REPRESENTATION_CONTEXT() REPRESENTATION_CONTEXT('2D SPACE',''
  ) );
#12693 = FACE_BOUND('',#12694,.F.);
#12694 = EDGE_LOOP('',(#12695));
#12695 = ORIENTED_EDGE('',*,*,#12278,.F.);
#12696 = ADVANCED_FACE('',(#12697),#12508,.T.);
#12697 = FACE_BOUND('',#12698,.F.);
#12698 = EDGE_LOOP('',(#12699));
#12699 = ORIENTED_EDGE('',*,*,#12493,.F.);
#12700 = ADVANCED_FACE('',(#12701),#12566,.T.);
#12701 = FACE_BOUND('',#12702,.F.);
#12702 = EDGE_LOOP('',(#12703));
#12703 = ORIENTED_EDGE('',*,*,#12551,.F.);
#12704 = ADVANCED_FACE('',(#12705),#12624,.T.);
#12705 = FACE_BOUND('',#12706,.F.);
#12706 = EDGE_LOOP('',(#12707));
#12707 = ORIENTED_EDGE('',*,*,#12609,.F.);
#12708 = ADVANCED_FACE('',(#12709),#12682,.T.);
#12709 = FACE_BOUND('',#12710,.F.);
#12710 = EDGE_LOOP('',(#12711));
#12711 = ORIENTED_EDGE('',*,*,#12667,.F.);
#12712 = ( GEOMETRIC_REPRESENTATION_CONTEXT(3) 
GLOBAL_UNCERTAINTY_ASSIGNED_CONTEXT((#12716)) 
GLOBAL_UNIT_ASSIGNED_CONTEXT((#12713,#12714,#12715)) 
REPRESENTATION_CONTEXT('Context #1',
  '3D Context with UNIT and UNCERTAINTY') );
#12713 = ( LENGTH_UNIT() NAMED_UNIT(*) SI_UNIT(.MILLI.,.METRE.) );
#12714 = ( NAMED_UNIT(*) PLANE_ANGLE_UNIT() SI_UNIT($,.RADIAN.) );
#12715 = ( NAMED_UNIT(*) SI_UNIT($,.STERADIAN.) SOLID_ANGLE_UNIT() );
#12716 = UNCERTAINTY_MEASURE_WITH_UNIT(LENGTH_MEASURE(1.E-07),#12713,
  'distance_accuracy_value','confusion accuracy');
#12717 = CONTEXT_DEPENDENT_SHAPE_REPRESENTATION(#12718,#12720);
#12718 = ( REPRESENTATION_RELATIONSHIP('','',#9981,#10) 
REPRESENTATION_RELATIONSHIP_WITH_TRANSFORMATION(#12719) 
SHAPE_REPRESENTATION_RELATIONSHIP() );
#12719 = ITEM_DEFINED_TRANSFORMATION('','',#11,#27);
#12720 = PRODUCT_DEFINITION_SHAPE('Placement','Placement of an item',
  #12721);
#12721 = NEXT_ASSEMBLY_USAGE_OCCURRENCE('57','S ridge-middle x1','',#5,
  #9976,$);
#12722 = PRODUCT_RELATED_PRODUCT_CATEGORY('part',$,(#9978));
ENDSEC;
END-ISO-10303-21;
